match_no,date,stage,home,away,home_goals,away_goals,k,margin_multiplier,home_elo_before,away_elo_before,expected_home,actual_home,elo_delta_home,home_elo_after,away_elo_after
1,2026-02-07,regional,栃木シティ,ベガルタ仙台,1,4,10.0,1.3862943611198906,1520.1937894351202,1537.5540943609476,0.5468345971383458,0.0,-7.580737184781559,1512.6130522503386,1545.1348315457292
2,2026-02-07,regional,横浜ＦＣ,モンテディオ山形,1,2,10.0,1.0,1506.311140691938,1547.7599031948275,0.5123037356721631,0.0,-5.123037356721632,1501.1881033352163,1552.8829405515492
3,2026-02-07,regional,湘南ベルマーレ,ブラウブリッツ秋田,1,2,10.0,1.0,1458.959135054206,1456.5208118765186,0.5748969636621805,0.0,-5.748969636621805,1453.2101654175842,1462.2697815131403
4,2026-02-07,regional,ＲＢ大宮アルディージャ,松本山雅ＦＣ,2,1,10.0,1.0,1551.8089347751636,1407.0464624975407,0.7542006535946744,1.0,2.4579934640532564,1554.266928239217,1404.5884690334874
5,2026-02-07,regional,ヴァンフォーレ甲府,福島ユナイテッドＦＣ,4,1,10.0,1.3862943611198906,1455.178487299256,1440.6432516086634,0.5918200961865066,1.0,5.658574989791053,1460.837062289047,1434.9846766188723
6,2026-02-07,regional,ジュビロ磐田,ＡＣ長野パルセイロ,0,0,10.0,1.0,1529.114239081645,1318.202305908913,0.8178621255868851,0.5,-3.178621255868851,1525.9356178257763,1321.380927164782
7,2026-02-07,regional,奈良クラブ,徳島ヴォルティス,0,6,10.0,1.75,1430.4413994273675,1573.8268927314853,0.36875301697598717,0.0,-6.453177797079776,1423.9882216302876,1580.2800705285651
8,2026-02-07,regional,ギラヴァンツ北九州,ガイナーレ鳥取,1,3,10.0,1.0986122886681098,1437.3677132723706,1412.838766288169,0.6056403710077432,0.0,-6.653639541026198,1430.7140737313443,1419.4924058291951
9,2026-02-08,regional,藤枝ＭＹＦＣ,ＦＣ岐阜,0,2,10.0,1.0986122886681098,1430.6371372478952,1417.8158779708774,0.5894345273019213,0.0,-6.475600150591692,1424.1615370973036,1424.291478121469
10,2026-02-08,regional,いわきＦＣ,北海道コンサドーレ札幌,1,0,10.0,1.0,1541.4893503971073,1477.4641024689963,0.6584472075541654,1.0,3.415527924458346,1544.9048783215655,1474.048574544538
11,2026-02-08,regional,愛媛ＦＣ,アルビレックス新潟,0,1,10.0,1.0,1350.7643364139208,1429.4888744850432,0.4587559956766982,0.0,-4.587559956766983,1346.176776457154,1434.07643444181
12,2026-02-08,regional,ＦＣ大阪,カマタマーレ讃岐,0,1,10.0,1.0,1497.469778651621,1356.9774297816286,0.749615393961454,0.0,-7.4961539396145405,1489.9736247120065,1364.4735837212431
13,2026-02-08,regional,ＦＣ今治,ツエーゲン金沢,0,0,10.0,1.0,1505.4303806905837,1450.7391047689937,0.6462626766923043,0.5,-1.462626766923043,1503.9677539236607,1452.2017315359167
14,2026-02-08,regional,高知ユナイテッドSC,カターレ富山,3,1,10.0,1.0986122886681098,1338.204662112124,1442.737323774688,0.4221593633341495,1.0,6.3482282433290775,1344.552890355453,1436.389095531359
15,2026-02-08,regional,ロアッソ熊本,レノファ山口ＦＣ,2,1,10.0,1.0,1428.7647698829742,1444.1856637691094,0.549599671164206,1.0,4.504003288357939,1433.2687731713322,1439.6816604807514
16,2026-02-08,regional,鹿児島ユナイテッドＦＣ,テゲバジャーロ宮崎,2,3,10.0,1.0,1483.9872559934995,1483.4267226088623,0.5722531283098908,0.0,-5.722531283098908,1478.2647247104005,1489.1492538919613
17,2026-02-08,regional,ＦＣ琉球,サガン鳥栖,2,2,10.0,1.0,1356.6784554141773,1508.4538802661243,0.3575838458848327,0.5,1.4241615411516728,1358.102616955329,1507.0297187249726
18,2026-02-14,regional,ザスパ群馬,ヴァンラーレ八戸,0,1,10.0,1.0,1403.1884914092273,1505.4541759045946,0.4253459267224173,0.0,-4.253459267224173,1398.9350321420031,1509.7076351718188
19,2026-02-14,regional,横浜ＦＣ,ベガルタ仙台,0,1,10.0,1.0,1501.1881033352163,1545.1348315457292,0.5087104770261085,0.0,-5.087104770261085,1496.1009985649553,1550.2219363159902
20,2026-02-14,regional,湘南ベルマーレ,ＳＣ相模原,4,0,10.0,1.6094379124341003,1453.2101654175842,1394.015153063519,0.6521667356403889,1.0,5.598160428660711,1458.808325846245,1388.4169926348582
21,2026-02-14,regional,ＲＢ大宮アルディージャ,北海道コンサドーレ札幌,3,2,10.0,1.0,1554.266928239217,1474.048574544538,0.6790909029735968,1.0,3.2090909702640324,1557.476019209481,1470.839483574274
22,2026-02-14,regional,ヴァンフォーレ甲府,ＡＣ長野パルセイロ,2,0,10.0,1.0986122886681098,1460.837062289047,1321.380927164782,0.7484941580556724,1.0,2.763074086318576,1463.6001363753655,1318.6178530784634
23,2026-02-14,regional,藤枝ＭＹＦＣ,松本山雅ＦＣ,2,0,10.0,1.0986122886681098,1424.1615370973036,1404.5884690334874,0.5988065289545382,1.0,4.407560774239578,1428.5690978715431,1400.1809082592479
24,2026-02-14,regional,奈良クラブ,ＦＣ今治,1,0,10.0,1.0,1423.9882216302876,1503.9677539236607,0.45696274499732975,1.0,5.4303725500267035,1429.4185941803144,1498.537381373634
25,2026-02-15,regional,栃木ＳＣ,モンテディオ山形,1,2,10.0,1.0,1457.670714349791,1552.8829405515492,0.43529918216191726,0.0,-4.352991821619173,1453.317722528172,1557.2359323731682
26,2026-02-15,regional,栃木シティ,ブラウブリッツ秋田,0,1,10.0,1.0,1512.6130522503386,1462.2697815131403,0.6405201139274888,0.0,-6.4052011392748875,1506.2078511110637,1468.674982652415
27,2026-02-15,regional,いわきＦＣ,福島ユナイテッドＦＣ,3,1,10.0,1.0986122886681098,1544.9048783215655,1434.9846766188723,0.7151591864993782,1.0,3.129296180260044,1548.0341745018256,1431.8553804386122
28,2026-02-15,regional,ＦＣ岐阜,ジュビロ磐田,2,1,10.0,1.0,1424.291478121469,1525.9356178257763,0.4262206938415067,1.0,5.737793061584933,1430.0292711830539,1520.1978247641914
29,2026-02-15,regional,ＦＣ大阪,高知ユナイテッドSC,2,2,10.0,1.0,1489.9736247120065,1344.552890355453,0.7549024376845979,0.5,-2.5490243768459786,1487.4246003351604,1347.101914732299
30,2026-02-15,regional,カマタマーレ讃岐,カターレ富山,1,5,10.0,1.6094379124341003,1364.4735837212431,1436.389095531359,0.4685028060955403,0.0,-7.540261782119245,1356.933321939124,1443.9293573134782
31,2026-02-15,regional,徳島ヴォルティス,アルビレックス新潟,4,0,10.0,1.6094379124341003,1580.2800705285651,1434.07643444181,0.7557353387413409,1.0,3.9312880649755892,1584.2113585935408,1430.1451463768344
32,2026-02-15,regional,愛媛ＦＣ,ツエーゲン金沢,2,2,10.0,1.0,1346.176776457154,1452.2017315359167,0.4200652438751987,0.5,0.7993475612480128,1346.9761240184018,1451.4023839746687
33,2026-02-15,regional,レノファ山口ＦＣ,レイラック滋賀ＦＣ,2,1,10.0,1.0,1439.6816604807514,1350.0,0.6908449052152966,1.0,3.0915509478470335,1442.7732114285984,1346.908449052153
34,2026-02-15,regional,サガン鳥栖,ロアッソ熊本,1,1,10.0,1.0,1507.0297187249726,1433.2687731713322,0.6709368343627,0.5,-1.7093683436270002,1505.3203503813456,1434.9781415149591
35,2026-02-15,regional,大分トリニータ,ギラヴァンツ北九州,2,0,10.0,1.0986122886681098,1415.193603456943,1430.7140737313443,0.5494577753559655,1.0,4.949712245578044,1420.143315702521,1425.7643614857664
36,2026-02-15,regional,テゲバジャーロ宮崎,ガイナーレ鳥取,3,1,10.0,1.0986122886681098,1489.1492538919613,1419.4924058291951,0.6656999691508714,1.0,3.672661219929809,1492.821915111891,1415.8197446092654
37,2026-02-15,regional,鹿児島ユナイテッドＦＣ,ＦＣ琉球,3,1,10.0,1.0986122886681098,1478.2647247104005,1358.102616955329,0.7270153116552954,1.0,2.9990433323372656,1481.2637680427379,1355.1035736229917
38,2026-02-21,regional,ザスパ群馬,モンテディオ山形,1,1,10.0,1.0,1398.9350321420031,1557.2359323731682,0.34900173215145963,0.5,1.5099826784854038,1400.4450148204885,1555.7259496946829
39,2026-02-21,regional,湘南ベルマーレ,ヴァンラーレ八戸,1,0,10.0,1.0,1458.808325846245,1509.7076351718188,0.49870579273594984,1.0,5.012942072640501,1463.8212679188855,1504.6946930991783
40,2026-02-21,regional,ＳＣ相模原,ブラウブリッツ秋田,1,2,10.0,1.0,1388.4169926348582,1468.674982652415,0.4565650086009554,0.0,-4.565650086009554,1383.8513425488486,1473.2406327384247
41,2026-02-21,regional,ＲＢ大宮アルディージャ,福島ユナイテッドＦＣ,6,0,10.0,1.75,1557.476019209481,1431.8553804386122,0.7332067409760235,1.0,4.66888203291959,1562.1449012424005,1427.1864984056926
42,2026-02-21,regional,ＡＣ長野パルセイロ,北海道コンサドーレ札幌,1,1,10.0,1.0,1318.6178530784634,1470.839483574274,0.35699401701765715,0.5,1.4300598298234286,1320.047912908287,1469.4094237444506
43,2026-02-21,regional,ジュビロ磐田,松本山雅ＦＣ,1,2,10.0,1.0,1520.1978247641914,1400.1809082592479,0.7268494063125881,0.0,-7.268494063125881,1512.9293307010655,1407.4494023223738
44,2026-02-21,regional,藤枝ＭＹＦＣ,ヴァンフォーレ甲府,1,1,10.0,1.0,1428.5690978715431,1463.6001363753655,0.5215287480372761,0.5,-0.21528748037276113,1428.3538103911703,1463.8154238557383
45,2026-02-21,regional,奈良クラブ,愛媛ＦＣ,2,2,10.0,1.0,1429.4185941803144,1346.9761240184018,0.6818746039886082,0.5,-1.8187460398860822,1427.5998481404283,1348.7948700582879
46,2026-02-21,regional,テゲバジャーロ宮崎,サガン鳥栖,2,1,10.0,1.0,1492.821915111891,1505.3203503813456,0.5537604704411366,1.0,4.4623952955886335,1497.2843104074796,1500.857955085757
47,2026-02-21,regional,ＦＣ琉球,レイラック滋賀ＦＣ,0,0,10.0,1.0,1355.1035736229917,1346.908449052153,0.5829749839690084,0.5,-0.8297498396900838,1354.2738237833016,1347.738198891843
48,2026-02-22,regional,栃木ＳＣ,ベガルタ仙台,1,2,10.0,1.0,1453.317722528172,1550.2219363159902,0.4329065159855509,0.0,-4.329065159855509,1448.9886573683166,1554.5510014758456
49,2026-02-22,regional,横浜ＦＣ,栃木シティ,5,1,10.0,1.6094379124341003,1496.1009985649553,1506.2078511110637,0.5571598755902694,1.0,7.127236853720541,1503.2282354186757,1499.0806142573433
50,2026-02-22,regional,ＦＣ岐阜,いわきＦＣ,0,0,10.0,1.0,1430.0292711830539,1548.0341745018256,0.4033640338194051,0.5,0.9663596618059489,1430.9956308448598,1547.0678148400198
51,2026-02-22,regional,カマタマーレ讃岐,アルビレックス新潟,0,3,10.0,1.3862943611198906,1356.933321939124,1430.1451463768344,0.4666451105358809,0.0,-6.469074853800598,1350.4642470853234,1436.614221230635
52,2026-02-22,regional,徳島ヴォルティス,カターレ富山,1,3,10.0,1.0986122886681098,1584.2113585935408,1443.9293573134782,0.7493880567175885,0.0,-8.232869280910572,1575.9784893126302,1452.1622265943888
53,2026-02-22,regional,ＦＣ今治,ＦＣ大阪,2,0,10.0,1.0986122886681098,1498.537381373634,1487.4246003351604,0.5870524173620227,1.0,4.536692888618716,1503.0740742622527,1482.8879074465417
54,2026-02-22,regional,高知ユナイテッドSC,ツエーゲン金沢,3,2,10.0,1.0,1347.101914732299,1451.4023839746687,0.4224854502437952,1.0,5.775145497562049,1352.8770602298612,1445.6272384771066
55,2026-02-22,regional,ロアッソ熊本,ギラヴァンツ北九州,4,1,10.0,1.3862943611198906,1434.9781415149591,1425.7643614857664,0.5843998779146873,1.0,5.7614410572760715,1440.7395825722351,1420.0029204284904
56,2026-02-22,regional,大分トリニータ,ガイナーレ鳥取,2,0,10.0,1.0986122886681098,1420.143315702521,1415.8197446092654,0.5775469966168498,1.0,4.641120609014793,1424.7844363115357,1411.1786240002507
57,2026-02-22,regional,鹿児島ユナイテッドＦＣ,レノファ山口ＦＣ,1,0,10.0,1.0,1481.2637680427379,1442.7732114285984,0.624664072905099,1.0,3.7533592709490105,1485.0171273136868,1439.0198521576494
58,2026-02-25,regional,大分トリニータ,レイラック滋賀ＦＣ,2,0,10.0,1.0986122886681098,1424.7844363115357,1347.738198891843,0.6750985842982969,1.0,3.5694068789555695,1428.3538431904913,1344.1687920128875
59,2026-02-28,regional,ベガルタ仙台,ヴァンラーレ八戸,0,0,10.0,1.0,1554.5510014758456,1504.6946930991783,0.6398744161698946,0.5,-1.398744161698946,1553.1522573141467,1506.0934372608772
60,2026-02-28,regional,栃木シティ,湘南ベルマーレ,1,3,10.0,1.0986122886681098,1499.0806142573433,1463.8212679188855,0.6202930483813153,0.0,-6.814615655271154,1492.2659986020722,1470.6358835741567
61,2026-02-28,regional,ザスパ群馬,ブラウブリッツ秋田,3,2,10.0,1.0,1400.4450148204885,1473.2406327384247,0.46724146170749914,1.0,5.327585382925008,1405.7726002034135,1467.9130473554997
62,2026-02-28,regional,北海道コンサドーレ札幌,ＦＣ岐阜,1,2,10.0,1.0,1469.4094237444506,1430.9956308448598,0.6245604627646274,0.0,-6.245604627646274,1463.1638191168042,1437.241235472506
63,2026-02-28,regional,ヴァンフォーレ甲府,松本山雅ＦＣ,1,0,10.0,1.0,1463.8154238557383,1407.4494023223738,0.648463469695444,1.0,3.5153653030455603,1467.330789158784,1403.9340370193281
64,2026-02-28,regional,ＡＣ長野パルセイロ,ＲＢ大宮アルディージャ,1,2,10.0,1.0,1320.047912908287,1562.1449012424005,0.24865488526073445,0.0,-2.4865488526073447,1317.5613640556796,1564.6314500950077
65,2026-02-28,regional,ジュビロ磐田,福島ユナイテッドＦＣ,0,0,10.0,1.0,1512.9293307010655,1427.1864984056926,0.6859814563250611,0.5,-1.8598145632506113,1511.0695161378148,1429.0463129689433
66,2026-02-28,regional,カターレ富山,ＦＣ大阪,0,0,10.0,1.0,1452.1622265943888,1482.8879074465417,0.5277095546645114,0.5,-0.27709554664511415,1451.8851310477437,1483.1650029931868
67,2026-02-28,regional,愛媛ＦＣ,徳島ヴォルティス,0,1,10.0,1.0,1348.7948700582879,1575.9784893126302,0.26503696452515646,0.0,-2.6503696452515646,1346.1445004130362,1578.628858957882
68,2026-02-28,regional,ギラヴァンツ北九州,レイラック滋賀ＦＣ,1,2,10.0,1.0,1420.0029204284904,1344.1687920128875,0.6735662788971027,0.0,-6.735662788971028,1413.2672576395194,1350.9044548018585
69,2026-02-28,regional,サガン鳥栖,鹿児島ユナイテッドＦＣ,0,1,10.0,1.0,1500.857955085757,1485.0171273136868,0.5936343702564301,0.0,-5.936343702564301,1494.9216113831928,1490.9534710162511
70,2026-02-28,regional,ＦＣ琉球,テゲバジャーロ宮崎,0,2,10.0,1.0986122886681098,1354.2738237833016,1497.2843104074796,0.3692556517066588,0.0,-4.056687966250869,1350.2171358170508,1501.3409983737304
71,2026-03-01,regional,栃木ＳＣ,横浜ＦＣ,4,0,10.0,1.6094379124341003,1448.9886573683166,1503.2282354186757,0.4938990595462943,1.0,8.14538041084747,1457.1340377791641,1495.0828550078281
72,2026-03-01,regional,ＳＣ相模原,モンテディオ山形,2,1,10.0,1.0,1383.8513425488486,1555.7259496946829,0.33146497645832995,1.0,6.685350235416701,1390.5366927842654,1549.040599459266
73,2026-03-01,regional,いわきＦＣ,藤枝ＭＹＦＣ,1,2,10.0,1.0,1547.0678148400198,1428.3538103911703,0.7253577976702865,0.0,-7.253577976702865,1539.8142368633169,1435.6073883678732
74,2026-03-01,regional,ＦＣ今治,アルビレックス新潟,0,2,10.0,1.0986122886681098,1503.0740742622527,1436.614221230635,0.6615920045189169,0.0,-7.268331062490497,1495.8057431997622,1443.8825522931254
75,2026-03-01,regional,高知ユナイテッドSC,奈良クラブ,2,0,10.0,1.0986122886681098,1352.8770602298612,1427.5998481404283,0.4644809775259479,1.0,5.883277789055272,1358.7603380189164,1421.716570351373
76,2026-03-01,regional,ツエーゲン金沢,カマタマーレ讃岐,1,0,10.0,1.0,1445.6272384771066,1350.4642470853234,0.6975430650121682,1.0,3.024569349878318,1448.6518078269849,1347.4396777354452
77,2026-03-01,regional,レノファ山口ＦＣ,ガイナーレ鳥取,0,0,10.0,1.0,1439.0198521576494,1411.1786240002507,0.6101850491579602,0.5,-1.1018504915796024,1437.9180016660698,1412.2804744918303
78,2026-03-01,regional,ロアッソ熊本,大分トリニータ,3,1,10.0,1.0986122886681098,1440.7395825722351,1428.3538431904913,0.588827680801473,1.0,4.517189626316684,1445.2567721985517,1423.8366535641746
79,2026-03-04,regional,ＳＣ相模原,ザスパ群馬,5,0,10.0,1.75,1390.5366927842654,1405.7726002034135,0.549863254433212,1.0,7.877393047418789,1398.4140858316841,1397.8952071559947
80,2026-03-06,regional,ＦＣ大阪,奈良クラブ,2,0,10.0,1.0986122886681098,1483.1650029931868,1421.716570351373,0.6551034734967852,1.0,3.789075623353782,1486.9540786165405,1417.9274947280194
81,2026-03-07,regional,ベガルタ仙台,湘南ベルマーレ,1,1,10.0,1.0,1553.1522573141467,1470.6358835741567,0.6819668803392511,0.5,-1.8196688033925112,1551.3325885107542,1472.455552377549
82,2026-03-07,regional,いわきＦＣ,ＲＢ大宮アルディージャ,1,1,10.0,1.0,1539.8142368633169,1564.6314500950077,0.5361776110404851,0.5,-0.36177611040485114,1539.452460752912,1564.9932262054126
83,2026-03-07,regional,松本山雅ＦＣ,北海道コンサドーレ札幌,3,0,10.0,1.3862943611198906,1403.9340370193281,1463.1638191168042,0.4867203995914461,1.0,7.1155661572424895,1411.0496031765706,1456.0482529595618
84,2026-03-07,regional,藤枝ＭＹＦＣ,ジュビロ磐田,1,1,10.0,1.0,1435.6073883678732,1511.0695161378148,0.46342251289460085,0.5,0.36577487105399153,1435.9731632389273,1510.7037412667607
85,2026-03-07,regional,アルビレックス新潟,高知ユナイテッドSC,2,2,10.0,1.0,1443.8825522931254,1358.7603380189164,0.685211376150268,0.5,-1.8521137615026795,1442.0304385316226,1360.6124517804192
86,2026-03-07,regional,レノファ山口ＦＣ,サガン鳥栖,2,0,10.0,1.0986122886681098,1437.9180016660698,1494.9216113831928,0.48992236038126225,1.0,5.603775630599688,1443.5217772966696,1489.317835752593
87,2026-03-07,regional,ギラヴァンツ北九州,テゲバジャーロ宮崎,2,3,10.0,1.0,1413.2672576395194,1501.3409983737304,0.44542576636959846,0.0,-4.4542576636959845,1408.8129999758235,1505.7952560374263
88,2026-03-08,regional,ヴァンラーレ八戸,横浜ＦＣ,1,1,10.0,1.0,1506.0934372608772,1495.0828550078281,0.5869097924234488,0.5,-0.8690979242344876,1505.2243393366427,1495.9519529320626
89,2026-03-08,regional,モンテディオ山形,ブラウブリッツ秋田,0,1,10.0,1.0,1549.040599459266,1467.9130473554997,0.6802304084929047,0.0,-6.802304084929047,1542.238295374337,1474.7153514404288
90,2026-03-08,regional,栃木シティ,ザスパ群馬,1,1,10.0,1.0,1492.2659986020722,1397.8952071559947,0.6965800884104107,0.5,-1.9658008841041075,1490.300197717968,1399.8610080400988
91,2026-03-08,regional,ＳＣ相模原,栃木ＳＣ,4,0,10.0,1.6094379124341003,1398.4140858316841,1457.1340377791641,0.48745361465680126,1.0,8.249115844524017,1406.6632016762082,1448.88492193464
92,2026-03-08,regional,福島ユナイテッドＦＣ,ＡＣ長野パルセイロ,4,2,10.0,1.0986122886681098,1429.0463129689433,1317.5613640556796,0.7169904929792088,1.0,3.109177222229449,1432.1554901911727,1314.4521868334502
93,2026-03-08,regional,ＦＣ岐阜,ヴァンフォーレ甲府,0,1,10.0,1.0,1437.241235472506,1467.330789158784,0.52862210999684,0.0,-5.2862210999684,1431.9550143725378,1472.6170102587523
94,2026-03-08,regional,カターレ富山,愛媛ＦＣ,2,2,10.0,1.0,1451.8851310477437,1346.1445004130362,0.7102328359213279,0.5,-2.102328359213279,1449.7828026885304,1348.2468287722495
95,2026-03-08,regional,カマタマーレ讃岐,ＦＣ今治,1,0,10.0,1.0,1347.4396777354452,1495.8057431997622,0.36210474083375077,1.0,6.378952591662492,1353.8186303271077,1489.4267906080997
96,2026-03-08,regional,ツエーゲン金沢,徳島ヴォルティス,0,4,10.0,1.6094379124341003,1448.6518078269849,1578.628858957882,0.3868945154653368,0.0,-6.226827013027345,1442.4249808139575,1584.8556859709092
97,2026-03-08,regional,ガイナーレ鳥取,ＦＣ琉球,0,0,10.0,1.0,1412.2804744918303,1350.2171358170508,0.655902800254157,0.5,-1.5590280025415704,1410.7214464892888,1351.7761638195923
98,2026-03-08,regional,大分トリニータ,鹿児島ユナイテッドＦＣ,0,0,10.0,1.0,1423.8366535641746,1490.9534710162511,0.4753868296614242,0.5,0.24613170338575796,1424.0827852675604,1490.7073393128653
99,2026-03-08,regional,レイラック滋賀ＦＣ,ロアッソ熊本,1,0,10.0,1.0,1350.9044548018585,1445.2567721985517,0.4365163559422232,1.0,5.634836440577768,1356.5392912424363,1439.621935757974
100,2026-03-14,regional,ベガルタ仙台,ＳＣ相模原,3,1,10.0,1.0986122886681098,1551.3325885107542,1406.6632016762082,0.7541013044241682,1.0,2.7014732872706735,1554.0340617980248,1403.9617283889377
101,2026-03-14,regional,湘南ベルマーレ,モンテディオ山形,2,1,10.0,1.0,1472.455552377549,1542.238295374337,0.47156107146704695,1.0,5.284389285329531,1477.7399416628787,1536.9539060890074
102,2026-03-14,regional,ＲＢ大宮アルディージャ,藤枝ＭＹＦＣ,1,2,10.0,1.0,1564.9932262054126,1435.9731632389273,0.7370171460901334,0.0,-7.370171460901334,1557.6230547445114,1443.3433346998286
103,2026-03-14,regional,ヴァンフォーレ甲府,いわきＦＣ,0,1,10.0,1.0,1472.6170102587523,1539.452460752912,0.4757907840643905,0.0,-4.757907840643905,1467.8591024181085,1544.2103685935558
104,2026-03-14,regional,ＡＣ長野パルセイロ,松本山雅ＦＣ,0,5,10.0,1.75,1314.4521868334502,1411.0496031765706,0.43334013424897516,0.0,-7.583452349357065,1306.8687344840932,1418.6330555259276
105,2026-03-14,regional,ジュビロ磐田,北海道コンサドーレ札幌,0,1,10.0,1.0,1510.7037412667607,1456.0482529595618,0.6462155798823738,0.0,-6.462155798823738,1504.241585467937,1462.5104087583854
106,2026-03-14,regional,高知ユナイテッドSC,ＦＣ今治,2,0,10.0,1.0986122886681098,1360.6124517804192,1489.4267906080997,0.388483365890814,1.0,6.718196889573119,1367.3306486699923,1482.7085937185266
107,2026-03-14,regional,奈良クラブ,アルビレックス新潟,0,0,10.0,1.0,1417.9274947280194,1442.0304385316226,0.5371999924286608,0.5,-0.3719999242866079,1417.5554948037327,1442.4024384559093
108,2026-03-14,regional,サガン鳥栖,ギラヴァンツ北九州,1,0,10.0,1.0,1489.317835752593,1408.8129999758235,0.6794501843929093,1.0,3.2054981560709073,1492.523333908664,1405.6075018197525
109,2026-03-14,regional,テゲバジャーロ宮崎,大分トリニータ,1,0,10.0,1.0,1505.7952560374263,1424.0827852675604,0.6809623569545862,1.0,3.190376430454138,1508.9856324678804,1420.8924088371064
110,2026-03-14,regional,ＦＣ琉球,レノファ山口ＦＣ,1,1,10.0,1.0,1351.7761638195923,1443.5217772966696,0.44021067998381713,0.5,0.5978932001618287,1352.3740570197542,1442.9238840965077
111,2026-03-15,regional,ヴァンラーレ八戸,栃木シティ,0,1,10.0,1.0,1505.2243393366427,1490.300197717968,0.5923607909233154,0.0,-5.923607909233154,1499.3007314274096,1496.2238056272013
112,2026-03-15,regional,ブラウブリッツ秋田,栃木ＳＣ,2,0,10.0,1.0986122886681098,1474.7153514404288,1448.88492193464,0.6074283223148059,1.0,4.312840692880106,1479.028192133309,1444.5720812417599
113,2026-03-15,regional,横浜ＦＣ,ザスパ群馬,3,0,10.0,1.3862943611198906,1495.9519529320626,1399.8610080400988,0.6986688550903757,1.0,4.177336670180128,1500.1292896022428,1395.6836713699186
114,2026-03-15,regional,ＦＣ岐阜,福島ユナイテッドＦＣ,2,1,10.0,1.0,1431.9550143725378,1432.1554901911727,0.5711804798486521,1.0,4.28819520151348,1436.2432095740512,1427.8672949896593
115,2026-03-15,regional,カターレ富山,ツエーゲン金沢,0,2,10.0,1.0986122886681098,1449.7828026885304,1442.4249808139575,0.5818027262650841,0.0,-6.391756246554299,1443.3910464419762,1448.8167370605117
116,2026-03-15,regional,徳島ヴォルティス,カマタマーレ讃岐,1,0,10.0,1.0,1584.8556859709092,1353.8186303271077,0.8344886455438076,1.0,1.6551135445619236,1586.5107995154713,1352.1635167825457
117,2026-03-15,regional,愛媛ＦＣ,ＦＣ大阪,0,1,10.0,1.0,1348.2468287722495,1486.9540786165405,0.3750435117758677,0.0,-3.750435117758677,1344.496393654491,1490.704513734299
118,2026-03-15,regional,ロアッソ熊本,ガイナーレ鳥取,0,1,10.0,1.0,1439.621935757974,1410.7214464892888,0.6116344407788559,0.0,-6.116344407788558,1433.5055913501853,1416.8377908970774
119,2026-03-15,regional,鹿児島ユナイテッドＦＣ,レイラック滋賀ＦＣ,1,0,10.0,1.0,1490.7073393128653,1356.5392912424363,0.7427204525198394,1.0,2.5727954748016058,1493.2801347876668,1353.9664957676348
120,2026-03-20,regional,ザスパ群馬,湘南ベルマーレ,0,2,10.0,1.0986122886681098,1395.6836713699186,1477.7399416628787,0.45399778203890856,0.0,-4.98767542376011,1390.6959959461585,1482.7276170866387
121,2026-03-20,regional,アルビレックス新潟,カターレ富山,2,3,10.0,1.0,1442.4024384559093,1443.3910464419762,0.5700688961201625,0.0,-5.700688961201625,1436.7017494947077,1449.0917354031778
122,2026-03-21,regional,ブラウブリッツ秋田,ヴァンラーレ八戸,1,0,10.0,1.0,1479.028192133309,1499.3007314274096,0.5426771600288478,1.0,4.573228399711522,1483.6014205330205,1494.727503027698
123,2026-03-21,regional,ＳＣ相模原,横浜ＦＣ,2,4,10.0,1.0986122886681098,1403.9617283889377,1500.1292896022428,0.4339478501482889,0.0,-4.767404408140177,1399.1943239807974,1504.896694010383
124,2026-03-21,regional,北海道コンサドーレ札幌,ヴァンフォーレ甲府,1,0,10.0,1.0,1462.5104087583854,1467.8591024181085,0.5639069409741644,1.0,4.360930590258356,1466.8713393486437,1463.4981718278502
125,2026-03-21,regional,福島ユナイテッドＦＣ,藤枝ＭＹＦＣ,3,3,10.0,1.0,1427.8672949896593,1443.3433346998286,0.5495210896622045,0.5,-0.49521089662204476,1427.3720840930373,1443.8385455964506
126,2026-03-21,regional,松本山雅ＦＣ,ＦＣ岐阜,2,2,10.0,1.0,1418.6330555259276,1436.2432095740512,0.5464781661660324,0.5,-0.464781661660324,1418.1682738642673,1436.7079912357115
127,2026-03-21,regional,ＡＣ長野パルセイロ,いわきＦＣ,1,3,10.0,1.0986122886681098,1306.8687344840932,1544.2103685935558,0.25380416092037444,0.0,-2.788323701022218,1304.080410783071,1546.998692294578
128,2026-03-21,regional,ジュビロ磐田,ＲＢ大宮アルディージャ,1,4,10.0,1.3862943611198906,1504.241585467937,1557.6230547445114,0.4951338281796738,0.0,-6.864012340051866,1497.3775731278852,1564.4870670845633
129,2026-03-21,regional,大分トリニータ,ＦＣ琉球,2,3,10.0,1.0,1420.8924088371064,1352.3740570197542,0.6642399028554935,0.0,-6.6423990285549355,1414.2500098085513,1359.0164560483092
130,2026-03-21,regional,テゲバジャーロ宮崎,ロアッソ熊本,1,0,10.0,1.0,1508.9856324678804,1433.5055913501853,0.6731179518726205,1.0,3.2688204812737953,1512.2544529491543,1430.2367708689114
131,2026-03-22,regional,モンテディオ山形,ベガルタ仙台,0,1,10.0,1.0,1536.9539060890074,1554.0340617980248,0.5472341966467097,0.0,-5.472341966467097,1531.4815641225402,1559.506403764492
132,2026-03-22,regional,栃木ＳＣ,栃木シティ,3,2,10.0,1.0,1444.5720812417599,1496.2238056272013,0.49762299544020544,1.0,5.023770045597946,1449.5958512873578,1491.2000355816033
133,2026-03-22,regional,カマタマーレ讃岐,奈良クラブ,3,1,10.0,1.0986122886681098,1352.1635167825457,1417.5554948037327,0.4778636430283924,1.0,5.736254181294069,1357.8997709638397,1411.8192406224387
134,2026-03-22,regional,愛媛ＦＣ,高知ユナイテッドSC,1,0,10.0,1.0,1344.496393654491,1367.3306486699923,0.5390151747481096,1.0,4.609848252518905,1349.10624190701,1362.7208004174734
135,2026-03-22,regional,ＦＣ今治,徳島ヴォルティス,2,1,10.0,1.0,1482.7085937185266,1586.5107995154713,0.42318543032379957,1.0,5.768145696762003,1488.4767394152886,1580.7426538187092
136,2026-03-22,regional,ツエーゲン金沢,ＦＣ大阪,0,0,10.0,1.0,1448.8167370605117,1490.704513734299,0.5116723067639903,0.5,-0.11672306763990337,1448.7000139928718,1490.821236801939
137,2026-03-22,regional,ガイナーレ鳥取,鹿児島ユナイテッドＦＣ,0,0,10.0,1.0,1416.8377908970774,1493.2801347876668,0.46201971102600203,0.5,0.37980288973997967,1417.2175937868174,1492.900331897927
138,2026-03-22,regional,レノファ山口ＦＣ,ギラヴァンツ北九州,0,1,10.0,1.0,1442.9238840965077,1405.6075018197525,0.6230780137175168,0.0,-6.230780137175168,1436.6931039593326,1411.8382819569276
139,2026-03-22,regional,レイラック滋賀ＦＣ,サガン鳥栖,0,2,10.0,1.0986122886681098,1353.9664957676348,1492.523333908664,0.3752464742400867,0.0,-4.122503878795406,1349.8439918888394,1496.6458377874594
140,2026-03-28,regional,ザスパ群馬,栃木ＳＣ,1,3,10.0,1.0986122886681098,1390.6959959461585,1449.5958512873578,0.48719487926313404,0.0,-5.352382813346551,1385.343613132812,1454.9482341007044
141,2026-03-28,regional,横浜ＦＣ,湘南ベルマーレ,1,3,10.0,1.0986122886681098,1504.896694010383,1482.7276170866387,0.6023912337570091,0.0,-6.617944119913941,1498.278749890469,1489.3455612065527
142,2026-03-28,regional,ヴァンフォーレ甲府,ＲＢ大宮アルディージャ,2,1,10.0,1.0,1463.4981718278502,1564.4870670845633,0.42714339022858394,1.0,5.728566097714161,1469.2267379255643,1558.7585009868492
143,2026-03-28,regional,藤枝ＭＹＦＣ,北海道コンサドーレ札幌,1,1,10.0,1.0,1443.8385455964506,1466.8713393486437,0.5387311815809399,0.5,-0.3873118158093991,1443.4512337806411,1467.258651164453
144,2026-03-28,regional,ＦＣ岐阜,ＡＣ長野パルセイロ,5,1,10.0,1.6094379124341003,1436.7079912357115,1304.080410783071,0.7410223190173287,1.0,4.168084982477748,1440.8760762181892,1299.9123258005934
145,2026-03-28,regional,奈良クラブ,ツエーゲン金沢,5,1,10.0,1.6094379124341003,1411.8192406224387,1448.7000139928718,0.5188711166414931,1.0,7.743470656442651,1419.5627112788814,1440.9565433364291
146,2026-03-29,regional,ヴァンラーレ八戸,ＳＣ相模原,2,2,10.0,1.0,1494.727503027698,1399.1943239807974,0.6979924610671536,0.5,-1.9799246106715362,1492.7475784170265,1401.174248591469
147,2026-03-29,regional,ブラウブリッツ秋田,ベガルタ仙台,0,0,10.0,1.0,1483.6014205330205,1559.506403764492,0.46278866281702324,0.5,0.37211337182976756,1483.9735339048502,1559.1342903926623
148,2026-03-29,regional,モンテディオ山形,栃木シティ,1,2,10.0,1.0,1531.4815641225402,1491.2000355816033,0.6270781408164811,0.0,-6.270781408164811,1525.2107827143755,1497.470816989768
149,2026-03-29,regional,福島ユナイテッドＦＣ,松本山雅ＦＣ,1,3,10.0,1.0986122886681098,1427.3720840930373,1418.1682738642673,0.5843859389650644,0.0,-6.4201357387187175,1420.9519483543186,1424.588409602986
150,2026-03-29,regional,いわきＦＣ,ジュビロ磐田,1,0,10.0,1.0,1546.998692294578,1497.3775731278852,0.639562380677076,1.0,3.6043761932292395,1550.6030684878071,1493.773196934656
151,2026-03-29,regional,カターレ富山,ＦＣ今治,1,1,10.0,1.0,1449.0917354031778,1488.4767394152886,0.5152714557845142,0.5,-0.15271455784514165,1448.9390208453326,1488.6294539731339
152,2026-03-29,regional,ＦＣ大阪,アルビレックス新潟,0,0,10.0,1.0,1490.821236801939,1436.7017494947077,0.645509858860888,0.5,-1.4550985886088796,1489.36613821333,1438.1568480833166
153,2026-03-29,regional,カマタマーレ讃岐,愛媛ＦＣ,1,0,10.0,1.0,1357.8997709638397,1349.10624190701,0.5838122009371888,1.0,4.1618779906281125,1362.0616489544677,1344.944363916382
154,2026-03-29,regional,徳島ヴォルティス,高知ユナイテッドSC,3,0,10.0,1.3862943611198906,1580.7426538187092,1362.7208004174734,0.8238797828184332,1.0,2.441544639580165,1583.1841984582893,1360.2792557778932
155,2026-03-29,regional,ロアッソ熊本,鹿児島ユナイテッドＦＣ,0,1,10.0,1.0,1430.2367708689114,1492.900331897927,0.4817837368017774,0.0,-4.8178373680177735,1425.4189335008937,1497.7181692659447
156,2026-03-29,regional,レイラック滋賀ＦＣ,テゲバジャーロ宮崎,1,0,10.0,1.0,1349.8439918888394,1512.2544529491543,0.34364635861988463,1.0,6.563536413801154,1356.4075283026405,1505.6909165353532
157,2026-03-29,regional,ガイナーレ鳥取,サガン鳥栖,0,2,10.0,1.0986122886681098,1417.2175937868174,1496.6458377874594,0.45775034161332095,0.0,-5.028901504384196,1412.188692282433,1501.6747392918437
158,2026-03-29,regional,レノファ山口ＦＣ,大分トリニータ,3,1,10.0,1.0986122886681098,1436.6931039593326,1414.2500098085513,0.6027689780674984,1.0,4.3640288213523775,1441.057132780685,1409.885980987199
159,2026-03-29,regional,ギラヴァンツ北九州,ＦＣ琉球,1,0,10.0,1.0,1411.8382819569276,1359.0164560483092,0.6437986839041095,1.0,3.5620131609589043,1415.4002951178866,1355.4544428873503
160,2026-04-04,regional,ベガルタ仙台,ザスパ群馬,2,2,10.0,1.0,1559.1342903926623,1385.343613132812,0.7838495983039953,0.5,-2.8384959830399525,1556.2957944096222,1388.182109115852
161,2026-04-04,regional,栃木シティ,ＳＣ相模原,0,0,10.0,1.0,1497.470816989768,1401.174248591469,0.6989179940791655,0.5,-1.9891799407916555,1495.4816370489764,1403.1634285322607
162,2026-04-04,regional,横浜ＦＣ,ブラウブリッツ秋田,1,2,10.0,1.0,1498.278749890469,1483.9735339048502,0.5915001957685371,0.0,-5.915001957685371,1492.3637479327838,1489.8885358625355
163,2026-04-04,regional,湘南ベルマーレ,栃木ＳＣ,1,1,10.0,1.0,1489.3455612065527,1454.9482341007044,0.619123612168218,0.5,-1.1912361216821798,1488.1543250848706,1456.1394702223865
164,2026-04-04,regional,北海道コンサドーレ札幌,福島ユナイテッドＦＣ,0,2,10.0,1.0986122886681098,1467.258651164453,1420.9519483543186,0.6351525639892047,0.0,-6.977864119775983,1460.280787044677,1427.9298124740947
165,2026-04-04,regional,ＲＢ大宮アルディージャ,ＦＣ岐阜,3,0,10.0,1.3862943611198906,1558.7585009868492,1440.8760762181892,0.7244031413474619,1.0,3.8205837109236915,1562.579084697773,1437.0554925072654
166,2026-04-04,regional,ジュビロ磐田,ヴァンフォーレ甲府,1,0,10.0,1.0,1493.773196934656,1469.2267379255643,0.6056644475826015,1.0,3.9433555241739846,1497.71655245883,1465.2833824013903
167,2026-04-04,regional,藤枝ＭＹＦＣ,ＡＣ長野パルセイロ,0,2,10.0,1.0986122886681098,1443.4512337806411,1299.9123258005934,0.7528925968118548,0.0,-8.271370589047482,1435.1798631915935,1308.183696389641
168,2026-04-04,regional,アルビレックス新潟,ツエーゲン金沢,0,0,10.0,1.0,1438.1568480833166,1440.9565433364291,0.5675118726285944,0.5,-0.6751187262859437,1437.4817293570306,1441.6316620627151
169,2026-04-04,regional,ＦＣ琉球,ロアッソ熊本,0,1,10.0,1.0,1355.4544428873503,1425.4189335008937,0.4713003695588352,0.0,-4.713003695588352,1350.7414391917619,1430.131937196482
170,2026-04-05,regional,ヴァンラーレ八戸,モンテディオ山形,0,2,10.0,1.0986122886681098,1492.7475784170265,1525.2107827143755,0.5252160668616045,0.0,-5.770088252600903,1486.9774901644255,1530.9808709669765
171,2026-04-05,regional,松本山雅ＦＣ,いわきＦＣ,2,2,10.0,1.0,1424.588409602986,1550.6030684878071,0.39231881830398435,0.5,1.0768118169601566,1425.6652214199462,1549.526256670847
172,2026-04-05,regional,ＦＣ今治,愛媛ＦＣ,0,1,10.0,1.0,1488.6294539731339,1344.944363916382,0.7530491190940318,0.0,-7.530491190940318,1481.0989627821937,1352.4748551073221
173,2026-04-05,regional,カターレ富山,奈良クラブ,5,2,10.0,1.3862943611198906,1448.9390208453326,1419.5627112788814,0.6122848673238941,1.0,5.374873021497359,1454.3138938668299,1414.187838257384
174,2026-04-05,regional,徳島ヴォルティス,ＦＣ大阪,1,0,10.0,1.0,1583.1841984582893,1489.36613821333,0.6959071796691648,1.0,3.0409282033083516,1586.2251266615976,1486.3252100100217
175,2026-04-05,regional,高知ユナイテッドSC,カマタマーレ讃岐,2,0,10.0,1.0986122886681098,1360.2792557778932,1362.0616489544677,0.5689486248031065,1.0,4.735583378385953,1365.014839156279,1357.3260655760819
176,2026-04-05,regional,サガン鳥栖,大分トリニータ,0,1,10.0,1.0,1501.6747392918437,1409.885980987199,0.6934294727835251,0.0,-6.934294727835251,1494.7404445640084,1416.8202757150343
177,2026-04-05,regional,テゲバジャーロ宮崎,レノファ山口ＦＣ,3,0,10.0,1.3862943611198906,1505.6909165353532,1441.057132780685,0.6592345782016528,1.0,4.7240118270368985,1510.4149283623901,1436.333120953648
178,2026-04-05,regional,鹿児島ユナイテッドＦＣ,ギラヴァンツ北九州,1,1,10.0,1.0,1497.7181692659447,1415.4002951178866,0.6817190004966487,0.5,-1.8171900049664869,1495.9009792609781,1417.217485122853
179,2026-04-08,regional,栃木ＳＣ,ヴァンラーレ八戸,0,3,10.0,1.3862943611198906,1456.1394702223865,1486.9774901644255,0.5275483793661552,0.0,-7.313373435332378,1448.8260967870542,1494.2908635997578
180,2026-04-11,regional,ヴァンフォーレ甲府,北海道コンサドーレ札幌,2,1,10.0,1.0,1465.2833824013903,1460.280787044677,0.5785003953021651,1.0,4.2149960469783485,1469.4983784483686,1456.0657909976987
181,2026-04-11,regional,ＦＣ岐阜,藤枝ＭＹＦＣ,1,2,10.0,1.0,1437.0554925072654,1435.1798631915935,0.5741051607582669,0.0,-5.741051607582669,1431.3144408996827,1440.9209147991762
182,2026-04-11,regional,ＦＣ大阪,カターレ富山,1,2,10.0,1.0,1486.3252100100217,1454.3138938668299,0.6158795148924161,0.0,-6.1587951489241615,1480.1664148610976,1460.472689015754
183,2026-04-11,regional,大分トリニータ,レノファ山口ＦＣ,1,2,10.0,1.0,1416.8202757150343,1436.333120953648,0.5437622784156038,0.0,-5.437622784156037,1411.3826529308783,1441.770743737804
184,2026-04-12,regional,ブラウブリッツ秋田,湘南ベルマーレ,0,1,10.0,1.0,1489.8885358625355,1488.1543250848706,0.5739061016540505,0.0,-5.739061016540505,1484.149474845995,1493.8933861014111
185,2026-04-12,regional,モンテディオ山形,横浜ＦＣ,1,0,10.0,1.0,1530.9808709669765,1492.3637479327838,0.6248348782261341,1.0,3.7516512177386585,1534.7325221847152,1488.612096715045
186,2026-04-12,regional,栃木ＳＣ,ザスパ群馬,5,1,10.0,1.6094379124341003,1448.8260967870542,1388.182109115852,0.6540564365018581,1.0,5.567746866564632,1454.393843653619,1382.6143622492873
187,2026-04-12,regional,栃木シティ,ヴァンラーレ八戸,2,4,10.0,1.0986122886681098,1495.4816370489764,1494.2908635997578,0.5731409431896388,0.0,-6.296596833269682,1489.1850402157067,1500.5874604330274
188,2026-04-12,regional,ＳＣ相模原,ベガルタ仙台,0,3,10.0,1.3862943611198906,1403.1634285322607,1556.2957944096222,0.35579148296176516,0.0,-4.932317265643786,1398.2311112666168,1561.228111675266
189,2026-04-12,regional,ＡＣ長野パルセイロ,ジュビロ磐田,1,1,10.0,1.0,1308.183696389641,1497.71655245883,0.3093380730251039,0.5,1.906619269748961,1310.09031565939,1495.809933189081
190,2026-04-12,regional,福島ユナイテッドＦＣ,いわきＦＣ,2,3,10.0,1.0,1427.9298124740947,1549.526256670847,0.39839855813211256,0.0,-3.9839855813211256,1423.9458268927735,1553.5102422521682
191,2026-04-12,regional,松本山雅ＦＣ,ＲＢ大宮アルディージャ,4,1,10.0,1.3862943611198906,1425.6652214199462,1562.579084697773,0.3774663130049526,1.0,8.630149398884091,1434.2953708188302,1553.948935298889
192,2026-04-12,regional,カマタマーレ讃岐,徳島ヴォルティス,0,5,10.0,1.75,1357.3260655760819,1586.2251266615976,0.26311788212641113,0.0,-4.604562937212195,1352.7215026388697,1590.8296895988099
193,2026-04-12,regional,愛媛ＦＣ,奈良クラブ,3,2,10.0,1.0,1352.4748551073221,1414.187838257384,0.48315004534335027,1.0,5.168499546566498,1357.6433546538885,1409.0193387108177
194,2026-04-12,regional,高知ユナイテッドSC,アルビレックス新潟,2,1,10.0,1.0,1365.014839156279,1437.4817293570306,0.46771253730389784,1.0,5.322874626961021,1370.3377137832401,1432.1588547300696
195,2026-04-12,regional,ツエーゲン金沢,ＦＣ今治,0,0,10.0,1.0,1441.6316620627151,1481.0989627821937,0.5151531309323538,0.5,-0.1515313093235382,1441.4801307533917,1481.250494091517
196,2026-04-12,regional,レイラック滋賀ＦＣ,ＦＣ琉球,2,1,10.0,1.0,1356.4075283026405,1350.7414391917619,0.5794314231010772,1.0,4.205685768989228,1360.6132140716297,1346.5357534227726
197,2026-04-12,regional,ギラヴァンツ北九州,サガン鳥栖,0,1,10.0,1.0,1417.217485122853,1494.7404445640084,0.46047392354704636,0.0,-4.604739235470464,1412.6127458873825,1499.345183799479
198,2026-04-12,regional,ロアッソ熊本,テゲバジャーロ宮崎,0,5,10.0,1.75,1430.131937196482,1510.4149283623901,0.45652930079535836,0.0,-7.989262763918771,1422.1426744325634,1518.404191126309
199,2026-04-12,regional,鹿児島ユナイテッドＦＣ,ガイナーレ鳥取,3,1,10.0,1.0986122886681098,1495.9009792609781,1412.188692282433,0.6834581136278673,1.0,3.4775680624660943,1499.3785473234443,1408.711124219967
200,2026-04-17,regional,ＦＣ大阪,愛媛ＦＣ,0,1,10.0,1.0,1480.1664148610976,1357.6433546538885,0.7297042463313046,0.0,-7.297042463313046,1472.8693723977844,1364.9403971172017
201,2026-04-18,regional,ベガルタ仙台,栃木シティ,5,0,10.0,1.75,1561.228111675266,1489.1850402157067,0.6687498829703065,1.0,5.7968770480196365,1567.0249887232858,1483.388163167687
202,2026-04-18,regional,湘南ベルマーレ,ザスパ群馬,1,2,10.0,1.0,1493.8933861014111,1382.6143622492873,0.7167498955426232,0.0,-7.1674989554262325,1486.7258871459849,1389.7818612047136
203,2026-04-18,regional,北海道コンサドーレ札幌,松本山雅ＦＣ,2,1,10.0,1.0,1456.0657909976987,1434.2953708188302,0.601841450795275,1.0,3.9815854920472504,1460.047376489746,1430.3137853267829
204,2026-04-18,regional,ＲＢ大宮アルディージャ,ジュビロ磐田,1,2,10.0,1.0,1553.948935298889,1495.809933189081,0.650786497080929,0.0,-6.5078649708092895,1547.4410703280796,1502.3177981598903
205,2026-04-18,regional,ヴァンフォーレ甲府,藤枝ＭＹＦＣ,0,1,10.0,1.0,1469.4983784483686,1440.9209147991762,0.6111926513264672,0.0,-6.111926513264672,1463.3864519351039,1447.032841312441
206,2026-04-18,regional,アルビレックス新潟,ＦＣ今治,1,0,10.0,1.0,1432.1588547300696,1481.250494091517,0.5013072330623574,1.0,4.986927669376426,1437.145782399446,1476.2635664221407
207,2026-04-18,regional,奈良クラブ,カマタマーレ讃岐,1,1,10.0,1.0,1409.0193387108177,1352.7215026388697,0.6483739891214078,0.5,-1.4837398912140776,1407.5355988196036,1354.2052425300838
208,2026-04-18,regional,徳島ヴォルティス,ツエーゲン金沢,2,1,10.0,1.0,1590.8296895988099,1441.4801307533917,0.7590628201963162,1.0,2.4093717980368377,1593.2390613968466,1439.070758955355
209,2026-04-18,regional,レノファ山口ＦＣ,鹿児島ユナイテッドＦＣ,2,1,10.0,1.0,1441.770743737804,1499.3785473234443,0.4890532400719714,1.0,5.109467599280286,1446.8802113370843,1494.269079724164
210,2026-04-18,regional,ＦＣ琉球,ギラヴァンツ北九州,0,2,10.0,1.0986122886681098,1346.5357534227726,1412.6127458873825,0.4768798474190349,0.0,-5.239060605927249,1341.2966928168453,1417.8518064933098
211,2026-04-19,regional,ブラウブリッツ秋田,横浜ＦＣ,1,3,10.0,1.0986122886681098,1484.149474845995,1488.612096715045,0.5651608578254158,0.0,-6.208926634812123,1477.9405482111829,1494.8210233498571
212,2026-04-19,regional,モンテディオ山形,ヴァンラーレ八戸,1,0,10.0,1.0,1534.7325221847152,1500.5874604330274,0.618781120681516,1.0,3.8121887931848395,1538.5447109779,1496.7752716398427
213,2026-04-19,regional,栃木ＳＣ,ＳＣ相模原,0,2,10.0,1.0986122886681098,1454.393843653619,1398.2311112666168,0.6481966602029818,0.0,-7.12116816372623,1447.2726754898927,1405.352279430343
214,2026-04-19,regional,福島ユナイテッドＦＣ,ＦＣ岐阜,1,2,10.0,1.0,1423.9458268927735,1431.3144408996827,0.5610454360568209,0.0,-5.610454360568209,1418.3353725322054,1436.9248952602509
215,2026-04-19,regional,いわきＦＣ,ＡＣ長野パルセイロ,1,0,10.0,1.0,1553.5102422521682,1310.09031565939,0.8441006155320762,1.0,1.5589938446792384,1555.0692360968474,1308.5313218147107
216,2026-04-19,regional,カターレ富山,高知ユナイテッドSC,4,0,10.0,1.6094379124341003,1460.472689015754,1370.3377137832401,0.6914019576054906,1.0,4.966693891326692,1465.4393829070807,1365.3710198919134
217,2026-04-19,regional,レイラック滋賀ＦＣ,大分トリニータ,0,3,10.0,1.3862943611198906,1360.6132140716297,1411.3826529308783,0.49889269028073907,0.0,-6.916121233401206,1353.6970928382286,1418.2987741642794
218,2026-04-19,regional,ガイナーレ鳥取,テゲバジャーロ宮崎,0,1,10.0,1.0,1408.711124219967,1518.404191126309,0.4149301825224712,0.0,-4.149301825224712,1404.5618223947422,1522.5534929515336
219,2026-04-19,regional,ロアッソ熊本,サガン鳥栖,0,2,10.0,1.0986122886681098,1422.1426744325634,1499.345183799479,0.4609322396309923,0.0,-5.063858227019221,1417.0788162055442,1504.4090420264981
220,2026-04-25,regional,ベガルタ仙台,モンテディオ山形,1,0,10.0,1.0,1567.0249887232858,1538.5447109779,0.6110596981954782,1.0,3.8894030180452175,1570.914391741331,1534.6553079598548
221,2026-04-25,regional,栃木シティ,栃木ＳＣ,2,1,10.0,1.0,1483.388163167687,1447.2726754898927,0.6214531294925244,1.0,3.7854687050747557,1487.1736318727617,1443.487206784818
222,2026-04-25,regional,ザスパ群馬,横浜ＦＣ,3,1,10.0,1.0986122886681098,1389.7818612047136,1494.8210233498571,0.42144827884548414,1.0,6.3560403049043686,1396.137901509618,1488.4649830449528
223,2026-04-25,regional,ＳＣ相模原,湘南ベルマーレ,1,1,10.0,1.0,1405.352279430343,1486.7258871459849,0.4549720712414481,0.5,0.45027928758551883,1405.8025587179286,1486.2756078583993
224,2026-04-25,regional,ジュビロ磐田,ＦＣ岐阜,1,0,10.0,1.0,1502.3177981598903,1436.9248952602509,0.660215554150646,1.0,3.3978444584935397,1505.715642618384,1433.5270508017572
225,2026-04-25,regional,北海道コンサドーレ札幌,いわきＦＣ,2,1,10.0,1.0,1460.047376489746,1555.0692360968474,0.43556857339381483,1.0,5.644314266061851,1465.691690755808,1549.4249218307855
226,2026-04-25,regional,福島ユナイテッドＦＣ,ヴァンフォーレ甲府,0,1,10.0,1.0,1418.3353725322054,1463.3864519351039,0.5071215876063436,0.0,-5.0712158760634365,1413.264156656142,1468.4576678111673
227,2026-04-25,regional,藤枝ＭＹＦＣ,ＲＢ大宮アルディージャ,1,1,10.0,1.0,1447.032841312441,1547.4410703280796,0.4279614918730801,0.5,0.7203850812691992,1447.75322639371,1546.7206852468105
228,2026-04-25,regional,アルビレックス新潟,ＦＣ大阪,1,0,10.0,1.0,1437.145782399446,1472.8693723977844,0.5205338500071764,1.0,4.794661499928235,1441.9404438993743,1468.0747108978562
229,2026-04-25,regional,ＦＣ今治,カターレ富山,1,2,10.0,1.0,1476.2635664221407,1465.4393829070807,0.5866496235235426,0.0,-5.8664962352354255,1470.3970701869052,1471.3058791423161
230,2026-04-25,regional,ツエーゲン金沢,奈良クラブ,1,0,10.0,1.0,1439.070758955355,1407.5355988196036,0.615230871669658,1.0,3.8476912833034205,1442.9184502386584,1403.6879075363001
231,2026-04-25,regional,ガイナーレ鳥取,ロアッソ熊本,0,2,10.0,1.0986122886681098,1404.5618223947422,1417.0788162055442,0.5537340711649216,0.0,-6.0833905523600444,1398.4784318423822,1423.1622067579042
232,2026-04-25,regional,ギラヴァンツ北九州,レノファ山口ＦＣ,2,2,10.0,1.0,1417.8518064933098,1446.8802113370843,0.5301439509245166,0.5,-0.30143950924516605,1417.5503669840646,1447.1816508463296
233,2026-04-25,regional,サガン鳥栖,レイラック滋賀ＦＣ,2,0,10.0,1.0986122886681098,1504.4090420264981,1353.6970928382286,0.760494200734885,1.0,2.6312401427993284,1507.0402821692974,1351.0658526954294
234,2026-04-25,regional,テゲバジャーロ宮崎,鹿児島ユナイテッドＦＣ,1,0,10.0,1.0,1522.5534929515336,1494.269079724164,0.6107916996773395,1.0,3.892083003226605,1526.4455759547602,1490.3769967209373
235,2026-04-25,regional,ＦＣ琉球,大分トリニータ,0,0,10.0,1.0,1341.2966928168453,1418.2987741642794,0.4612189306610905,0.5,0.38781069338909513,1341.6845035102344,1417.9109634708902
236,2026-04-26,regional,ヴァンラーレ八戸,ブラウブリッツ秋田,1,0,10.0,1.0,1496.7752716398427,1477.9405482111829,0.5977850322447369,1.0,4.0221496775526315,1500.7974213173952,1473.9183985336304
237,2026-04-26,regional,松本山雅ＦＣ,ＡＣ長野パルセイロ,0,1,10.0,1.0,1430.3137853267829,1308.5313218147107,0.7288625636151451,0.0,-7.288625636151451,1423.0251596906314,1315.8199474508622
238,2026-04-26,regional,高知ユナイテッドSC,徳島ヴォルティス,2,1,10.0,1.0,1365.3710198919134,1593.2390613968466,0.26427022234877456,1.0,7.3572977765122545,1372.7283176684257,1585.8817636203344
239,2026-04-26,regional,愛媛ＦＣ,カマタマーレ讃岐,3,0,10.0,1.3862943611198906,1364.9403971172017,1354.2052425300838,0.5865253429491759,1.0,5.731975855355381,1370.672372972557,1348.4732666747284
240,2026-04-29,regional,ブラウブリッツ秋田,モンテディオ山形,2,0,10.0,1.0986122886681098,1473.9183985336304,1534.6553079598548,0.4845532622297988,1.0,5.662761202682318,1479.5811597363127,1528.9925467571725
241,2026-04-29,regional,栃木ＳＣ,湘南ベルマーレ,1,1,10.0,1.0,1443.487206784818,1486.2756078583993,0.5103768349114293,0.5,-0.10376834911429267,1443.3834384357037,1486.3793762075136
242,2026-04-29,regional,ザスパ群馬,ベガルタ仙台,1,3,10.0,1.0986122886681098,1396.137901509618,1570.914391741331,0.3277737865123524,0.0,-3.600963097657479,1392.5369384119604,1574.5153548389885
243,2026-04-29,regional,横浜ＦＣ,ヴァンラーレ八戸,4,1,10.0,1.3862943611198906,1488.4649830449528,1500.7974213173952,0.5539965854401396,1.0,6.182920186445513,1494.6479032313982,1494.6145011309497
244,2026-04-29,regional,ＳＣ相模原,栃木シティ,1,0,10.0,1.0,1405.8025587179286,1487.1736318727617,0.4549756891883874,1.0,5.450243108116126,1411.2528018260448,1481.7233887646455
245,2026-04-29,regional,いわきＦＣ,ＦＣ岐阜,0,1,10.0,1.0,1549.4249218307855,1433.5270508017572,0.7221165782330963,0.0,-7.221165782330963,1542.2037560484546,1440.7482165840881
246,2026-04-29,regional,北海道コンサドーレ札幌,藤枝ＭＹＦＣ,2,1,10.0,1.0,1465.691690755808,1447.75322639371,0.5965439209800018,1.0,4.034560790199983,1469.726251546008,1443.71866560351
247,2026-04-29,regional,ＲＢ大宮アルディージャ,ヴァンフォーレ甲府,1,2,10.0,1.0,1546.7206852468105,1468.4576678111673,0.6766330333691193,0.0,-6.766330333691193,1539.9543549131192,1475.2239981448586
248,2026-04-29,regional,松本山雅ＦＣ,ジュビロ磐田,1,1,10.0,1.0,1423.0251596906314,1505.715642618384,0.45309295553967927,0.5,0.46907044460320735,1423.4942301352346,1505.2465721737808
249,2026-04-29,regional,ＡＣ長野パルセイロ,福島ユナイテッドＦＣ,1,3,10.0,1.0986122886681098,1315.8199474508622,1413.264156656142,0.43214355270672217,0.0,-4.747582174723,1311.0723652761392,1418.011738830865
250,2026-04-29,regional,カターレ富山,アルビレックス新潟,2,0,10.0,1.0986122886681098,1471.3058791423161,1441.9404438993743,0.6122700070341678,1.0,4.25964934957463,1475.5655284918907,1437.6807945497997
251,2026-04-29,regional,ＦＣ大阪,徳島ヴォルティス,2,2,10.0,1.0,1468.0747108978562,1585.8817636203344,0.4036381580442098,0.5,0.9636184195579017,1469.038329317414,1584.9181452007765
252,2026-04-29,regional,奈良クラブ,高知ユナイテッドSC,0,0,10.0,1.0,1403.6879075363001,1372.7283176684257,0.614446254457378,0.5,-1.14446254457378,1402.5434449917263,1373.8727802129995
253,2026-04-29,regional,カマタマーレ讃岐,ツエーゲン金沢,0,1,10.0,1.0,1348.4732666747284,1442.9184502386584,0.4363848697023761,0.0,-4.363848697023761,1344.1094179777047,1447.282298935682
254,2026-04-29,regional,愛媛ＦＣ,ＦＣ今治,0,2,10.0,1.0986122886681098,1370.672372972557,1470.3970701869052,0.4289250256397089,0.0,-4.712223040850683,1365.9601499317064,1475.1092932277559
255,2026-04-29,regional,レイラック滋賀ＦＣ,ガイナーレ鳥取,1,3,10.0,1.0986122886681098,1351.0658526954294,1398.4784318423822,0.5037235290921673,0.0,-5.533968591519232,1345.5318841039102,1404.0124004339013
256,2026-04-29,regional,レノファ山口ＦＣ,ＦＣ琉球,2,0,10.0,1.0986122886681098,1447.1816508463296,1341.6845035102344,0.7099442981255648,1.0,3.186587584775082,1450.3682384311046,1338.4979159254594
257,2026-04-29,regional,大分トリニータ,ロアッソ熊本,0,1,10.0,1.0,1417.9109634708902,1423.1622067579042,0.5640448873312229,0.0,-5.640448873312229,1412.270514597578,1428.8026556312163
258,2026-04-29,regional,テゲバジャーロ宮崎,ギラヴァンツ北九州,3,0,10.0,1.3862943611198906,1526.4455759547602,1417.5503669840646,0.7139557259655568,1.0,3.965415641245814,1530.410991596006,1413.5849513428188
259,2026-04-29,regional,鹿児島ユナイテッドＦＣ,サガン鳥栖,1,1,10.0,1.0,1490.3769967209373,1507.0402821692974,0.5478286996128647,0.5,-0.47828699612864733,1489.8987097248087,1507.518569165426
260,2026-05-02,regional,ベガルタ仙台,ブラウブリッツ秋田,1,3,10.0,1.0986122886681098,1574.5153548389885,1479.5811597363127,0.6972651242843153,0.0,-7.6602403399844565,1566.855114499004,1487.2414000762972
261,2026-05-02,regional,横浜ＦＣ,ＳＣ相模原,3,3,10.0,1.0,1494.6479032313982,1411.2528018260448,0.6830629676259197,0.5,-1.8306296762591967,1492.817273555139,1413.083431502304
262,2026-05-02,regional,湘南ベルマーレ,栃木シティ,1,2,10.0,1.0,1486.3793762075136,1481.7233887646455,0.5780138056299371,0.0,-5.780138056299371,1480.5992381512142,1487.503526820945
263,2026-05-02,regional,ジュビロ磐田,いわきＦＣ,1,1,10.0,1.0,1505.2465721737808,1542.2037560484546,0.5187613088172555,0.5,-0.18761308817255462,1505.0589590856082,1542.3913691366272
264,2026-05-02,regional,ＦＣ岐阜,北海道コンサドーレ札幌,0,3,10.0,1.3862943611198906,1440.7482165840881,1469.726251546008,0.5302161749122289,0.0,-7.350356934553806,1433.3978596495344,1477.0766084805616
265,2026-05-02,regional,ＡＣ長野パルセイロ,藤枝ＭＹＦＣ,0,0,10.0,1.0,1311.0723652761392,1443.71866560351,0.3832561195866579,0.5,1.167438804133421,1312.2398040802725,1442.5512267993768
266,2026-05-02,regional,徳島ヴォルティス,愛媛ＦＣ,0,6,10.0,1.75,1584.9181452007765,1365.9601499317064,0.8246603531539808,0.0,-14.431556180194663,1570.4865890205817,1380.3917061119012
267,2026-05-02,regional,高知ユナイテッドSC,ＦＣ大阪,0,0,10.0,1.0,1373.8727802129995,1469.038329317414,0.4353652322428478,0.5,0.6463476775715221,1374.519127890571,1468.3919816398425
268,2026-05-02,regional,サガン鳥栖,テゲバジャーロ宮崎,1,1,10.0,1.0,1507.518569165426,1530.410991596006,0.5389319737085279,0.5,-0.38931973708527856,1507.1292494283407,1530.8003113330913
269,2026-05-02,regional,ガイナーレ鳥取,レノファ山口ＦＣ,4,1,10.0,1.3862943611198906,1404.0124004339013,1450.3682384311046,0.5052441783809883,1.0,6.858772056416743,1410.871172490318,1443.509466374688
270,2026-05-03,regional,ヴァンラーレ八戸,ザスパ群馬,0,1,10.0,1.0,1494.6145011309497,1392.5369384119604,0.7058740659980175,0.0,-7.058740659980175,1487.5557604709695,1399.5956790719406
271,2026-05-03,regional,モンテディオ山形,栃木ＳＣ,2,2,10.0,1.0,1528.9925467571725,1443.3834384357037,0.685815614220276,0.5,-1.8581561422027604,1527.1343906149698,1445.2415945779064
272,2026-05-03,regional,松本山雅ＦＣ,ヴァンフォーレ甲府,0,1,10.0,1.0,1423.4942301352346,1475.2239981448586,0.4975106842968604,0.0,-4.975106842968604,1418.519123292266,1480.1991049878272
273,2026-05-03,regional,福島ユナイテッドＦＣ,ＲＢ大宮アルディージャ,1,2,10.0,1.0,1418.011738830865,1539.9543549131192,0.39792104419291163,0.0,-3.9792104419291165,1414.0325283889358,1543.9335653550484
274,2026-05-03,regional,アルビレックス新潟,カマタマーレ讃岐,2,1,10.0,1.0,1437.6807945497997,1344.1094179777047,0.6956065897936371,1.0,3.043934102063629,1440.7247286518632,1341.0654838756411
275,2026-05-03,regional,ＦＣ今治,奈良クラブ,1,2,10.0,1.0,1475.1092932277559,1402.5434449917263,0.6694161846765052,0.0,-6.694161846765052,1468.4151313809907,1409.2376068384915
276,2026-05-03,regional,ギラヴァンツ北九州,大分トリニータ,2,1,10.0,1.0,1413.5849513428188,1412.270514597578,0.5733150917223353,1.0,4.2668490827766465,1417.8518004255955,1408.0036655148015
277,2026-05-03,regional,ロアッソ熊本,レイラック滋賀ＦＣ,2,0,10.0,1.0986122886681098,1428.8026556312163,1345.5318841039102,0.6829080068371091,1.0,3.4836116032701625,1432.2862672344866,1342.04827250064
278,2026-05-03,regional,ＦＣ琉球,鹿児島ユナイテッドＦＣ,1,1,10.0,1.0,1338.4979159254594,1489.8987097248087,0.35807939539356365,0.5,1.4192060460643634,1339.9171219715238,1488.4795036787443
279,2026-05-03,regional,ツエーゲン金沢,カターレ富山,0,1,10.0,1.0,1447.282298935682,1475.5655284918907,0.5312123068313316,0.0,-5.312123068313316,1441.9701758673689,1480.877651560204
280,2026-05-06,regional,ヴァンラーレ八戸,湘南ベルマーレ,0,1,10.0,1.0,1487.5557604709695,1480.5992381512142,0.5812405620360221,0.0,-5.812405620360222,1481.7433548506092,1486.4116437715745
281,2026-05-06,regional,ベガルタ仙台,栃木ＳＣ,2,1,10.0,1.0,1566.855114499004,1445.2415945779064,0.7286703300648583,1.0,2.7132966993514174,1569.5684111983555,1442.528297878555
282,2026-05-06,regional,モンテディオ山形,ザスパ群馬,1,2,10.0,1.0,1527.1343906149698,1399.5956790719406,0.7353610145142849,0.0,-7.3536101451428495,1519.780780469827,1406.9492892170833
283,2026-05-06,regional,栃木シティ,横浜ＦＣ,2,2,10.0,1.0,1487.503526820945,1492.817273555139,0.563956411406032,0.5,-0.6395641140603203,1486.8639627068846,1493.4568376691993
284,2026-05-06,regional,ブラウブリッツ秋田,ＳＣ相模原,0,1,10.0,1.0,1487.2414000762972,1413.083431502304,0.6714412197226421,0.0,-6.714412197226421,1480.5269878790707,1419.7978436995304
285,2026-05-06,regional,北海道コンサドーレ札幌,ＡＣ長野パルセイロ,2,0,10.0,1.0986122886681098,1477.0766084805616,1312.2398040802725,0.7749890893337451,1.0,2.471997515423499,1479.548605995985,1309.767806564849
286,2026-05-06,regional,ＲＢ大宮アルディージャ,いわきＦＣ,3,2,10.0,1.0,1543.9335653550484,1542.3913691366272,0.5736357858427199,1.0,4.2636421415728005,1548.197207496621,1538.1277269950544
287,2026-05-06,regional,ヴァンフォーレ甲府,ジュビロ磐田,1,2,10.0,1.0,1480.1991049878272,1505.0589590856082,0.5361165666231471,0.0,-5.3611656662314715,1474.8379393215957,1510.4201247518397
288,2026-05-06,regional,藤枝ＭＹＦＣ,福島ユナイテッドＦＣ,1,1,10.0,1.0,1442.5512267993768,1414.0325283889358,0.6111122607537373,0.5,-1.1111226075373726,1441.4401041918393,1415.1436509964733
289,2026-05-06,regional,ＦＣ岐阜,松本山雅ＦＣ,0,3,10.0,1.3862943611198906,1433.3978596495344,1418.519123292266,0.5922976756286525,0.0,-8.21098927828419,1425.1868703712503,1426.73011257055
290,2026-05-06,regional,アルビレックス新潟,徳島ヴォルティス,1,0,10.0,1.0,1440.7247286518632,1570.4865890205817,0.3871883940180876,1.0,6.128116059819124,1446.8528447116823,1564.3584729607626
291,2026-05-06,regional,カターレ富山,カマタマーレ讃岐,1,1,10.0,1.0,1480.877651560204,1341.0654838756411,0.7488797790156032,0.5,-2.488797790156032,1478.388853770048,1343.5542816657971
292,2026-05-06,regional,奈良クラブ,ＦＣ大阪,1,3,10.0,1.0986122886681098,1409.2376068384915,1468.3919816398425,0.4868288434884106,0.0,-5.348361499344518,1403.889245339147,1473.740343139187
293,2026-05-06,regional,ＦＣ今治,高知ユナイテッドSC,1,0,10.0,1.0,1468.4151313809907,1374.519127890571,0.6960021206002723,1.0,3.0399787939972764,1471.455110174988,1371.4791490965738
294,2026-05-06,regional,ツエーゲン金沢,愛媛ＦＣ,0,2,10.0,1.0986122886681098,1441.9701758673689,1380.3917061119012,0.6552725842799927,0.0,-7.198905135173097,1434.7712707321957,1387.5906112470743
295,2026-05-06,regional,レイラック滋賀ＦＣ,レノファ山口ＦＣ,1,4,10.0,1.3862943611198906,1342.04827250064,1443.509466374688,0.4264782615004861,0.0,-5.91224409058338,1336.1360284100567,1449.4217104652712
296,2026-05-06,regional,ギラヴァンツ北九州,ロアッソ熊本,1,2,10.0,1.0,1417.8518004255955,1432.2862672344866,0.5510048848796572,0.0,-5.510048848796572,1412.341751576799,1437.796316083283
297,2026-05-06,regional,サガン鳥栖,ガイナーレ鳥取,4,0,10.0,1.6094379124341003,1507.1292494283407,1410.871172490318,0.6988713657076856,1.0,4.846478405495541,1511.9757278338363,1406.0246940848224
298,2026-05-06,regional,テゲバジャーロ宮崎,ＦＣ琉球,1,0,10.0,1.0,1530.8003113330913,1339.9171219715238,0.8000545130385595,1.0,1.9994548696144054,1532.7997662027058,1337.9176671019093
299,2026-05-06,regional,鹿児島ユナイテッドＦＣ,大分トリニータ,0,1,10.0,1.0,1488.4795036787443,1408.0036655148015,0.6794138277223627,0.0,-6.794138277223627,1481.6853654015206,1414.7978037920252
300,2026-05-09,regional,ザスパ群馬,栃木シティ,0,0,10.0,1.0,1406.9492892170833,1486.8639627068846,0.45705539427202574,0.5,0.4294460572797426,1407.3787352743632,1486.4345166496048
301,2026-05-09,regional,北海道コンサドーレ札幌,ＲＢ大宮アルディージャ,4,3,10.0,1.0,1479.548605995985,1548.197207496621,0.47318824842734514,1.0,5.26811751572655,1484.8167235117116,1542.9290899808946
302,2026-05-09,regional,いわきＦＣ,ヴァンフォーレ甲府,0,1,10.0,1.0,1538.1277269950544,1474.8379393215957,0.6574944454313044,0.0,-6.574944454313044,1531.5527825407414,1481.4128837759088
303,2026-05-09,regional,ＡＣ長野パルセイロ,ＦＣ岐阜,2,3,10.0,1.0,1309.767806564849,1425.1868703712503,0.4069514436843015,0.0,-4.069514436843015,1305.698292128006,1429.2563848080933
304,2026-05-09,regional,ＦＣ大阪,ＦＣ今治,1,2,10.0,1.0,1473.740343139187,1471.455110174988,0.5746815783987385,0.0,-5.746815783987385,1467.9935273551996,1477.2019259589754
305,2026-05-09,regional,レノファ山口ＦＣ,テゲバジャーロ宮崎,0,1,10.0,1.0,1449.4217104652712,1532.7997662027058,0.4521123507066188,0.0,-4.521123507066188,1444.900586958205,1537.320889709772
306,2026-05-10,regional,ヴァンラーレ八戸,ベガルタ仙台,1,1,10.0,1.0,1481.7433548506092,1569.5684111983555,0.4457794159089121,0.5,0.5422058409108788,1482.28556069152,1569.0262053574447
307,2026-05-10,regional,モンテディオ山形,ＳＣ相模原,2,3,10.0,1.0,1519.780780469827,1419.7978436995304,0.7033645101755068,0.0,-7.033645101755068,1512.747135368072,1426.8314888012856
308,2026-05-10,regional,栃木ＳＣ,ブラウブリッツ秋田,0,0,10.0,1.0,1442.528297878555,1480.5269878790707,0.5172644074257663,0.5,-0.17264407425766293,1442.3556538042972,1480.6996319533284
309,2026-05-10,regional,湘南ベルマーレ,横浜ＦＣ,0,1,10.0,1.0,1486.4116437715745,1493.4568376691993,0.5615038848551448,0.0,-5.615038848551448,1480.796604923023,1499.0718765177508
310,2026-05-10,regional,福島ユナイテッドＦＣ,ジュビロ磐田,4,2,10.0,1.0986122886681098,1415.1436509964733,1510.4201247518397,0.43520827289331465,1.0,6.204871319374901,1421.3485223158482,1504.2152534324648
311,2026-05-10,regional,松本山雅ＦＣ,藤枝ＭＹＦＣ,0,0,10.0,1.0,1426.73011257055,1441.4401041918393,0.5506124672401723,0.5,-0.5061246724017232,1426.2239878981484,1441.946228864241
312,2026-05-10,regional,カマタマーレ讃岐,高知ユナイテッドSC,0,3,10.0,1.3862943611198906,1343.5542816657971,1371.4791490965738,0.5317259884371257,0.0,-7.371287394312875,1336.1829942714842,1378.8504364908868
313,2026-05-10,regional,徳島ヴォルティス,奈良クラブ,1,2,10.0,1.0,1564.3584729607626,1403.889245339147,0.7705745499706305,0.0,-7.705745499706305,1556.6527274610562,1411.5949908388534
314,2026-05-10,regional,愛媛ＦＣ,カターレ富山,0,2,10.0,1.0986122886681098,1387.5906112470743,1478.388853770048,0.44155499639068396,0.0,-4.850977451576083,1382.7396337954983,1483.239831221624
315,2026-05-10,regional,ツエーゲン金沢,アルビレックス新潟,1,1,10.0,1.0,1434.7712707321957,1446.8528447116823,0.5543533698591537,0.5,-0.5435336985915373,1434.2277370336042,1447.3963784102739
316,2026-05-10,regional,レイラック滋賀ＦＣ,鹿児島ユナイテッドＦＣ,1,0,10.0,1.0,1336.1360284100567,1481.6853654015206,0.3658583309891591,1.0,6.341416690108409,1342.4774451001651,1475.3439487114122
317,2026-05-10,regional,ガイナーレ鳥取,ギラヴァンツ北九州,1,1,10.0,1.0,1406.0246940848224,1412.341751576799,0.5625356346213638,0.5,-0.625356346213638,1405.3993377386087,1412.9671079230127
318,2026-05-10,regional,ロアッソ熊本,ＦＣ琉球,0,1,10.0,1.0,1437.796316083283,1337.9176671019093,0.7032392405644576,0.0,-7.032392405644576,1430.7639236776386,1344.9500595075538
319,2026-05-10,regional,大分トリニータ,サガン鳥栖,0,1,10.0,1.0,1414.7978037920252,1511.9757278338363,0.43251974886503924,0.0,-4.325197488650392,1410.4726063033747,1516.3009253224868
320,2026-05-13,regional,ガイナーレ鳥取,レイラック滋賀ＦＣ,3,2,10.0,1.0,1405.3993377386087,1342.4774451001651,0.6570173733008169,1.0,3.429826266991831,1408.8291640056004,1339.0476188331734
321,2026-05-16,regional,栃木シティ,モンテディオ山形,3,0,10.0,1.3862943611198906,1486.4345166496048,1512.747135368072,0.5340361625138579,1.0,6.459630403928239,1492.894147053533,1506.2875049641436
322,2026-05-16,regional,湘南ベルマーレ,ベガルタ仙台,0,2,10.0,1.0986122886681098,1480.796604923023,1569.0262053574447,0.4452041492713544,0.0,-4.891067493555414,1475.9055374294676,1573.9172728510002
323,2026-05-16,regional,ＳＣ相模原,ヴァンラーレ八戸,1,1,10.0,1.0,1426.8314888012856,1482.28556069152,0.4921516042880075,0.5,0.07848395711992473,1426.9099727584055,1482.2070767344
324,2026-05-16,regional,福島ユナイテッドＦＣ,北海道コンサドーレ札幌,0,3,10.0,1.3862943611198906,1421.3485223158482,1484.8167235117116,0.4806274031595793,0.0,-6.662910587998211,1414.68561172785,1491.4796340997098
325,2026-05-16,regional,ジュビロ磐田,藤枝ＭＹＦＣ,0,3,10.0,1.3862943611198906,1504.2152534324648,1441.946228864241,0.6561699782067089,0.0,-9.09644740724122,1495.1188060252236,1451.0426762714822
326,2026-05-16,regional,ヴァンフォーレ甲府,ＦＣ岐阜,2,2,10.0,1.0,1481.4128837759088,1429.2563848080933,0.6429199140933611,0.5,-1.4291991409336113,1479.9836846349751,1430.685583949027
327,2026-05-16,regional,アルビレックス新潟,奈良クラブ,2,1,10.0,1.0,1447.3963784102739,1411.5949908388534,0.6210276809074838,1.0,3.7897231909251614,1451.186101601199,1407.8052676479283
328,2026-05-16,regional,サガン鳥栖,レノファ山口ＦＣ,1,1,10.0,1.0,1516.3009253224868,1444.900586958205,0.6679297639928816,0.5,-1.6792976399288162,1514.621627682558,1446.5798845981337
329,2026-05-17,regional,ブラウブリッツ秋田,ザスパ群馬,3,1,10.0,1.0986122886681098,1480.6996319533284,1407.3787352743632,0.670377327550601,1.0,3.6212751857653296,1484.3209071390938,1403.7574600885978
330,2026-05-17,regional,横浜ＦＣ,栃木ＳＣ,1,0,10.0,1.0,1499.0718765177508,1442.3556538042972,0.648922878350023,1.0,3.5107712164997693,1502.5826477342505,1438.8448825877974
331,2026-05-17,regional,いわきＦＣ,松本山雅ＦＣ,1,1,10.0,1.0,1531.5527825407414,1426.2239878981484,0.709744693874727,0.5,-2.0974469387472707,1529.4553356019942,1428.3214348368956
332,2026-05-17,regional,ＲＢ大宮アルディージャ,ＡＣ長野パルセイロ,1,2,10.0,1.0,1542.9290899808946,1305.698292128006,0.8393545422559152,0.0,-8.393545422559152,1534.5355445583355,1314.091837550565
333,2026-05-17,regional,カターレ富山,徳島ヴォルティス,2,2,10.0,1.0,1483.239831221624,1556.6527274610562,0.4663570438393069,0.5,0.33642956160693127,1483.576260783231,1556.3162978994492
334,2026-05-17,regional,ＦＣ大阪,ツエーゲン金沢,1,1,10.0,1.0,1467.9935273551996,1434.2277370336042,0.6182659753725815,0.5,-1.1826597537258154,1466.8108676014738,1435.41039678733
335,2026-05-17,regional,ＦＣ今治,カマタマーレ讃岐,1,2,10.0,1.0,1477.2019259589754,1336.1829942714842,0.7501839060270843,0.0,-7.501839060270843,1469.7000868987045,1343.684833331755
336,2026-05-17,regional,高知ユナイテッドSC,愛媛ＦＣ,0,1,10.0,1.0,1378.8504364908868,1382.7396337954983,0.5659718915255363,0.0,-5.659718915255363,1373.1907175756314,1388.3993527107536
337,2026-05-17,regional,大分トリニータ,テゲバジャーロ宮崎,1,2,10.0,1.0,1410.4726063033747,1537.320889709772,0.39117537162539007,0.0,-3.9117537162539007,1406.5608525871207,1541.232643426026
338,2026-05-17,regional,鹿児島ユナイテッドＦＣ,ロアッソ熊本,2,1,10.0,1.0,1475.3439487114122,1430.7639236776386,0.632846153655949,1.0,3.67153846344051,1479.0154871748528,1427.092385214198
339,2026-05-17,regional,ＦＣ琉球,ガイナーレ鳥取,1,3,10.0,1.0986122886681098,1344.9500595075538,1408.8291640056004,0.48003698081313173,0.0,-5.273745261364442,1339.6763142461893,1414.1029092669648
340,2026-05-17,regional,レイラック滋賀ＦＣ,ギラヴァンツ北九州,1,0,10.0,1.0,1339.0476188331734,1412.9671079230127,0.4656313705098884,1.0,5.343686294901115,1344.3913051280745,1407.6234216281116
341,2026-05-23,regional,ベガルタ仙台,横浜ＦＣ,0,3,10.0,1.3862943611198906,1573.9172728510002,1502.5826477342505,0.667845857231402,0.0,-9.258309459771722,1564.6589633912286,1511.8409571940222
342,2026-05-23,regional,ザスパ群馬,ＳＣ相模原,7,2,10.0,1.75,1403.7574600885978,1426.9099727584055,0.538559921452755,1.0,8.075201374576787,1411.8326614631746,1418.8347713838286
343,2026-05-23,regional,北海道コンサドーレ札幌,ジュビロ磐田,0,1,10.0,1.0,1491.4796340997098,1495.1188060252236,0.566325409256632,0.0,-5.66325409256632,1485.8163800071434,1500.78206011779
344,2026-05-23,regional,藤枝ＭＹＦＣ,いわきＦＣ,0,0,10.0,1.0,1451.0426762714822,1529.4553356019942,0.45920180419579204,0.5,0.4079819580420796,1451.4506582295242,1529.0473536439522
345,2026-05-23,regional,ＦＣ岐阜,ＲＢ大宮アルディージャ,0,2,10.0,1.0986122886681098,1430.685583949027,1534.5355445583355,0.4231183290760698,0.0,-4.648429958836875,1426.03715399019,1539.1839745171724
346,2026-05-23,regional,ＡＣ長野パルセイロ,ヴァンフォーレ甲府,0,0,10.0,1.0,1314.091837550565,1479.9836846349751,0.339140429622874,0.5,1.6085957037712602,1315.7004332543363,1478.375088931204
347,2026-05-23,regional,アルビレックス新潟,愛媛ＦＣ,2,1,10.0,1.0,1451.186101601199,1388.3993527107536,0.656842044338126,1.0,3.43157955661874,1454.6176811578177,1384.9677731541349
348,2026-05-23,regional,奈良クラブ,カターレ富山,5,1,10.0,1.6094379124341003,1407.8052676479283,1483.576260783231,0.4629804275412917,1.0,8.642996596341966,1416.4482642442704,1474.933264186889
349,2026-05-23,regional,レノファ山口ＦＣ,ロアッソ熊本,1,1,10.0,1.0,1446.5798845981337,1427.092385214198,0.5986881888246584,0.5,-0.9868818882465835,1445.593002709887,1428.0792671024446
350,2026-05-23,regional,サガン鳥栖,ＦＣ琉球,2,2,10.0,1.0,1514.621627682558,1339.6763142461893,0.7849736064624943,0.5,-2.8497360646249428,1511.771891617933,1342.5260503108143
351,2026-05-24,regional,ヴァンラーレ八戸,栃木ＳＣ,0,0,10.0,1.0,1482.2070767344,1438.8448825877974,0.63121576262446,0.5,-1.3121576262446,1480.8949191081554,1440.1570402140421
352,2026-05-24,regional,ブラウブリッツ秋田,栃木シティ,1,0,10.0,1.0,1484.3209071390938,1492.894147053533,0.5593369649462782,1.0,4.406630350537219,1488.727537489631,1488.487516702996
353,2026-05-24,regional,モンテディオ山形,湘南ベルマーレ,3,1,10.0,1.0986122886681098,1506.2875049641436,1475.9055374294676,0.6136582414259658,1.0,4.24439803595082,1510.5319030000944,1471.6611393935168
354,2026-05-24,regional,松本山雅ＦＣ,福島ユナイテッドＦＣ,3,3,10.0,1.0,1428.3214348368956,1414.68561172785,0.590568795963593,0.5,-0.9056879596359302,1427.4157468772596,1415.591299687486
355,2026-05-24,regional,カマタマーレ讃岐,ＦＣ大阪,2,2,10.0,1.0,1343.684833331755,1466.8108676014738,0.3962900939433054,0.5,1.0370990605669461,1344.721932392322,1465.7737685409068
356,2026-05-24,regional,徳島ヴォルティス,ＦＣ今治,1,1,10.0,1.0,1556.3162978994492,1469.7000868987045,0.687063436148911,0.5,-1.8706343614891097,1554.4456635379602,1471.5707212601935
357,2026-05-24,regional,ガイナーレ鳥取,大分トリニータ,0,0,10.0,1.0,1414.1029092669648,1406.5608525871207,0.5820607422483469,0.5,-0.8206074224834692,1413.2823018444815,1407.381460009604
358,2026-05-24,regional,ギラヴァンツ北九州,鹿児島ユナイテッドＦＣ,1,5,10.0,1.6094379124341003,1407.6234216281116,1479.0154871748528,0.4692531871573795,0.0,-7.552338699416211,1400.0710829286954,1486.567825874269
359,2026-05-24,regional,テゲバジャーロ宮崎,レイラック滋賀ＦＣ,2,2,10.0,1.0,1541.232643426026,1344.3913051280745,0.8054846341837196,0.5,-3.0548463418371963,1538.1777970841888,1347.4461514699117
360,2026-05-24,regional,ツエーゲン金沢,高知ユナイテッドSC,2,0,10.0,1.0986122886681098,1435.41039678733,1373.1907175756314,0.6561058895155074,1.0,3.778062957788522,1439.1884597451185,1369.412654617843
361,2026-05-30,playoff,ベガルタ仙台,ヴァンフォーレ甲府,1,0,5.0,1.0,1564.6589633912286,1478.375088931204,0.6866519622854548,1.0,1.5667401885727261,1566.2257035798013,1476.808348742631
362,2026-05-30,playoff,栃木シティ,ジュビロ磐田,2,2,5.0,1.0,1488.487516702996,1500.78206011779,0.554050483872239,0.5,-0.27025241936119493,1488.2172642836347,1501.0523125371512
363,2026-05-30,playoff,横浜ＦＣ,ＲＢ大宮アルディージャ,2,1,5.0,1.0,1511.8409571940222,1539.1839745171724,0.5325598773631633,1.0,2.337200613184183,1514.1781578072064,1536.8467739039882
364,2026-05-30,playoff,湘南ベルマーレ,いわきＦＣ,1,1,5.0,1.0,1471.6611393935168,1529.0473536439522,0.48937198431337764,0.5,0.053140078433111804,1471.71427947195,1528.994213565519
365,2026-05-30,playoff,ＳＣ相模原,藤枝ＭＹＦＣ,1,1,5.0,1.0,1418.8347713838286,1451.4506582295242,0.5249968930242055,0.5,-0.12498446512102745,1418.7097869187076,1451.5756426946452
366,2026-05-30,playoff,アルビレックス新潟,鹿児島ユナイテッドＦＣ,0,0,5.0,1.0,1454.6176811578177,1486.567825874269,0.5259524856472035,0.5,-0.1297624282360177,1454.4879187295817,1486.697588302505
367,2026-05-30,playoff,ＦＣ大阪,レイラック滋賀ＦＣ,0,0,5.0,1.0,1465.7737685409068,1347.4461514699117,0.7249144792782863,0.5,-1.1245723963914318,1464.6491961445154,1348.570723866303
368,2026-05-30,playoff,奈良クラブ,大分トリニータ,3,3,5.0,1.0,1416.4482642442704,1407.381460009604,0.5841943748589575,0.5,-0.42097187429478766,1416.0272923699756,1407.8024318838989
369,2026-05-30,playoff,徳島ヴォルティス,サガン鳥栖,3,1,5.0,1.0986122886681098,1554.4456635379602,1511.771891617933,0.6302927958096806,1.0,2.030824388663075,1556.4764879266233,1509.74106722927
370,2026-05-30,playoff,高知ユナイテッドSC,レノファ山口ＦＣ,2,2,5.0,1.0,1369.412654617843,1445.593002709887,0.462394599153994,0.5,0.18802700423003,1369.600681622073,1445.404975705657
371,2026-05-30,playoff,愛媛ＦＣ,ロアッソ熊本,0,1,5.0,1.0,1384.9677731541349,1428.0792671024446,0.5099120583208981,0.0,-2.549560291604491,1382.4182128625305,1430.628827394049
372,2026-05-30,playoff,カターレ富山,テゲバジャーロ宮崎,1,0,5.0,1.0,1474.933264186889,1538.1777970841888,0.4809488124784694,1.0,2.5952559376076536,1477.5285201244965,1535.5825411465812
373,2026-05-31,playoff,ブラウブリッツ秋田,北海道コンサドーレ札幌,1,1,5.0,1.0,1488.727537489631,1485.8163800071434,0.5755620225523582,0.5,-0.3778101127617911,1488.3497273768692,1486.1941901199052
374,2026-05-31,playoff,モンテディオ山形,松本山雅ＦＣ,1,1,5.0,1.0,1510.5319030000944,1427.4157468772596,0.6827152425320835,0.5,-0.9135762126604174,1509.618326787434,1428.32932308992
375,2026-05-31,playoff,栃木ＳＣ,ＡＣ長野パルセイロ,0,0,5.0,1.0,1440.1570402140421,1315.7004332543363,0.731893938457416,0.5,-1.1594696922870802,1438.997570521755,1316.8599029466234
376,2026-05-31,playoff,ザスパ群馬,ＦＣ岐阜,0,1,5.0,1.0,1411.8326614631746,1426.03715399019,0.5513323783512238,0.0,-2.756661891756119,1409.0759995714186,1428.793815881946
377,2026-05-31,playoff,カマタマーレ讃岐,ギラヴァンツ北九州,3,1,5.0,1.0986122886681098,1344.721932392322,1400.0710829286954,0.49230256176153764,1.0,2.788813222870467,1347.5107456151925,1397.282269705825
378,2026-05-31,playoff,ＦＣ今治,ＦＣ琉球,1,2,5.0,1.0,1471.5707212601935,1342.5260503108143,0.7370446011349748,0.0,-3.685223005674874,1467.8854982545186,1346.2112733164893
379,2026-05-31,playoff,ツエーゲン金沢,ガイナーレ鳥取,1,3,5.0,1.0986122886681098,1439.1884597451185,1413.2823018444815,0.6075322683923755,0.0,-3.33721207909138,1435.8512476660271,1416.6195139235729
380,2026-06-01,playoff,ヴァンラーレ八戸,福島ユナイテッドＦＣ,0,1,5.0,1.0,1480.8949191081554,1415.591299687486,0.660100248178567,0.0,-3.300501240892835,1477.5944178672626,1418.8918009283789
381,2026-06-05,playoff,カマタマーレ讃岐,ＡＣ長野パルセイロ,0,0,5.0,1.0,1347.5107456151925,1316.8599029466234,0.6140251248418109,0.5,-0.5701256242090547,1346.9406199909834,1317.4300285708325
382,2026-06-06,playoff,栃木シティ,レイラック滋賀ＦＣ,3,1,5.0,1.0986122886681098,1488.2172642836347,1348.570723866303,0.7487004360466291,1.0,1.3804039454805543,1489.5976682291152,1347.1903199208225
383,2026-06-06,playoff,ＲＢ大宮アルディージャ,高知ユナイテッドSC,2,1,5.0,1.0,1536.8467739039882,1369.600681622073,0.7773983481406405,1.0,1.1130082592967976,1537.959782163285,1368.4876733627761
384,2026-06-06,playoff,藤枝ＭＹＦＣ,愛媛ＦＣ,1,0,5.0,1.0,1451.5756426946452,1382.4182128625305,0.665059878216143,1.0,1.674700608919285,1453.2503433035645,1380.7435122536112
385,2026-06-06,playoff,松本山雅ＦＣ,奈良クラブ,0,2,5.0,1.0986122886681098,1428.32932308992,1416.0272923699756,0.5887110114549873,0.0,-3.233825758293407,1425.0954973316266,1419.2611181282691
386,2026-06-06,playoff,テゲバジャーロ宮崎,ヴァンフォーレ甲府,2,1,5.0,1.0,1535.5825411465812,1476.808348742631,0.6516170154629803,1.0,1.7419149226850983,1537.3244560692663,1475.066433819946
387,2026-06-06,playoff,ＦＣ岐阜,ガイナーレ鳥取,1,1,5.0,1.0,1428.793815881946,1416.6195139235729,0.5885329696662626,0.5,-0.4426648483313128,1428.3511510336148,1417.0621787719042
388,2026-06-06,playoff,ジュビロ磐田,ＦＣ大阪,1,1,5.0,1.0,1501.0523125371512,1464.6491961445154,0.6218425587295595,0.5,-0.6092127936477976,1500.4430997435034,1465.2584089381633
389,2026-06-06,playoff,サガン鳥栖,湘南ベルマーレ,1,0,5.0,1.0,1509.74106722927,1471.71427947195,0.6240379375190988,1.0,1.8798103124045062,1511.6208775416744,1469.8344691595455
390,2026-06-06,playoff,横浜ＦＣ,レノファ山口ＦＣ,2,1,5.0,1.0,1514.1781578072064,1445.404975705657,0.664566984430749,1.0,1.6771650778462548,1515.8553228850526,1443.7278106278109
391,2026-06-06,playoff,ＳＣ相模原,ロアッソ熊本,3,0,5.0,1.3862943611198906,1418.7097869187076,1430.628827394049,0.5545844985173576,1.0,3.0873849903038773,1421.7971719090115,1427.5414424037451
392,2026-06-06,playoff,ベガルタ仙台,カターレ富山,1,1,5.0,1.0,1566.2257035798013,1477.5285201244965,0.6896332277062416,0.5,-0.9481661385312079,1565.2775374412702,1478.4766862630277
393,2026-06-06,playoff,アルビレックス新潟,北海道コンサドーレ札幌,0,0,5.0,1.0,1454.4879187295817,1486.1941901199052,0.5263024892305761,0.5,-0.1315124461528805,1454.356406283429,1486.325702566058
394,2026-06-07,playoff,ヴァンラーレ八戸,ＦＣ今治,1,1,5.0,1.0,1477.5944178672626,1467.8854982545186,0.5850919707792986,0.5,-0.4254598538964932,1477.1689580133661,1468.310958108415
395,2026-06-07,playoff,ブラウブリッツ秋田,鹿児島ユナイテッドＦＣ,0,2,5.0,1.0986122886681098,1488.3497273768692,1486.697588302505,0.5737905674816853,0.0,-3.151866842786139,1485.197860534083,1489.8494551452911
396,2026-06-07,playoff,徳島ヴォルティス,いわきＦＣ,2,0,5.0,1.0986122886681098,1556.4764879266233,1528.994213565519,0.6096934478412843,1.0,2.143977872746228,1558.6204657993696,1526.8502356927727
397,2026-06-07,playoff,ツエーゲン金沢,ザスパ群馬,4,1,5.0,1.3862943611198906,1435.8512476660271,1409.0759995714186,0.608724496541855,1.0,2.7121151204418634,1438.563362786469,1406.3638844509767
398,2026-06-07,playoff,大分トリニータ,モンテディオ山形,1,0,5.0,1.0,1407.8024318838989,1509.618326787434,0.42597891778571606,1.0,2.8701054110714197,1410.6725372949702,1506.7482213763626
399,2026-06-07,playoff,栃木ＳＣ,ギラヴァンツ北九州,1,1,5.0,1.0,1438.997570521755,1397.282269705825,0.6290061879717002,0.5,-0.6450309398585008,1438.3525395818965,1397.9273006456835
400,2026-06-07,playoff,福島ユナイテッドＦＣ,ＦＣ琉球,1,1,5.0,1.0,1418.8918009283789,1346.2112733164893,0.6695622577709146,0.5,-0.847811288854573,1418.0439896395244,1347.0590846053437
