year,cutoff_matches,beta_elo,teams,season_matches,known_matches,future_matches,known_ratio,cutoff_date,cutoff_mode,min_team_games_at_cutoff,max_team_games_at_cutoff,avg_team_games_at_cutoff,league_home_avg_known,league_away_avg_known,prior_matches_used,mae,mean_prob_actual_position,sim_draw_rate,actual_future_draw_rate,sim_goals_per_match,actual_future_goals_per_match,mean_lambda_home,mean_lambda_away,mean_lambda_total,mean_elo_factor,mean_abs_elo_diff
2023,5,0.0,18,306,45,261,0.14705882352941177,2023-03-19,all_teams_at_least,5,5,5.0,1.2222222222222223,1.1777777777777778,12424,2.6879,0.17130555555555554,0.27188505747126435,0.24904214559386972,2.3586793103448276,2.5593869731800765,1.2297822881547993,1.1288580169622717,2.358640305117071,1.0,66.933122605364
2024,5,0.0,20,380,59,321,0.15526315789473685,2024-04-03,all_teams_at_least,5,6,5.9,1.2881355932203389,1.1864406779661016,13513,2.77193,0.10542,0.27310093457943924,0.26791277258566976,2.3807753894081,2.691588785046729,1.2312214068187146,1.1501953586283014,2.381416765447016,1.0,64.7335046728972
2025,5,0.0,20,380,58,322,0.15263157894736842,2025-03-16,all_teams_at_least,5,6,5.8,1.1379310344827587,0.9310344827586207,14083,4.0736099999999995,0.09055500000000001,0.30805465838509316,0.2484472049689441,2.0042012422360247,2.453416149068323,1.0537044086071048,0.9502149258217084,2.003919334428813,1.0,54.468627329192515
2023,5,0.05,18,306,45,261,0.14705882352941177,2023-03-19,all_teams_at_least,5,5,5.0,1.2222222222222223,1.1777777777777778,12424,2.653033333333333,0.17190555555555553,0.27098275862068966,0.24904214559386972,2.3626095785440615,2.5593869731800765,1.2314850862273157,1.131968999393134,2.36345408562045,1.0001049946665495,66.933122605364
2024,5,0.05,20,380,59,321,0.15526315789473685,2024-04-03,all_teams_at_least,5,6,5.9,1.2881355932203389,1.1864406779661016,13513,2.7631800000000006,0.10425500000000001,0.27262367601246107,0.26791277258566976,2.387552336448598,2.691588785046729,1.2337747093548368,1.1529170794925603,2.3866917888473966,1.000120717350648,64.7335046728972
2025,5,0.05,20,380,58,322,0.15263157894736842,2025-03-16,all_teams_at_least,5,6,5.8,1.1379310344827587,0.9310344827586207,14083,4.05515,0.0923,0.3071006211180124,0.2484472049689441,2.0072152173913045,2.453416149068323,1.0541448753012177,0.9535854109749894,2.0077302862762068,0.9997598909360724,54.468627329192515
2023,5,0.1,18,306,45,261,0.14705882352941177,2023-03-19,all_teams_at_least,5,5,5.0,1.2222222222222223,1.1777777777777778,12424,2.615277777777778,0.17469999999999997,0.27032758620689656,0.24904214559386972,2.3690540229885055,2.5593869731800765,1.2331115583034882,1.1352096615292262,2.3683212198327146,1.0003183655712118,66.933122605364
2024,5,0.1,20,380,59,321,0.15526315789473685,2024-04-03,all_teams_at_least,5,6,5.9,1.2881355932203389,1.1864406779661016,13513,2.7486500000000005,0.105845,0.2712445482866044,0.26791277258566976,2.392807476635514,2.691588785046729,1.2362427314762687,1.1557394288787215,2.3919821603549902,1.0003372991292496,64.7335046728972
2025,5,0.1,20,380,58,322,0.15263157894736842,2025-03-16,all_teams_at_least,5,6,5.8,1.1379310344827587,0.9310344827586207,14083,4.06891,0.09281,0.30641180124223605,0.2484472049689441,2.0122,2.453416149068323,1.0546684449830968,0.9570402409693112,2.011708685952408,0.999591961866032,54.468627329192515
2023,5,0.15,18,306,45,261,0.14705882352941177,2023-03-19,all_teams_at_least,5,5,5.0,1.2222222222222223,1.1777777777777778,12424,2.5764444444444448,0.17648888888888886,0.26903486590038317,0.24904214559386972,2.3733459770114944,2.5593869731800765,1.2348727878400652,1.1385809253515233,2.3734537131915885,1.0006401784777228,66.933122605364
2024,5,0.15,20,380,59,321,0.15526315789473685,2024-04-03,all_teams_at_least,5,6,5.9,1.2881355932203389,1.1864406779661016,13513,2.75194,0.10512000000000002,0.2706679127725857,0.26791277258566976,2.39641246105919,2.691588785046729,1.2385811330746557,1.158663068814378,2.397244201889034,1.0006497585726253,64.7335046728972
2025,5,0.15,20,380,58,322,0.15263157894736842,2025-03-16,all_teams_at_least,5,6,5.8,1.1379310344827587,0.9310344827586207,14083,4.07136,0.09206500000000001,0.305332298136646,0.2484472049689441,2.015633540372671,2.453416149068323,1.0552751263065623,0.9605801344784362,2.015855260784998,0.9994961681582081,54.468627329192515
2023,5,0.2,18,306,45,261,0.14705882352941177,2023-03-19,all_teams_at_least,5,5,5.0,1.2222222222222223,1.1777777777777778,12424,2.5336666666666665,0.1801277777777778,0.2678486590038314,0.24904214559386972,2.381668582375479,2.5593869731800765,1.236769316792984,1.1420837543171682,2.378853071110152,1.0010705314393795,66.933122605364
2024,5,0.2,20,380,59,321,0.15526315789473685,2024-04-03,all_teams_at_least,5,6,5.9,1.2881355932203389,1.1864406779661016,13513,2.74036,0.10668,0.26902118380062306,0.26791277258566976,2.4032426791277257,2.691588785046729,1.240967459522346,1.1616886854355093,2.4026561449578554,1.0010581315869627,64.7335046728972
2025,5,0.2,20,380,58,322,0.15263157894736842,2025-03-16,all_teams_at_least,5,6,5.8,1.1379310344827587,0.9310344827586207,14083,4.06828,0.0937,0.3043378881987578,0.2484472049689441,2.0208611801242236,2.453416149068323,1.055964944814329,0.9642058284303792,2.020170773244708,0.9994724789836863,54.468627329192515
2023,5,0.3,18,306,45,261,0.14705882352941177,2023-03-19,all_teams_at_least,5,5,5.0,1.2222222222222223,1.1777777777777778,12424,2.4784666666666664,0.18450555555555556,0.2660670498084291,0.24904214559386972,2.390116091954023,2.5593869731800765,1.2406315500169751,1.1492081993842993,2.389839749401275,1.0022574114541725,66.933122605364
2024,5,0.3,20,380,59,321,0.15526315789473685,2024-04-03,all_teams_at_least,5,6,5.9,1.2881355932203389,1.1864406779661016,13513,2.73195,0.10901999999999998,0.2672470404984424,0.26791277258566976,2.4133292834890967,2.691588785046729,1.2459832136014917,1.1680487153724237,2.4140319289739156,1.0021628752539187,64.7335046728972
2025,5,0.3,20,380,58,322,0.15263157894736842,2025-03-16,all_teams_at_least,5,6,5.8,1.1379310344827587,0.9310344827586207,14083,4.065239999999999,0.094415,0.3030049689440994,0.2484472049689441,2.0279273291925466,2.453416149068323,1.0572701426300555,0.9717176579346011,2.0289878005646567,0.9996413598801211,54.468627329192515
2023,10,0.0,18,306,106,200,0.3464052287581699,2023-05-10,all_teams_at_least,10,12,11.777777777777779,1.349056603773585,1.3018867924528301,12424,1.3053777777777777,0.21031666666666668,0.244247,0.255,2.6371775,2.46,1.3495168693789157,1.2883303455825645,2.63784721496148,1.0,83.10734499999998
2024,10,0.0,20,380,109,271,0.2868421052631579,2024-05-03,all_teams_at_least,10,11,10.9,1.2660550458715596,1.1376146788990826,13513,2.63524,0.11548999999999998,0.2742391143911439,0.25461254612546125,2.330249077490775,2.7601476014760147,1.2110868459346682,1.1193287712248656,2.3304156171595336,1.0,68.28860147601475
2025,10,0.0,20,380,112,268,0.29473684210526313,2025-04-20,all_teams_at_least,10,12,11.2,1.2232142857142858,0.9464285714285714,14083,3.0787299999999997,0.100685,0.2955108208955224,0.24253731343283583,2.107039179104478,2.4888059701492535,1.1876121889536462,0.9189574144532942,2.1065696034069408,1.0,54.666656716417904
2023,10,0.05,18,306,106,200,0.3464052287581699,2023-05-10,all_teams_at_least,10,12,11.777777777777779,1.349056603773585,1.3018867924528301,12424,1.3083444444444443,0.21244444444444446,0.2428845,0.255,2.6459625,2.46,1.3530013642552603,1.2931253568006538,2.646126721055914,1.0001353195307552,83.10734499999998
2024,10,0.05,20,380,109,271,0.2868421052631579,2024-05-03,all_teams_at_least,10,11,10.9,1.2660550458715596,1.1376146788990826,13513,2.64684,0.116195,0.2733328413284133,0.25461254612546125,2.336709225092251,2.7601476014760147,1.2136143266259563,1.1223979863449636,2.3360123129709196,0.9999950355802634,68.28860147601475
2025,10,0.05,20,380,112,268,0.29473684210526313,2025-04-20,all_teams_at_least,10,12,11.2,1.2232142857142858,0.9464285714285714,14083,3.0615900000000003,0.10108500000000001,0.2948231343283582,0.24253731343283583,2.1116723880597017,2.4888059701492535,1.189139269306208,0.9208148768431286,2.1099541461493363,1.0000239270179005,54.666656716417904
2023,10,0.1,18,306,106,200,0.3464052287581699,2023-05-10,all_teams_at_least,10,12,11.777777777777779,1.349056603773585,1.3018867924528301,12424,1.3216888888888891,0.2122611111111111,0.241197,0.255,2.6561915,2.46,1.3566999744659187,1.2981279474912708,2.6548279219571898,1.0004302626318713,83.10734499999998
2024,10,0.1,20,380,109,271,0.2868421052631579,2024-05-03,all_teams_at_least,10,11,10.9,1.2660550458715596,1.1376146788990826,13513,2.6280200000000002,0.11779499999999998,0.2718420664206642,0.25461254612546125,2.3411667896678967,2.7601476014760147,1.2162728173594446,1.125571023397695,2.3418438407571394,1.0000941298205384,68.28860147601475
2025,10,0.1,20,380,112,268,0.29473684210526313,2025-04-20,all_teams_at_least,10,12,11.2,1.2232142857142858,0.9464285714285714,14083,3.03761,0.10231000000000001,0.2937955223880597,0.24253731343283583,2.1154675373134326,2.4888059701492535,1.1907509972867476,0.9227412970649602,2.113492294351708,1.0001160196179033,54.666656716417904
2023,10,0.15,18,306,106,200,0.3464052287581699,2023-05-10,all_teams_at_least,10,12,11.777777777777779,1.349056603773585,1.3018867924528301,12424,1.3360333333333332,0.21248888888888887,0.2396375,0.255,2.663082,2.46,1.3601541240273542,1.3033401793709312,2.663494303398286,1.0008849161587663,83.10734499999998
2024,10,0.15,20,380,109,271,0.2868421052631579,2024-05-03,all_teams_at_least,10,11,10.9,1.2660550458715596,1.1376146788990826,13513,2.63407,0.119695,0.27072988929889297,0.25461254612546125,2.349228413284133,2.7601476014760147,1.219062904581299,1.1288648929761407,2.34792779755744,1.0002972536726744,68.28860147601475
2025,10,0.15,20,380,112,268,0.29473684210526313,2025-04-20,all_teams_at_least,10,12,11.2,1.2232142857142858,0.9464285714285714,14083,3.0491899999999994,0.10159,0.2931313432835821,0.24253731343283583,2.119206343283582,2.4888059701492535,1.1922711565479105,0.9247370625510477,2.117008219098958,1.000276252671527,54.666656716417904
2023,10,0.2,18,306,106,200,0.3464052287581699,2023-05-10,all_teams_at_least,10,12,11.777777777777779,1.349056603773585,1.3018867924528301,12424,1.3433333333333333,0.2144611111111111,0.2376415,0.255,2.6711925,2.46,1.3636195635923716,1.3087642046509143,2.6723837682432863,1.0014994311968963,83.10734499999998
2024,10,0.2,20,380,109,271,0.2868421052631579,2024-05-03,all_teams_at_least,10,11,10.9,1.2660550458715596,1.1376146788990826,13513,2.636169999999999,0.12199,0.26904649446494466,0.25461254612546125,2.352739114391144,2.7601476014760147,1.221961686967478,1.1322803718918635,2.354242058859341,1.000604403093409,68.28860147601475
2025,10,0.2,20,380,112,268,0.29473684210526313,2025-04-20,all_teams_at_least,10,12,11.2,1.2232142857142858,0.9464285714285714,14083,3.0265299999999997,0.103935,0.2923037313432836,0.24253731343283583,2.1183608208955222,2.4888059701492535,1.1938481490564665,0.9268025734863284,2.1206507225427953,1.0005046123483803,54.666656716417904
2023,10,0.3,18,306,106,200,0.3464052287581699,2023-05-10,all_teams_at_least,10,12,11.777777777777779,1.349056603773585,1.3018867924528301,12424,1.3626666666666667,0.21494444444444447,0.2343855,0.255,2.6908355,2.46,1.371167726974663,1.319958162316612,2.691125889291275,1.0032089710768861,83.10734499999998
2024,10,0.3,20,380,109,271,0.2868421052631579,2024-05-03,all_teams_at_least,10,11,10.9,1.2660550458715596,1.1376146788990826,13513,2.63891,0.125095,0.2664188191881919,0.25461254612546125,2.368047970479705,2.7601476014760147,1.2276645225325384,1.1394794140189377,2.3671439365514764,1.0015308874635438,68.28860147601475
2025,10,0.3,20,380,112,268,0.29473684210526313,2025-04-20,all_teams_at_least,10,12,11.2,1.2232142857142858,0.9464285714285714,14083,3.0095400000000003,0.105745,0.29062649253731343,0.24253731343283583,2.1271365671641793,2.4888059701492535,1.1972486372212205,0.9311444969156402,2.1283931341368607,1.0011657126433897,54.666656716417904
2023,15,0.0,18,306,142,164,0.46405228758169936,2023-06-04,all_teams_at_least,15,16,15.777777777777779,1.3943661971830985,1.2887323943661972,12424,1.7336555555555557,0.18825555555555556,0.2490048780487805,0.2682926829268293,2.6131231707317073,2.3841463414634148,1.3786065447838853,1.2329918620607172,2.6115984068446028,1.0,90.65633536585361
2024,15,0.0,20,380,165,215,0.4342105263157895,2024-06-01,all_teams_at_least,15,17,16.5,1.3515151515151516,1.2666666666666666,13513,2.6902,0.09192,0.25422558139534884,0.2651162790697674,2.5526013953488373,2.6744186046511627,1.335727479852679,1.2167411921071425,2.5524686719598217,1.0,72.30065581395348
2025,15,0.0,20,380,166,214,0.4368421052631579,2025-05-18,all_teams_at_least,15,18,16.6,1.2108433734939759,0.9759036144578314,14083,2.1577599999999997,0.15233,0.2921803738317757,0.26635514018691586,2.1193331775700934,2.55607476635514,1.1651804630644913,0.9533522410741168,2.118532704138608,1.0,61.89919626168224
2023,15,0.05,18,306,142,164,0.46405228758169936,2023-06-04,all_teams_at_least,15,16,15.777777777777779,1.3943661971830985,1.2887323943661972,12424,1.7241666666666668,0.19217222222222224,0.24673353658536584,0.2682926829268293,2.620743292682927,2.3841463414634148,1.3841233688304801,1.237936581056233,2.6220599498867134,1.000575853353412,90.65633536585361
2024,15,0.05,20,380,165,215,0.4342105263157895,2024-06-01,all_teams_at_least,15,17,16.5,1.3515151515151516,1.2666666666666666,13513,2.6855099999999994,0.09271,0.25334837209302324,0.2651162790697674,2.5599902325581394,2.6744186046511627,1.3399019390603428,1.219556058995231,2.5594579980555743,1.000284926985254,72.30065581395348
2025,15,0.05,20,380,166,214,0.4368421052631579,2025-05-18,all_teams_at_least,15,18,16.6,1.2108433734939759,0.9759036144578314,14083,2.1530799999999997,0.15451499999999999,0.2908799065420561,0.26635514018691586,2.124039719626168,2.55607476635514,1.167160999629471,0.955824342831545,2.1229853424610163,0.9997200372344863,61.89919626168224
2023,15,0.1,18,306,142,164,0.46405228758169936,2023-06-04,all_teams_at_least,15,16,15.777777777777779,1.3943661971830985,1.2887323943661972,12424,1.7255111111111112,0.18955555555555556,0.24408841463414635,0.2682926829268293,2.6341768292682928,2.3841463414634148,1.3893377362926438,1.2431254088713883,2.632463145164032,1.0013382618212137,90.65633536585361
2024,15,0.1,20,380,165,215,0.4342105263157895,2024-06-01,all_teams_at_least,15,17,16.5,1.3515151515151516,1.2666666666666666,13513,2.6895999999999995,0.09246000000000001,0.25204232558139533,0.2651162790697674,2.568068837209302,2.6744186046511627,1.3442457781483088,1.2225270202779706,2.5667727984262787,1.000689724164296,72.30065581395348
2025,15,0.1,20,380,166,214,0.4368421052631579,2025-05-18,all_teams_at_least,15,18,16.6,1.2108433734939759,0.9759036144578314,14083,2.15336,0.15440000000000004,0.28979392523364483,0.26635514018691586,2.127016355140187,2.55607476635514,1.1692522383823916,0.9583948078202238,2.1276470462026156,0.9995317199330811,61.89919626168224
2023,15,0.15,18,306,142,164,0.46405228758169936,2023-06-04,all_teams_at_least,15,16,15.777777777777779,1.3943661971830985,1.2887323943661972,12424,1.7175777777777776,0.1940388888888889,0.24236646341463414,0.2682926829268293,2.6420420731707317,2.3841463414634148,1.3947812660865422,1.2485609430041378,2.64334220909068,1.0022875184115339,90.65633536585361
2024,15,0.15,20,380,165,215,0.4342105263157895,2024-06-01,all_teams_at_least,15,17,16.5,1.3515151515151516,1.2666666666666666,13513,2.6970700000000005,0.091875,0.24996093023255814,0.2651162790697674,2.5748772093023256,2.6744186046511627,1.3487603149310834,1.2256550388677516,2.574415353798835,1.00121451740674,72.30065581395348
2025,15,0.15,20,380,166,214,0.4368421052631579,2025-05-18,all_teams_at_least,15,18,16.6,1.2108433734939759,0.9759036144578314,14083,2.1432200000000003,0.15432,0.2889827102803738,0.26635514018691586,2.1322607476635516,2.55607476635514,1.1714546726385369,0.9610643867648759,2.1325190594034127,0.9994349479542717,61.89919626168224
2023,15,0.2,18,306,142,164,0.46405228758169936,2023-06-04,all_teams_at_least,15,16,15.777777777777779,1.3943661971830985,1.2887323943661972,12424,1.7191444444444444,0.1913111111111111,0.24013841463414634,0.2682926829268293,2.65227256097561,2.3841463414634148,1.4004829848926272,1.2542458989392284,2.6547288838318552,1.0034239972090675,90.65633536585361
2024,15,0.2,20,380,165,215,0.4342105263157895,2024-06-01,all_teams_at_least,15,17,16.5,1.3515151515151516,1.2666666666666666,13513,2.69287,0.09218499999999999,0.24911302325581394,0.2651162790697674,2.5819362790697675,2.6744186046511627,1.3534469187687566,1.22894112682392,2.582388045592676,1.0018594679920072,72.30065581395348
2025,15,0.2,20,380,166,214,0.4368421052631579,2025-05-18,all_teams_at_least,15,18,16.6,1.2108433734939759,0.9759036144578314,14083,2.1308000000000002,0.155915,0.28715981308411215,0.26635514018691586,2.137307009345794,2.55607476635514,1.1737688253172276,0.9638338583687518,2.137602683685979,0.9994296446683303,61.89919626168224
2023,15,0.3,18,306,142,164,0.46405228758169936,2023-06-04,all_teams_at_least,15,16,15.777777777777779,1.3943661971830985,1.2887323943661972,12424,1.695166666666667,0.19646666666666668,0.2356969512195122,0.2682926829268293,2.6797798780487807,2.3841463414634148,1.4126693212493941,1.2653201251724087,2.6779894464218024,1.006260523582938,90.65633536585361
2024,15,0.3,20,380,165,215,0.4342105263157895,2024-06-01,all_teams_at_least,15,17,16.5,1.3515151515151516,1.2666666666666666,13513,2.7012699999999996,0.09104999999999999,0.2459167441860465,0.2651162790697674,2.5978627906976746,2.6744186046511627,1.3633420661999067,1.2359918076794598,2.599333873879366,1.003510663674197,72.30065581395348
2025,15,0.3,20,380,166,214,0.4368421052631579,2025-05-18,all_teams_at_least,15,18,16.6,1.2108433734939759,0.9759036144578314,14083,2.11684,0.157635,0.285107476635514,0.26635514018691586,2.1485607476635513,2.55607476635514,1.1787345268845895,0.9696757362884376,2.148410263173027,0.9996932549614712,61.89919626168224
2023,17,0.0,18,306,160,146,0.5228758169934641,2023-06-25,all_teams_at_least,17,18,17.77777777777778,1.38125,1.3,12424,2.039444444444445,0.17721666666666666,0.2482445205479452,0.273972602739726,2.62278698630137,2.335616438356164,1.400328428739361,1.2245690456913414,2.624897474430702,1.0,92.78213698630137
2024,17,0.0,20,380,179,201,0.4710526315789474,2024-06-19,all_teams_at_least,17,18,17.9,1.3910614525139664,1.2625698324022345,13513,2.53193,0.092255,0.2528537313432836,0.26865671641791045,2.596938805970149,2.6417910447761193,1.3566906626397655,1.2392356212261477,2.5959262838659134,1.0,76.06325373134327
2025,17,0.0,20,380,178,202,0.46842105263157896,2025-05-25,all_teams_at_least,17,19,17.8,1.247191011235955,1.0056179775280898,14083,2.3055499999999993,0.134755,0.2871435643564356,0.2623762376237624,2.187657920792079,2.51980198019802,1.2180354377857059,0.9700089523711174,2.1880443901568234,1.0,57.92732178217823
2023,17,0.05,18,306,160,146,0.5228758169934641,2023-06-25,all_teams_at_least,17,18,17.77777777777778,1.38125,1.3,12424,2.0483777777777785,0.17705,0.24577465753424657,0.273972602739726,2.6339116438356163,2.335616438356164,1.4062336601328262,1.228586138011314,2.6348197981441404,1.001027875124532,92.78213698630137
2024,17,0.05,20,380,179,201,0.4710526315789474,2024-06-19,all_teams_at_least,17,18,17.9,1.3910614525139664,1.2625698324022345,13513,2.5322000000000005,0.092605,0.2512318407960199,0.26865671641791045,2.604633830845771,2.6417910447761193,1.3606006375848279,1.2424000292985902,2.6030006668834176,0.9999966402854091,76.06325373134327
2025,17,0.05,20,380,178,202,0.46842105263157896,2025-05-25,all_teams_at_least,17,19,17.8,1.247191011235955,1.0056179775280898,14083,2.3109599999999992,0.13610499999999998,0.28625148514851484,0.2623762376237624,2.191022277227723,2.51980198019802,1.2198430642153029,0.9719402845821833,2.1917833487974865,1.0000913797043205,57.92732178217823
2023,17,0.1,18,306,160,146,0.5228758169934641,2023-06-25,all_teams_at_least,17,18,17.77777777777778,1.38125,1.3,12424,2.0552666666666664,0.17763888888888887,0.24364246575342466,0.273972602739726,2.6478589041095892,2.335616438356164,1.4124136759196788,1.2328733950525586,2.645287070972237,1.0022533480142055,92.78213698630137
2024,17,0.1,20,380,179,201,0.4710526315789474,2024-06-19,all_teams_at_least,17,18,17.9,1.3910614525139664,1.2625698324022345,13513,2.5317899999999995,0.090605,0.24956119402985075,0.26865671641791045,2.608599502487562,2.6417910447761193,1.3645669164156633,1.2457395664955735,2.6103064829112372,1.0001289720073672,76.06325373134327
2025,17,0.1,20,380,178,202,0.46842105263157896,2025-05-25,all_teams_at_least,17,19,17.8,1.247191011235955,1.0056179775280898,14083,2.30727,0.136885,0.28597673267326734,0.2623762376237624,2.195837128712871,2.51980198019802,1.221747578326755,0.9739516633446077,2.1956992416713628,1.0002589475250736,57.92732178217823
2023,17,0.15,18,306,160,146,0.5228758169934641,2023-06-25,all_teams_at_least,17,18,17.77777777777778,1.38125,1.3,12424,2.0630444444444445,0.17713333333333334,0.2419541095890411,0.273972602739726,2.656280136986301,2.335616438356164,1.4188704601741433,1.2374337042555108,2.6563041644296543,1.0036765263663938,92.78213698630137
2024,17,0.15,20,380,179,201,0.4710526315789474,2024-06-19,all_teams_at_least,17,18,17.9,1.3910614525139664,1.2625698324022345,13513,2.5394500000000004,0.092085,0.2484641791044776,0.26865671641791045,2.6163039800995023,2.6417910447761193,1.3687212078850406,1.2492552499926162,2.6179764578776563,1.0003971460280914,76.06325373134327
2025,17,0.15,20,380,178,202,0.46842105263157896,2025-05-25,all_teams_at_least,17,19,17.8,1.247191011235955,1.0056179775280898,14083,2.31701,0.13691,0.28449059405940597,0.2623762376237624,2.200737623762376,2.51980198019802,1.2237493216462965,0.9760435197198004,2.199792841366097,1.000502709339362,57.92732178217823
2023,17,0.2,18,306,160,146,0.5228758169934641,2023-06-25,all_teams_at_least,17,18,17.77777777777778,1.38125,1.3,12424,2.0678666666666667,0.1779222222222222,0.24028835616438357,0.273972602739726,2.669545890410959,2.335616438356164,1.4256061218416405,1.2422700981284396,2.6678762199700805,1.0052976100905502,92.78213698630137
2024,17,0.2,20,380,179,201,0.4710526315789474,2024-06-19,all_teams_at_least,17,18,17.9,1.3910614525139664,1.2625698324022345,13513,2.54094,0.09007499999999999,0.24692985074626866,0.26865671641791045,2.623663184079602,2.6417910447761193,1.373065035135681,1.2529481577731414,2.626013192908822,1.0008013593702854,76.06325373134327
2025,17,0.2,20,380,178,202,0.46842105263157896,2025-05-25,all_teams_at_least,17,19,17.8,1.247191011235955,1.0056179775280898,14083,2.31834,0.13798499999999997,0.28349059405940596,0.2623762376237624,2.2068841584158414,2.51980198019802,1.2258486546520584,0.9782163008195377,2.2040649554715963,1.0008226853026674,57.92732178217823
2023,17,0.3,18,306,160,146,0.5228758169934641,2023-06-25,all_teams_at_least,17,18,17.77777777777778,1.38125,1.3,12424,2.078155555555556,0.17575,0.2344486301369863,0.273972602739726,2.691569178082192,2.335616438356164,1.4394986574844655,1.2521327974447263,2.691631454929192,1.0091347533089405,92.78213698630137
2024,17,0.3,20,380,179,201,0.4710526315789474,2024-06-19,all_teams_at_least,17,18,17.9,1.3910614525139664,1.2625698324022345,13513,2.5415,0.08956,0.24330696517412936,0.26865671641791045,2.6430004975124377,2.6417910447761193,1.3823277151528834,1.26087026519239,2.6431979803452736,1.0020189236160664,76.06325373134327
2025,17,0.3,20,380,178,202,0.46842105263157896,2025-05-25,all_teams_at_least,17,19,17.8,1.247191011235955,1.0056179775280898,14083,2.3169099999999996,0.13804,0.2817851485148515,0.2623762376237624,2.2123985148514853,2.51980198019802,1.2303416269433882,0.9828065066921934,2.213148133635581,1.0016914316862233,57.92732178217823
2023,20,0.0,18,306,188,118,0.6143790849673203,2023-07-16,all_teams_at_least,20,21,20.88888888888889,1.377659574468085,1.2287234042553192,12424,1.9594888888888886,0.16915000000000002,0.25127966101694915,0.2711864406779661,2.551027966101695,2.3728813559322033,1.363386022457584,1.1872058455731525,2.5505918680307373,1.0,92.84555084745763
2024,20,0.0,20,380,209,171,0.55,2024-06-30,all_teams_at_least,20,21,20.9,1.354066985645933,1.2248803827751196,13513,2.78887,0.076215,0.2573327485380117,0.2573099415204678,2.5325286549707604,2.7309941520467835,1.329388814451007,1.2039113469346483,2.5333001613856556,1.0,83.34624561403506
2025,20,0.0,20,380,207,173,0.5447368421052632,2025-06-22,all_teams_at_least,20,22,20.7,1.2463768115942029,1.0531400966183575,14083,1.98703,0.13638500000000003,0.27963815028901734,0.26011560693641617,2.2342404624277457,2.508670520231214,1.2218953770597472,1.0136628636132015,2.235558240672949,1.0,68.1037456647399
2023,20,0.05,18,306,188,118,0.6143790849673203,2023-07-16,all_teams_at_least,20,21,20.88888888888889,1.377659574468085,1.2287234042553192,12424,1.955922222222222,0.1716666666666667,0.24949406779661018,0.2711864406779661,2.5622754237288135,2.3728813559322033,1.368719788584023,1.192009201192949,2.560728989776973,1.0004612430610138,92.84555084745763
2024,20,0.05,20,380,209,171,0.55,2024-06-30,all_teams_at_least,20,21,20.9,1.354066985645933,1.2248803827751196,13513,2.7847,0.07602,0.2554017543859649,0.2573099415204678,2.540712865497076,2.7309941520467835,1.334181036023803,1.2071720336783383,2.541353069702141,1.0001888243875248,83.34624561403506
2025,20,0.05,20,380,207,173,0.5447368421052632,2025-06-22,all_teams_at_least,20,22,20.7,1.2463768115942029,1.0531400966183575,14083,2.0003,0.13775500000000002,0.2777306358381503,0.26011560693641617,2.240852601156069,2.508670520231214,1.2242761429785094,1.0159735369074603,2.2402496798859697,1.0003051566358032,68.1037456647399
2023,20,0.1,18,306,188,118,0.6143790849673203,2023-07-16,all_teams_at_least,20,21,20.88888888888889,1.377659574468085,1.2287234042553192,12424,1.9602666666666666,0.16886666666666666,0.2475864406779661,0.2711864406779661,2.571522033898305,2.3728813559322033,1.3743293409203865,1.197094614680729,2.571423955601115,1.001122878921076,92.84555084745763
2024,20,0.1,20,380,209,171,0.55,2024-06-30,all_teams_at_least,20,21,20.9,1.354066985645933,1.2248803827751196,13513,2.7769900000000005,0.076225,0.2531672514619883,0.2573099415204678,2.54962865497076,2.7309941520467835,1.3392089274698638,1.2106319171480113,2.5498408446178744,1.0005398095568359,83.34624561403506
2025,20,0.1,20,380,207,173,0.5447368421052632,2025-06-22,all_teams_at_least,20,22,20.7,1.2463768115942029,1.0531400966183575,14083,2.0005,0.13752999999999999,0.277550289017341,0.26011560693641617,2.2440404624277455,2.508670520231214,1.2267895042576586,1.018398371192405,2.2451878754500636,1.0007155125955671,68.1037456647399
2023,20,0.15,18,306,188,118,0.6143790849673203,2023-07-16,all_teams_at_least,20,21,20.88888888888889,1.377659574468085,1.2287234042553192,12424,1.9739888888888888,0.1665611111111111,0.24527457627118643,0.2711864406779661,2.5834550847457627,2.3728813559322033,1.380216162533156,1.2024659540331908,2.582682116566347,1.0019844616498266,92.84555084745763
2024,20,0.15,20,380,209,171,0.55,2024-06-30,all_teams_at_least,20,21,20.9,1.354066985645933,1.2248803827751196,13513,2.7860000000000005,0.074325,0.25183333333333335,0.2573099415204678,2.5574614035087717,2.7309941520467835,1.3444657593467562,1.2142920876661025,2.558757847012859,1.0010533527351646,83.34624561403506
2025,20,0.15,20,380,207,173,0.5447368421052632,2025-06-22,all_teams_at_least,20,22,20.7,1.2463768115942029,1.0531400966183575,14083,2.0132700000000003,0.138555,0.27554971098265896,0.26011560693641617,2.251376878612717,2.508670520231214,1.2294360643635474,1.020937985434825,2.2503740497983724,1.0012311675426964,68.1037456647399
2023,20,0.2,18,306,188,118,0.6143790849673203,2023-07-16,all_teams_at_least,20,21,20.88888888888889,1.377659574468085,1.2287234042553192,12424,1.9730888888888893,0.16598333333333334,0.24346779661016948,0.2711864406779661,2.592914406779661,2.3728813559322033,1.3859015935702055,1.2081272518935688,2.5940288454637748,1.0030456410195177,92.84555084745763
2024,20,0.2,20,380,209,171,0.55,2024-06-30,all_teams_at_least,20,21,20.9,1.354066985645933,1.2248803827751196,13513,2.7829500000000005,0.07396,0.24961111111111112,0.2573099415204678,2.5657748538011695,2.7309941520467835,1.3493791690497208,1.2181537168209977,2.567532885870719,1.0017299184191992,83.34624561403506
2025,20,0.2,20,380,207,173,0.5447368421052632,2025-06-22,all_teams_at_least,20,22,20.7,1.2463768115942029,1.0531400966183575,14083,2.01129,0.13916,0.27420635838150287,0.26011560693641617,2.2554028901734102,2.508670520231214,1.2322164594995104,1.0235930279549668,2.2558094874544774,1.0018522466830997,68.1037456647399
2023,20,0.3,18,306,188,118,0.6143790849673203,2023-07-16,all_teams_at_least,20,21,20.88888888888889,1.377659574468085,1.2287234042553192,12424,1.9933444444444446,0.16352222222222224,0.23945084745762713,0.2711864406779661,2.6185203389830507,2.3728813559322033,1.3977131209922828,1.2203366980244532,2.6180498190167363,1.0057658631113384,92.84555084745763
2024,20,0.3,20,380,209,171,0.55,2024-06-30,all_teams_at_least,20,21,20.9,1.354066985645933,1.2248803827751196,13513,2.7851299999999997,0.07374,0.24587894736842106,0.2573099415204678,2.588095321637427,2.7309941520467835,1.3598879082716413,1.2264864472828176,2.586374355554459,1.003574313703032,83.34624561403506
2025,20,0.3,20,380,207,173,0.5447368421052632,2025-06-22,all_teams_at_least,20,22,20.7,1.2463768115942029,1.0531400966183575,14083,2.0326299999999997,0.139115,0.27206589595375724,0.26011560693641617,2.266708092485549,2.508670520231214,1.2381814645166724,1.0292521392499394,2.267433603766612,1.003411306300671,68.1037456647399
