season,window,window_start,window_end,n_matches,n_events,mean_expected_points,mean_actual_points,mean_points_residual,sum_expected_points,sum_actual_points,sum_points_residual,points_residual_ci_low,points_residual_ci_high,mean_lambda_for,mean_actual_goals_for,mean_goal_for_residual,mean_lambda_against,mean_actual_goals_against,mean_goals_against_improvement,goals_against_improvement_ci_low,goals_against_improvement_ci_high,mean_goal_diff_residual,mean_team_win_prob,mean_team_draw_prob,mean_team_loss_prob,home_match_rate,mean_team_games_in_train_at_cutoff
2005,after_1_3,1,3,15,5,1.1962751499976116,0.8666666666666667,-0.32960848333094517,17.944127249964176,13.0,-4.944127249964177,-0.9642423677616867,0.30502540109979637,1.0726468890347036,1.2666666666666666,0.19401977763196315,1.312503689618912,1.4666666666666666,-0.15416297704775492,-0.7595044779148162,0.45117852381930634,0.03985680058420814,0.296373704650854,0.30715403604504987,0.39647225930409624,0.5333333333333333,17.2
2005,after_1_5,1,5,25,5,1.2552406429326752,1.0,-0.25524064293267523,31.381016073316882,25.0,-6.381016073316881,-0.7245669473224959,0.21408566145714547,1.1767138267433404,1.28,0.10328617325665966,1.3393869217379868,1.44,-0.10061307826201343,-0.5572603096242226,0.3560341531001957,0.002673094994646199,0.3175611214176095,0.3025572786798467,0.37988159990254383,0.48,17.2
2005,after_1_10,1,10,50,5,1.2433334492726533,1.26,0.01666655072734672,62.166672463632665,63.0,0.833327536367336,-0.3321881551398896,0.36552125659458307,1.1746576966313618,1.26,0.08534230336863816,1.3491538549293225,1.36,-0.010846145070677507,-0.3685834879584485,0.3468911978170935,0.07449615829796066,0.313562495803906,0.3026459618609353,0.38379154233515883,0.52,17.2
2005,after_4_6,4,6,15,5,1.2160108920573902,1.1333333333333333,-0.08267755872405684,18.240163380860853,17.0,-1.2401633808608525,-0.6373103964543404,0.47195527900622675,1.265400755159973,1.3333333333333333,0.0679325781733603,1.5134497088674312,1.6,-0.08655029113256853,-0.680158251497558,0.507057669232421,-0.018617712959208176,0.30898159613864884,0.2890661036414434,0.40195230021990763,0.4666666666666667,17.2
2005,after_7_10,7,10,20,5,1.2991190916403816,1.65,0.35088090835961844,25.982381832807633,33.0,7.017618167192369,-0.2405589903031367,0.9423208070223736,1.1831085084323973,1.2,0.0168914915676028,1.2534195884585486,1.1,0.15341958845854875,-0.49344404676877107,0.8002832236858686,0.1703110800261515,0.3298897639176378,0.3094497998874681,0.3606604361948941,0.55,17.2
2006,after_1_3,1,3,27,9,1.1613765895958243,1.7407407407407407,0.5793641511449161,31.35716791908726,47.0,15.642832080912736,0.1312942320120027,1.0274340702778295,1.4677344139413877,2.1481481481481484,0.6804137342067604,1.8543434929553895,1.7407407407407407,0.11360275221464884,-0.3910495953867648,0.6182550998160625,0.7940164864214092,0.3034246010919199,0.25110278632006494,0.44547261258801524,0.5185185185185185,14.444444444444445
2006,after_1_5,1,5,45,9,1.0813100678155751,1.511111111111111,0.42980104329553626,48.65895305170088,68.0,19.34104694829913,0.07385628070249789,0.7857458058885747,1.385854262696441,1.8444444444444446,0.4585901817480035,1.9189678268662722,1.7777777777777777,0.14119004908849395,-0.2705139007024716,0.5528939988794596,0.5997802308364973,0.27788850183588865,0.247644562307909,0.4744669358562024,0.5111111111111111,14.444444444444445
2006,after_1_10,1,10,85,9,1.1013177899423294,1.3647058823529412,0.2633880924106118,93.61201214509799,116.0,22.387987854902,-0.008084332847588638,0.5348605176688122,1.3979813894926987,1.576470588235294,0.17848919874259533,1.8821283065168193,1.7058823529411764,0.17624595357564282,-0.10640744134957408,0.4588993485008597,0.3547351523182382,0.2839482465851992,0.24947305018673183,0.466578703228069,0.5058823529411764,13.588235294117647
2006,after_4_6,4,6,26,9,1.0190944951245766,1.0,-0.01909449512457664,26.49645687323899,26.0,-0.4964568732389927,-0.519133478881939,0.4809444886327857,1.3298709188561715,1.3076923076923077,-0.022178611163863618,1.980087925949371,1.9230769230769231,0.05701100287244832,-0.5540006506590148,0.6680226564039115,0.034832391708584765,0.25824953663492717,0.24434588521979514,0.4974045781452777,0.46153846153846156,13.884615384615385
2006,after_7_10,7,10,32,8,1.1174496047741167,1.34375,0.22630039522588313,35.758387352771734,43.0,7.24161264722826,-0.2274473640423343,0.6800481544941006,1.3944670325062958,1.3125,-0.08196703250629592,1.825979552170327,1.5,0.325979552170327,-0.05555409037909409,0.707513194719748,0.2440125196640311,0.28839527430474954,0.25226378185986825,0.45934094383538226,0.53125,12.625
2007,after_1_3,1,3,9,3,1.3344664106253528,1.6666666666666667,0.33220025604131376,12.010197695628175,15.0,2.989802304371824,-0.5994252870424093,1.2638257991250368,1.3958983680129007,2.0,0.6041016319870993,1.4228753364460227,1.5555555555555556,-0.1326802191095328,-1.0700814270438974,0.8047209888248318,0.4714214128775666,0.34502915141243595,0.29937895638804496,0.3555918921995191,0.5555555555555556,20.0
2007,after_1_5,1,5,15,3,1.3458781837424898,1.4666666666666666,0.12078848292417683,20.188172756137348,22.0,1.8118272438626526,-0.5232583770234402,0.764835342871794,1.36911347628234,2.0,0.6308865237176599,1.3967143144367047,1.4666666666666666,-0.06995235222996198,-0.6470180037634126,0.5071132993034886,0.5609341714876978,0.35280393644309016,0.2874663744132192,0.3597296891436905,0.5333333333333333,20.0
2007,after_1_10,1,10,26,3,1.2709262275043864,1.4230769230769231,0.15215069557253655,33.04408191511405,37.0,3.9559180848859503,-0.34524803759085343,0.6495494287359265,1.3350051436597832,1.7692307692307692,0.43422562557098604,1.4869731529174468,1.5769230769230769,-0.08994992400562986,-0.6559469246043395,0.47604707659307977,0.3442757015653561,0.3290500254280925,0.2837761512201092,0.3871738233517984,0.5,20.307692307692307
2007,after_4_6,4,6,9,3,1.257069942569854,1.1111111111111112,-0.145958831458743,11.313629483128686,10.0,-1.313629483128687,-1.0181186736885273,0.7262010107710413,1.3240508319548072,1.8888888888888888,0.5648380569340818,1.5069467417284943,1.7777777777777777,-0.27083103604928355,-0.8943937178642332,0.3527316457656661,0.2940070208847982,0.33020821960643887,0.26644528375053755,0.4033464966430237,0.4444444444444444,20.0
2007,after_7_10,7,10,8,2,1.2150318420446484,1.5,0.28496815795535174,9.720254736357187,12.0,2.279745263642814,-0.5476224608732545,1.1175587767839579,1.2788238669306244,1.375,0.09617613306937567,1.5366129090353713,1.375,0.16161290903537118,-1.2640840754678684,1.5873098935386105,0.25778904210474685,0.30977054024506623,0.2857202213094495,0.40450923844548425,0.5,21.0
2008,after_1_3,1,3,12,4,1.2151172727234423,2.4166666666666665,1.201549393943224,14.581407272681307,29.0,14.41859272731869,0.6138709095897548,1.7892278782966933,1.1752407047060844,1.3333333333333333,0.15809262862724874,1.4413979248817748,0.5833333333333334,0.8580645915484414,0.24722791399176103,1.4689012691051218,1.0161572201756899,0.31112785405835003,0.2817337105483923,0.4071384353932577,0.5,13.0
2008,after_1_5,1,5,20,4,1.2848023483790691,1.75,0.46519765162093085,25.69604696758138,35.0,9.303953032418617,-0.16003841456122914,1.0904337178030907,1.2400837893776515,1.0,-0.2400837893776516,1.3703070751594184,0.75,0.6203070751594183,0.14888628869236764,1.091727861626469,0.3802232857817667,0.3344414899333124,0.281477878579132,0.3840806314875557,0.55,13.0
2008,after_1_10,1,10,40,4,1.1379222870241246,1.375,0.23707771297587543,45.516891480964986,55.0,9.483108519035017,-0.21742774852343377,0.6915831744751846,1.1726099925362625,0.95,-0.2226099925362624,1.5790339049479907,1.1,0.47903390494799075,0.07330003974091126,0.8847677701550702,0.2564239124117284,0.28840063406487276,0.2727203848295063,0.43887898110562096,0.55,13.0
2008,after_4_6,4,6,12,4,1.275807916120827,1.0833333333333333,-0.1924745827874934,15.309694993449922,13.0,-2.309694993449921,-1.0271754306438658,0.642226265068879,1.280979098954704,0.9166666666666666,-0.36431243228803734,1.401692568258541,1.0833333333333333,0.3183592349252075,-0.3914658644066635,1.0281843342570784,-0.04595319736282982,0.3308252733123527,0.28333209618376876,0.3858426305038787,0.5,13.0
2008,after_7_10,7,10,16,4,0.9766118259271097,0.8125,-0.1641118259271097,15.625789214833755,13.0,-2.6257892148337554,-0.8812253782346973,0.5530017263804778,1.0893601285950645,0.6875,-0.4018601285950645,1.8152668925147404,1.5,0.3152668925147404,-0.42518706484571556,1.0557208498751964,-0.0865932360803241,0.2395367396341549,0.25800160702464503,0.5024616533412002,0.625,13.0
2009,after_1_3,1,3,15,5,1.2983738673512393,1.2,-0.09837386735123918,19.47560801026859,18.0,-1.4756080102685878,-0.7145611916335737,0.5178134569310953,1.2679306593020456,1.0,-0.2679306593020456,1.3518308863561534,1.4,-0.04816911364384654,-0.7849340712013821,0.688595843913689,-0.31609977294589214,0.33457980146342714,0.2946344629609575,0.37078573557561534,0.5333333333333333,20.0
2009,after_1_5,1,5,25,5,1.326706568741369,1.52,0.19329343125863097,33.16766421853423,38.0,4.832335781465774,-0.2926162294180651,0.679203091935327,1.246330721987672,1.28,0.03366927801232789,1.275257969717729,1.12,0.155257969717729,-0.3403470973542223,0.6508630367896803,0.1889272477300569,0.3420299082523864,0.30061684398420996,0.35735324776340377,0.52,20.0
2009,after_1_10,1,10,50,5,1.2842976482510002,1.74,0.45570235174899976,64.21488241255001,87.0,22.78511758744999,0.06487254944275356,0.846532154055246,1.1776392062669032,1.38,0.20236079373309696,1.2744810311207784,1.1,0.17448103112077842,-0.1409905930452839,0.48995265528684073,0.37684182485387546,0.32756674186756657,0.30159742264830053,0.37083583548413296,0.5,20.0
2009,after_4_6,4,6,15,5,1.3443884694154278,1.7333333333333334,0.3889448639179056,20.165827041231417,26.0,5.834172958768584,-0.32537620940462475,1.1032659372404359,1.150590799733824,1.8,0.6494092002661761,1.1436269855502166,1.0,0.14362698555021655,-0.41609218460958064,0.7033461557100138,0.7930361858163925,0.3442910534927271,0.31151530893724655,0.34419363757002647,0.5333333333333333,20.0
2009,after_7_10,7,10,20,5,1.2286723680525005,2.15,0.9213276319474997,24.573447361050007,43.0,18.426552638949993,0.28733519658830664,1.5553200673066927,1.1302069213903554,1.35,0.2197930786096447,1.3146091738721686,0.95,0.36460917387216857,-0.027276285904683117,0.7564946336490203,0.5844022524818133,0.30976371345180065,0.29938122769709824,0.39085505885110106,0.45,20.0
2010,after_1_3,1,3,15,5,1.1952045224049201,0.9333333333333333,-0.26187118907158646,17.9280678360738,14.0,-3.928067836073797,-0.7082248032422145,0.1844824250990415,1.057356835359551,1.3333333333333333,0.27597649797378226,1.322631818478371,1.7333333333333334,-0.41070151485496237,-1.0256812077275759,0.2042781780176512,-0.13472501688118008,0.30231261684459354,0.28826667187113925,0.4094207112842672,0.5333333333333333,16.4
2010,after_1_5,1,5,25,5,1.2561196374033232,1.08,-0.1761196374033233,31.40299093508308,27.0,-4.402990935083082,-0.6047426685471377,0.25250339374049113,1.0314974134701924,1.28,0.24850258652980753,1.1674321656094153,1.6,-0.43256783439058466,-0.8406082505959169,-0.024527418185252392,-0.1840652478607771,0.3199598728084668,0.29624001897792274,0.3838001082136104,0.48,16.4
2010,after_1_10,1,10,47,5,1.1464098641023248,1.148936170212766,0.002526306110440976,53.88126361280927,54.0,0.11873638719072588,-0.3459383273709417,0.35099093959182365,0.9569641067045177,1.2553191489361701,0.2983550422316525,1.3059879754768984,1.6170212765957446,-0.31103330111884614,-0.642411023206243,0.020344420968550714,-0.012678258887193598,0.2861413317466384,0.2879858688624098,0.4258727993909519,0.46808510638297873,15.72340425531915
2010,after_4_6,4,6,15,5,1.24491805568605,1.4,0.15508194431394998,18.67377083529075,21.0,2.3262291647092495,-0.5265442827911166,0.8367081714190165,0.9384468856399443,1.2666666666666666,0.3282197810267224,1.1156072015733742,1.2,-0.0843927984266261,-0.5875050559324821,0.41871945907922997,0.24382698260009628,0.3162629700241317,0.2961291456136547,0.3876078843622136,0.4666666666666667,16.4
2010,after_7_10,7,10,17,5,1.0164367612614544,1.1176470588235294,0.10121029756207497,17.279424941444724,19.0,1.7205750585552746,-0.5549636730873118,0.7573842682114618,0.8847210117717587,1.1764705882352942,0.2917495764635354,1.4592852674492975,1.8823529411764706,-0.42306767372717313,-1.0308666844561833,0.18473133700183697,-0.13131809726363777,0.24529463465065446,0.2805528573094911,0.47415250803985437,0.4117647058823529,14.529411764705882
2011,after_1_3,1,3,12,4,1.1397812569789199,1.5833333333333333,0.4435520763544136,13.677375083747037,19.0,5.3226249162529635,-0.49997701982903187,1.3870811725378591,1.321978483769165,1.5,0.17802151623083476,1.667913627791657,1.5,0.16791362779165697,-0.7337215652198544,1.0695488208031683,0.34593514402249176,0.29065647472520645,0.2678118328033004,0.4415316924714931,0.5,21.5
2011,after_1_5,1,5,20,4,1.1268388373888913,1.45,0.32316116261110855,22.53677674777783,29.0,6.463223252222171,-0.3872708986634424,1.0335932238856596,1.3138509805985892,1.5,0.186149019401411,1.6989902113737596,1.65,0.048990211373759696,-0.5661880610675359,0.6641684838150553,0.23513923077517065,0.28741077216164806,0.2646065209039471,0.4479827069344048,0.55,21.5
2011,after_1_10,1,10,38,4,1.1965566783730304,1.4210526315789473,0.22449595320591675,45.469153778175155,54.0,8.530846221824836,-0.21834683239259928,0.6673387388044327,1.3035451327625731,1.5263157894736843,0.22277065671111115,1.5787032813450894,1.5,0.07870328134508951,-0.37370221524903735,0.5311087779392164,0.3014739380562006,0.3084845367840745,0.271103068020807,0.4204123951951185,0.5,21.263157894736842
2011,after_4_6,4,6,12,4,1.2224490020732037,1.6666666666666667,0.444217664593463,14.669388024878444,20.0,5.330611975121556,-0.42840320394642906,1.316838533133355,1.2700422701489145,1.6666666666666667,0.39662439651775244,1.501896284884887,1.3333333333333333,0.1685629515515538,-0.4179191520869612,0.7550450551900687,0.5651873480693063,0.314983294417338,0.27749911882118966,0.40751758676147243,0.4166666666666667,21.5
2011,after_7_10,7,10,14,4,1.2230279049678345,1.0714285714285714,-0.1515993335392631,17.122390669549684,15.0,-2.1223906695496835,-0.6524718681229279,0.3492732010444016,1.316461856997202,1.4285714285714286,0.11210957157422678,1.5680718384996342,1.6428571428571428,-0.07478530435750909,-0.9297935766502797,0.7802229679352616,0.03732426721671765,0.31819536914887847,0.26844179752119895,0.4133628333299225,0.5714285714285714,20.857142857142858
2012,after_1_3,1,3,24,8,1.2187097826769921,1.625,0.40629021732300785,29.24903478424781,39.0,9.750965215752188,-0.08098391850934306,0.8935643531553588,1.1711102776292774,1.375,0.20388972237072264,1.4321365268566695,1.5,-0.06786347314333048,-0.7057849471805833,0.5700580008939222,0.13602624922739204,0.3147263962949274,0.2745305937922102,0.41074300991286256,0.4583333333333333,15.375
2012,after_1_5,1,5,40,8,1.1361922761162557,1.175,0.03880772388374424,45.44769104465023,47.0,1.5523089553497695,-0.3574165070601712,0.4350319548276597,1.1340361525920577,1.15,0.015963847407942267,1.5591826963953914,1.85,-0.2908173036046088,-0.7962421000696988,0.2146074928604812,-0.27485345619666657,0.2892305214262192,0.2685007118375981,0.4422687667361827,0.475,15.375
2012,after_1_10,1,10,74,8,1.1070212315579857,1.135135135135135,0.028113903577149463,81.91957113529094,84.0,2.0804288647090603,-0.2579303812023065,0.31415818835660536,1.0938065554243426,1.2432432432432432,0.1494366878189006,1.5352053240584318,1.8243243243243243,-0.28911900026589255,-0.6367298508670574,0.05849185033527232,-0.13968231244699192,0.2780405212540581,0.27289966779581165,0.4490598109501303,0.4864864864864865,14.324324324324325
2012,after_4_6,4,6,23,8,0.9301648922997257,0.6086956521739131,-0.32146924012581257,21.39379252289369,14.0,-7.39379252289369,-0.8086495621455112,0.16571108189388606,1.0002385095686803,0.9130434782608695,-0.08719503130781062,1.7897682687959986,2.130434782608696,-0.34066651381269714,-0.9859546991741144,0.30462167154872005,-0.42786154512050784,0.22430742942304258,0.2572426040305979,0.5184499665463597,0.4782608695652174,14.782608695652174
2012,after_7_10,7,10,27,7,1.1583979195610903,1.1481481481481481,-0.010249771412942045,31.276743828149435,31.0,-0.2767438281494352,-0.49755463734983685,0.4770550945239528,1.104798248822928,1.4074074074074074,0.30260915858447945,1.4099721167946637,1.8518518518518519,-0.4418797350571882,-0.9891378517084914,0.10537838159411511,-0.13927057647270868,0.2912034883330391,0.2847874545619729,0.42400905710498793,0.5185185185185185,13.0
2013,after_1_3,1,3,9,3,1.0532417101545586,1.4444444444444444,0.39120273428988583,9.479175391391028,13.0,3.5208246086089723,-0.7715866108357765,1.5539920794155482,1.0877329181293793,1.4444444444444444,0.35671152631506503,1.643744731581104,1.6666666666666667,-0.0229219350855629,-0.9671239057778338,0.9212800356067079,0.33378959122950225,0.2575988387471652,0.2804451939130629,0.461955967339772,0.4444444444444444,15.666666666666666
2013,after_1_5,1,5,15,3,1.1374006583863894,1.5333333333333334,0.3959326749469439,17.06100987579584,23.0,5.9389901242041585,-0.3993775622120838,1.1912429121059716,1.1745740041685413,1.3333333333333333,0.15875932916479202,1.5557561002061921,1.5333333333333334,0.02242276687285878,-0.6548108789343722,0.6996564126800898,0.18118209603765076,0.28384164373085063,0.28587572719383736,0.430282629075312,0.5333333333333333,15.666666666666666
2013,after_1_10,1,10,27,3,1.0491629387906567,1.3703703703703705,0.3212074315797135,28.327399347347733,37.0,8.672600652652264,-0.25598891353426895,0.8984037766936959,1.2175882589433873,1.3703703703703705,0.1527821114269828,1.7715756557962086,1.6296296296296295,0.14194602616657903,-0.452857245022385,0.7367492973555431,0.2947281375935618,0.25978900854778086,0.26979591314731427,0.4704150783049049,0.48148148148148145,15.962962962962964
2013,after_4_6,4,6,9,3,1.1651849543815722,1.5555555555555556,0.39037060117398314,10.48666458943415,14.0,3.5133354105658485,-0.5319228602314093,1.3126640625793757,1.4161932818720453,1.1111111111111112,-0.30508217076093413,1.7398167406555787,1.2222222222222223,0.5175945184333562,-0.4100075340728562,1.4451965709395687,0.21251234767242222,0.2961630216526372,0.27669588942366086,0.4271410889237021,0.5555555555555556,15.666666666666666
2013,after_7_10,7,10,9,3,0.92906215183584,1.1111111111111112,0.18204895927527126,8.36155936652256,10.0,1.6384406334774413,-0.8336351348990954,1.1977330534496378,1.148838576828738,1.5555555555555556,0.4067169787268175,1.9311654951519435,2.0,-0.06883450484805648,-1.3319060419040656,1.1942370322079525,0.337882473878761,0.22560516524354032,0.252246656105219,0.5221481786512407,0.4444444444444444,16.555555555555557
2014,after_1_3,1,3,18,6,0.9913331342605064,1.0,0.008666865739493514,17.843996416689116,18.0,0.15600358331088326,-0.5629599626170197,0.5802936940960067,0.9910461985328729,1.0555555555555556,0.0645093570226826,1.694352594350058,1.8888888888888888,-0.19453629453883098,-0.797314585151043,0.40824199607338113,-0.13002693751614836,0.24166459605526042,0.2663393460947253,0.49199605785001427,0.6111111111111112,17.333333333333332
2014,after_1_5,1,5,30,6,0.9395105129060092,0.9666666666666667,0.02715615376065744,28.185315387180275,29.0,0.8146846128197232,-0.42601965864899316,0.48033196617030804,0.9361520199525479,1.0666666666666667,0.1305146467141187,1.7107100249941674,1.9333333333333333,-0.22262330833916602,-0.7204646232084202,0.2752180065300881,-0.09210866162504724,0.22474620247365676,0.2652719054850389,0.5099818920413043,0.5666666666666667,17.333333333333332
2014,after_1_10,1,10,60,6,1.0696408971473816,1.1,0.0303591028526184,64.1784538288429,66.0,1.821546171157104,-0.2794838617578789,0.3402020674631157,1.0205907475730336,1.05,0.02940925242696637,1.5422664636045635,1.5833333333333333,-0.04106686972877004,-0.3499161991089722,0.2677824596514321,-0.011657617301803687,0.26973960676211417,0.2604220768610391,0.46983831637684687,0.55,17.333333333333332
2014,after_4_6,4,6,18,6,0.9647305208581867,1.0555555555555556,0.09082503469736886,17.36514937544736,19.0,1.6348506245526395,-0.53770173875114,0.7193518081458778,0.9075141617091403,1.0555555555555556,0.14804139384641538,1.64001642406251,1.7222222222222223,-0.08220579815971253,-0.7648501697842474,0.6004385734648223,0.06583559568670277,0.23242198152790822,0.2674645762744619,0.5001134421976299,0.5555555555555556,17.333333333333332
2014,after_7_10,7,10,24,6,1.207054501529434,1.2083333333333333,0.0012788318038992237,28.969308036706416,29.0,0.03069196329358137,-0.46227381409327256,0.46483147770107097,1.127556598751074,1.0416666666666667,-0.0858899320844075,1.3548893952019825,1.25,0.10488939520198258,-0.276241214789199,0.4860200051931642,0.018999463117575017,0.31878408371790895,0.2507022503757072,0.4305136659063839,0.5,17.333333333333332
2015,after_1_3,1,3,9,3,1.0959503313527592,0.4444444444444444,-0.6515058869083149,9.863552982174832,4.0,-5.863552982174834,-1.2099998642130805,-0.09301190960354944,0.8559424190332864,0.6666666666666666,-0.18927575236661964,1.2321480645101932,1.7777777777777777,-0.5456297132675844,-1.597789037541741,0.5065296110065723,-0.734905465634204,0.26160485021446767,0.31113578070935644,0.427259369076176,0.5555555555555556,18.666666666666668
2015,after_1_5,1,5,15,3,1.1273752770459988,0.7333333333333333,-0.3940419437126656,16.910629155689982,11.0,-5.910629155689984,-0.9364517599504212,0.14836787252509004,0.8850171012825705,0.8666666666666667,-0.018350434615903872,1.2170354960658356,1.6666666666666667,-0.44963117060083113,-1.221095841368259,0.32183350016659673,-0.46798160521673465,0.2713555519011896,0.31330862134243015,0.4153358267563803,0.5333333333333333,18.666666666666668
2015,after_1_10,1,10,25,3,1.1759707026936312,1.12,-0.055970702693631386,29.399267567340782,28.0,-1.3992675673407846,-0.5373251057741367,0.425383700386874,0.9080577763838289,1.04,0.13194222361617103,1.1582351462242135,1.28,-0.12176485377578661,-0.6523356420207547,0.40880593446918145,0.010177369840384452,0.2863317159574118,0.316975554821396,0.39669272922119225,0.48,19.2
2015,after_4_6,4,6,8,3,1.1889537859264456,1.375,0.18604621407355415,9.511630287411565,11.0,1.4883697125884332,-0.6524955438885279,1.0245879720356363,0.934524766570589,1.125,0.19047523342941097,1.17412967127134,1.25,-0.07587032872865995,-1.0631431103457065,0.9114024528883865,0.11460490470075113,0.28994601071502046,0.3191157537813844,0.3909382355035952,0.375,19.0
2015,after_7_10,7,10,8,2,1.2530105372192981,1.625,0.371989462780702,10.024084297754385,13.0,2.975915702245616,-0.6412775623386527,1.3852564879000568,0.9402205632164294,1.375,0.43477943678357056,1.0591885881053593,0.75,0.3091885881053593,-0.3264863611634261,0.9448635373741447,0.74396802488893,0.31053514516061526,0.32140510173745207,0.3680597531019326,0.5,20.0
2016,after_1_3,1,3,9,3,1.030446761103774,0.2222222222222222,-0.8082245388815514,9.274020849933965,2.0,-7.274020849933963,-1.2050243593208887,-0.4114247184422141,0.9478828218433372,0.4444444444444444,-0.5034383773988927,1.5040900714308238,2.2222222222222223,-0.7181321507913986,-1.586818341894871,0.15055404031207376,-1.2215705281902913,0.24817651867541202,0.2859172050775378,0.4659062762470502,0.3333333333333333,23.666666666666668
2016,after_1_5,1,5,15,3,0.9863960813286213,0.4666666666666667,-0.5197294146619547,14.79594121992932,7.0,-7.795941219929319,-0.9687142185616006,-0.07074461076230876,0.9335059717791587,0.6,-0.3335059717791587,1.5561041108491362,1.9333333333333333,-0.3772292224841976,-1.1730185550207857,0.4185601100523904,-0.7107351942633564,0.2333456567543545,0.2863591110655577,0.48029523218008763,0.3333333333333333,23.666666666666668
2016,after_1_10,1,10,26,3,0.9889135495829525,0.6538461538461539,-0.3350673957367988,25.711752289156767,17.0,-8.711752289156768,-0.7443957608615159,0.07426096938791843,0.9625278780094269,0.7307692307692307,-0.23175864724019613,1.561624201332158,2.076923076923077,-0.5152988755909192,-1.1118419721074955,0.08124422092565708,-0.7470575228311154,0.23275723339521665,0.2906418493973028,0.47660091720748066,0.4230769230769231,23.23076923076923
2016,after_4_6,4,6,9,3,0.9186761549445157,0.8888888888888888,-0.02978726605562691,8.268085394500641,8.0,-0.26808539450064217,-0.8239272439238373,0.7643527118125836,0.8880697050710884,0.6666666666666666,-0.22140303840442177,1.5782981663045659,1.7777777777777777,-0.1994796114732118,-1.5322347643720222,1.1332755414255986,-0.4208826498776337,0.20713330429144602,0.2972762420701778,0.4955904536383762,0.4444444444444444,23.666666666666668
2016,after_7_10,7,10,8,3,1.0212057555902705,0.875,-0.14620575559027033,8.169646044722164,7.0,-1.1696460447221626,-0.9924651343409274,0.7000536231603869,1.0627690107519085,1.125,0.06223098924809135,1.6075918868771992,2.25,-0.6424081131228008,-1.526014224284863,0.24119799803926167,-0.5801771238747095,0.24423745769673877,0.28849338250005396,0.46726915980320727,0.5,22.25
2017,after_1_3,1,3,24,8,1.0396751058696205,1.25,0.21032489413037947,24.952202540870893,30.0,5.047797459129107,-0.3004001530521092,0.7210499413128681,0.9051859496527541,1.0416666666666667,0.13648071701391254,1.4122099009024722,1.2916666666666667,0.12054323423580543,-0.30902437002521727,0.5501108384968281,0.25702395124971805,0.2490082514499977,0.2926503515196275,0.4583413970303749,0.4583333333333333,18.75
2017,after_1_5,1,5,40,8,0.9867763720036262,1.1,0.11322362799637373,39.47105488014505,44.0,4.528945119854949,-0.2552305957415252,0.4816778517342727,0.867383499617582,0.975,0.10761650038241799,1.4885539505036485,1.375,0.11355395050364844,-0.21624757018850296,0.4433554711957999,0.2211704508860665,0.2342481803685111,0.284031830898093,0.48171998873339594,0.475,18.75
2017,after_1_10,1,10,70,8,1.061909223961024,1.1285714285714286,0.0666622046104049,74.33364567727168,79.0,4.666354322728343,-0.23003832191800583,0.3633627311388156,0.9222381256818417,0.9285714285714286,0.006333302889586815,1.4256583280478203,1.3,0.12565832804782034,-0.15686327516239396,0.40817993125803465,0.13199163093740715,0.2577056467612486,0.2887922836772781,0.4535020695614734,0.5,18.571428571428573
2017,after_4_6,4,6,23,8,0.9279197523317824,0.9565217391304348,0.028601986798652224,21.342154303630995,22.0,0.6578456963690011,-0.42929589325800227,0.4864998668553067,0.8356771864550399,0.8260869565217391,-0.009590229933300701,1.6072210290376174,1.3478260869565217,0.25939494208109576,-0.20527810823836284,0.7240679924005544,0.24980471214779507,0.2191073564787999,0.27059768289538316,0.5102949606258171,0.5652173913043478,18.652173913043477
2017,after_7_10,7,10,23,7,1.2190995144682508,1.173913043478261,-0.04518647098998992,28.03928883276977,27.0,-1.0392888327697682,-0.6281757410977784,0.5378027991177985,1.0265926398955176,0.9130434782608695,-0.11354916163464818,1.2581287684270819,1.2608695652173914,-0.002740796790309098,-0.5846961747718459,0.5792145811912276,-0.11628995842495725,0.30537947997717635,0.3029610745367215,0.39165944548610204,0.4782608695652174,18.304347826086957
2018,after_1_3,1,3,21,7,1.2180165599410961,1.1428571428571428,-0.07515941708395346,25.57834775876302,24.0,-1.5783477587630226,-0.7245030688960846,0.5741842347281777,1.3621961622979415,0.9047619047619048,-0.45743425753603645,1.5963232605259725,1.3333333333333333,0.26298992719263936,-0.2987604160149344,0.8247402704002131,-0.19444433034339698,0.31370046787600847,0.27691515631307084,0.40938437581092063,0.47619047619047616,18.714285714285715
2018,after_1_5,1,5,35,7,1.1891629060077493,1.2285714285714286,0.03940852256367895,41.62070171027123,43.0,1.3792982897287633,-0.44557561917774435,0.5243926643051022,1.296703373240089,0.9142857142857143,-0.382417658954375,1.5659360317676223,1.2571428571428571,0.3087931746247654,-0.10158050436319555,0.7191668536127264,-0.07362448432960955,0.3018267666237935,0.28368260613636925,0.4144906272398373,0.4857142857142857,18.714285714285715
2018,after_1_10,1,10,60,7,1.2001435460368404,1.15,-0.05014354603684058,72.00861276221042,69.0,-3.008612762210435,-0.41144090437109376,0.3111538122974126,1.2811810385588835,1.15,-0.13118103855888327,1.5343372047224029,1.55,-0.01566279527759715,-0.3586609587971163,0.32733536824192194,-0.14684383383648036,0.305586931005565,0.2833827530201454,0.4110303159742896,0.5,17.133333333333333
2018,after_4_6,4,6,20,7,1.090507743015728,1.25,0.15949225698427225,21.810154860314558,25.0,3.189845139685445,-0.4438252783740346,0.7628097923425792,1.142896452570145,0.85,-0.292896452570145,1.5538396747770713,1.25,0.3038396747770711,-0.1524917977684377,0.7601711473225798,0.010943222206926017,0.26757626476625485,0.28777894871696313,0.444644786516782,0.4,18.2
2018,after_7_10,7,10,19,5,1.2957952706912033,1.0526315789473684,-0.24316369174383468,24.620110143132862,20.0,-4.620110143132859,-0.8842096457124502,0.39788226222478085,1.337200729151228,1.736842105263158,0.3996413761119299,1.4452973850924906,2.1052631578947367,-0.659965772802246,-1.3448021109592108,0.024870565354718877,-0.2603243966903162,0.3366305652427699,0.28590357496289337,0.3774658597943368,0.631578947368421,14.263157894736842
2019,after_1_3,1,3,27,9,1.248508562671067,1.0,-0.24850856267106708,33.70973119211881,27.0,-6.709731192118811,-0.6924201495770338,0.19540302423489964,1.0888098849541232,1.1111111111111112,0.022301226156988003,1.2607726266442016,1.4074074074074074,-0.14663478076320585,-0.6842663224191226,0.3909967608927108,-0.12433355460621787,0.31653931510250777,0.2988906173635439,0.38457006753394835,0.5185185185185185,17.11111111111111
2019,after_1_5,1,5,45,9,1.2514000138637456,1.1555555555555554,-0.09584445830819024,56.313000623868554,52.0,-4.313000623868561,-0.476109451909432,0.28442053529305156,1.105889149694894,1.1333333333333333,0.0274441836384394,1.2573947225914848,1.3333333333333333,-0.07593861074184854,-0.47739338825191413,0.32551616676821704,-0.04849442710340916,0.3182074397719103,0.29677769454801495,0.3850148656800748,0.5111111111111111,17.11111111111111
2019,after_1_10,1,10,81,9,1.2534407150833056,1.0987654320987654,-0.15467528298454,101.52869792174775,89.0,-12.52869792174774,-0.4218260785702552,0.11247551260117519,1.086636181758461,1.0864197530864197,-0.00021642867204148177,1.2436284897883165,1.3703703703703705,-0.12674188058205355,-0.42904639089084406,0.17556262972673697,-0.1269583092540951,0.3192855113111939,0.2955841811497236,0.3851303075390825,0.49382716049382713,16.51851851851852
2019,after_4_6,4,6,26,9,1.1853333615744464,1.2692307692307692,0.083897407656323,30.818667400935606,33.0,2.181332599064398,-0.419890376850806,0.587685192163452,1.07980041797884,1.1538461538461537,0.07404573586731353,1.338272715188451,1.2692307692307692,0.06904194595768184,-0.44496467708207266,0.5830485689974364,0.14308768182499534,0.29848970746984704,0.2898642391649051,0.4116460533652479,0.5384615384615384,17.076923076923077
2019,after_7_10,7,10,28,7,1.3214392617390476,1.0357142857142858,-0.28572497602476166,37.00029932869333,29.0,-8.000299328693327,-0.7322331740015737,0.16078322195205047,1.0908876057580066,1.0,-0.09088760575800672,1.1392127199485889,1.4285714285714286,-0.2893587086228397,-0.8174542058630521,0.23873678861737263,-0.3802463143808464,0.3412440183651063,0.2977072066437284,0.3610487749911653,0.42857142857142855,15.428571428571429
2020,after_1_3,1,3,6,2,1.0634297980936405,0.5,-0.5634297980936404,6.380578788561842,3.0,-3.3805787885618424,-1.2291067416645611,0.10224714547728053,1.1354966193702365,1.0,-0.1354966193702366,1.608916000675734,1.8333333333333333,-0.22441733265759953,-0.8708645094298421,0.42202984411464295,-0.3599139520278361,0.26245034981468224,0.27607874864959375,0.46147090153572407,0.3333333333333333,23.5
2020,after_1_5,1,5,10,2,1.17386889929757,0.8,-0.3738688992975702,11.738688992975701,8.0,-3.7386889929757023,-0.9943222090858788,0.24658441049073826,1.276026882343689,1.1,-0.17602688234368902,1.5867282583349966,1.7,-0.11327174166500335,-0.6879513222080976,0.46140783887809095,-0.28929862400869233,0.30174456497735436,0.2686352043655072,0.4296202306571385,0.4,23.5
2020,after_1_10,1,10,16,2,1.0818807777073727,1.3125,0.23061922229262716,17.310092443317963,21.0,3.6899075566820345,-0.4233810970453214,0.8846195416305758,1.3155840838096389,1.375,0.05941591619036107,1.8217730650786925,1.5625,0.2592730650786926,-0.4864464474450915,1.0049925776024766,0.3186889812690536,0.27471479635853535,0.25773638863176673,0.4675488150096979,0.4375,22.375
2020,after_4_6,4,6,6,2,1.208404926023855,1.5,0.2915950739761451,7.25042955614313,9.0,1.7495704438568707,-0.6815129645355056,1.2647031124877959,1.482846060447543,1.0,-0.4828460604475427,1.8224079296008446,1.0,0.8224079296008449,-0.41694996370993476,2.0617658229116245,0.339561869153302,0.3214797742184373,0.24396560336854298,0.43455462241301973,0.5,23.5
2020,after_7_10,7,10,4,1,0.9197710246532484,2.25,1.3302289753467513,3.679084098612994,9.0,5.320915901387005,-0.19049025032525724,2.8509482010187597,1.3348223155118868,2.5,1.1651776844881132,2.140106364899902,2.0,0.14010636489990236,-2.1315677471760885,2.411780476975893,1.3052840493880153,0.22296399938446226,0.2508790264998617,0.5261569741156761,0.5,19.0
2021,after_1_3,1,3,48,16,1.0817195595535918,1.1458333333333333,0.06411377377974159,51.9225388585724,55.0,3.0774611414275963,-0.3271676658385892,0.4553952133980724,0.920074530445601,1.3333333333333333,0.41325880288773237,1.3864247721121112,1.625,-0.23857522788788862,-0.5842657914987637,0.10711533572298645,0.17468357499984377,0.26413412843634204,0.28931717424456577,0.44654869731909225,0.5208333333333334,18.875
2021,after_1_5,1,5,80,16,1.086461590307436,1.2,0.11353840969256415,86.91692722459487,96.0,9.083072775405132,-0.1864393103999035,0.4135161297850318,0.9312636167946049,1.2125,0.28123638320539507,1.3702871483062875,1.5,-0.12971285169371244,-0.4145232373064042,0.15509753391897935,0.15152353151168269,0.265048469201193,0.29131618270385695,0.4436353480949501,0.55,18.875
2021,after_1_10,1,10,146,16,1.0876031782768067,1.2123287671232876,0.12472558884648095,158.79006402841378,177.0,18.20993597158622,-0.09684562194519468,0.34629679963815657,0.9372947933315338,1.1164383561643836,0.17914356283284982,1.3735347165519292,1.3424657534246576,0.031068963127271636,-0.17655817368096818,0.23869609993551147,0.21021252596012147,0.2662469117322574,0.28886244308003467,0.44489064518770804,0.4931506849315068,18.76027397260274
2021,after_4_6,4,6,47,16,1.09741442076169,1.425531914893617,0.3281174941319271,51.57847777579943,67.0,15.421522224200572,-0.06559474528451592,0.7218297335483701,0.9473427746360457,1.127659574468085,0.18031679983203966,1.3650649156889738,1.127659574468085,0.23740534122088863,-0.1469444169532284,0.6217550993950056,0.41772214105292826,0.26934707320587725,0.2893732011440582,0.4412797256500646,0.5531914893617021,19.127659574468087
2021,after_7_10,7,10,51,14,1.0840989685106266,1.0784313725490196,-0.005667595961606854,55.28904739404195,55.0,-0.28904739404194957,-0.37472126508243886,0.3633860731592251,0.9442421952376654,0.9019607843137255,-0.04228141092393998,1.3692084023101674,1.2745098039215685,0.09469859838859901,-0.24929944544423155,0.43869664222142957,0.05241718746465903,0.2653784021037044,0.28796376219951314,0.44665783569678247,0.4117647058823529,18.313725490196077
2022,after_1_3,1,3,18,6,1.068390242260497,0.9444444444444444,-0.12394579781605268,19.231024360688945,17.0,-2.231024360688948,-0.7498081286571636,0.5019165330250583,0.8849492668078024,0.7777777777777778,-0.10717148903002457,1.358089135714848,1.1111111111111112,0.24697802460373708,-0.2917545100839519,0.7857105592914261,0.13980653557371253,0.2586396324163798,0.2924713450113578,0.4488890225722625,0.5555555555555556,17.5
2022,after_1_5,1,5,30,6,1.0647074305129187,0.9,-0.16470743051291878,31.94122291538756,27.0,-4.941222915387564,-0.614592436539069,0.28517757551323153,0.9029970091325696,0.8333333333333334,-0.0696636757992365,1.3892445833081521,1.3,0.08924458330815192,-0.3066566627989286,0.4851458294152325,0.019580907508915456,0.25737949150712736,0.2925689559915367,0.45005155250133616,0.6,17.5
2022,after_1_10,1,10,58,6,1.0982464107661125,1.0517241379310345,-0.046522272835077864,63.69829182443452,61.0,-2.698291824434516,-0.37355475664028764,0.2805102109701319,0.9077812102747026,1.0172413793103448,0.10946016903564211,1.2983202986156253,1.3448275862068966,-0.04650728759127146,-0.33651685847845747,0.24350228329591458,0.06295288144437064,0.2651548766376928,0.30278178085303376,0.4320633425092735,0.5517241379310345,17.20689655172414
2022,after_4_6,4,6,18,6,1.141757293356353,1.1111111111111112,-0.030646182245241935,20.55163128041435,20.0,-0.5516312804143548,-0.5761444697862487,0.5148521052957648,0.9774092767195075,1.0555555555555556,0.07814627883604788,1.3326655169459987,1.3888888888888888,-0.05622337194289029,-0.5076160442036034,0.3951693003178228,0.021922906893157616,0.27990231289470074,0.3020503546722508,0.41804733243304854,0.5555555555555556,17.5
2022,after_7_10,7,10,22,6,1.0870743719696003,1.0909090909090908,0.0038347189394902833,23.91563618333121,24.0,0.08436381666878623,-0.5505925957109866,0.5582620335899672,0.8694934732927809,1.1818181818181819,0.31232470852540106,1.2213178896277732,1.5,-0.2786821103722267,-0.7805708114911195,0.22320659074666616,0.03364259815317438,0.25841944679030615,0.31181603159868215,0.4297645216110118,0.5454545454545454,16.727272727272727
2023,after_1_3,1,3,6,2,0.7096789316091107,1.5,0.7903210683908893,4.258073589654664,9.0,4.741926410345336,-0.43184010415551544,2.012482240937294,1.0560886034727237,1.1666666666666667,0.11057806319394296,2.399005079847896,1.1666666666666667,1.2323384131812294,0.5950228441901174,1.8696539821723412,1.3429164763751722,0.16584085210472313,0.21215637529494127,0.6220027726003355,0.5,15.0
2023,after_1_5,1,5,10,2,0.8226740788339549,1.6,0.7773259211660452,8.22674078833955,16.0,7.773259211660451,-0.11548703985527253,1.6701388821873628,1.0142283531471468,1.4,0.38577164685285326,2.086398134268296,1.2,0.8863981342682961,0.32002774589648875,1.4527685226401035,1.2721697811211492,0.1952617252617425,0.2368889030487274,0.5678493716895301,0.5,15.0
2023,after_1_10,1,10,20,2,0.9586007223635791,1.85,0.891399277636421,19.172014447271582,37.0,17.82798555272842,0.3201396934852997,1.4626588617875425,0.989253752992979,1.5,0.5107462470070214,1.709609505085845,1.1,0.609609505085845,0.21917480362499975,1.0000442065466904,1.1203557520928662,0.22894109175418972,0.2717774471010098,0.49928146114480043,0.5,15.0
2023,after_4_6,4,6,6,2,0.9637999694866207,2.1666666666666665,1.202866697180046,5.782799816919725,13.0,7.217200183080275,0.10475227713113267,2.300981117228959,0.8690685364753387,1.6666666666666667,0.7975981301913281,1.5158609205741091,1.0,0.5158609205741091,-0.09551390474212351,1.1272357458903417,1.3134590507654373,0.22530878092107395,0.287873626723399,0.48681759235552696,0.5,15.0
2023,after_7_10,7,10,8,2,1.1413926300871489,1.875,0.733607369912851,9.131141040697191,15.0,5.868858959302808,-0.10927760342357518,1.5764923432492772,1.0292665275214001,1.625,0.5957334724785999,1.3378742623981088,1.125,0.21287426239810872,-0.3929028074427239,0.8186513322389413,0.8086077348767086,0.2789905046161265,0.30442111623876944,0.41658837914510405,0.5,15.0
2024,after_1_3,1,3,12,4,1.1601865766056274,0.75,-0.41018657660562713,13.922238919267528,9.0,-4.922238919267525,-1.1299427740029886,0.3095696207917344,1.0885261039542782,1.25,0.16147389604572174,1.385872676811635,1.8333333333333333,-0.4474606565216985,-1.3998280093079944,0.5049066962645974,-0.28598676047597676,0.2843518904634816,0.3071309052151823,0.40851720432133615,0.5,26.25
2024,after_1_5,1,5,20,4,1.1524356559828595,0.95,-0.20243565598285956,23.04871311965719,19.0,-4.048713119657191,-0.7454866673703953,0.3406153554046762,1.0596564687207626,0.95,-0.1096564687207627,1.3632877258411609,1.4,-0.036712274158839,-0.7182081606196523,0.6447836123019742,-0.14636874287960175,0.2815221782130052,0.3078691213438439,0.410608700443151,0.5,26.25
2024,after_1_10,1,10,35,4,1.2147406952912603,1.2285714285714286,0.01383073328016838,42.51592433519411,43.0,0.48407566480589326,-0.44357359167209115,0.4712350582324279,1.1197466139733512,0.9142857142857143,-0.2054608996876367,1.3312812733009547,1.1428571428571428,0.18842413044381198,-0.25467724377839784,0.6315255046660218,-0.01703676924382477,0.30295114177382293,0.30588726996979143,0.39116158825638564,0.4857142857142857,25.285714285714285
2024,after_4_6,4,6,11,4,1.1951860657001854,1.5454545454545454,0.35026847975436,13.14704672270204,17.0,3.8529532772979596,-0.41717439432513853,1.1177113538338586,1.0555336406529383,0.5454545454545454,-0.5100790951983929,1.3098257407323364,0.5454545454545454,0.7643711952777908,0.11407505991214861,1.4146673306434332,0.25429210007939795,0.2970749698629891,0.3039611561112183,0.39896387402579253,0.45454545454545453,25.636363636363637
2024,after_7_10,7,10,12,3,1.2872198911020452,1.4166666666666667,0.12944677556462156,15.446638693224541,17.0,1.5533613067754588,-0.7500920761912477,1.008985627320491,1.2098290162028023,0.9166666666666666,-0.2931623495361354,1.2963574413115084,1.0,0.2963574413115085,-0.21270193802160436,0.8054168206446213,0.003195091775373027,0.32693688400242865,0.3064092390947592,0.36665387690281226,0.5,24.0
2025,after_1_3,1,3,12,4,1.3084211264752572,2.0833333333333335,0.7749122068580762,15.701053517703086,25.0,9.298946482296914,0.043492525913928826,1.5063318878022236,1.1165147105612936,1.3333333333333333,0.21681862277203953,1.1825155060891062,0.75,0.4325155060891061,-0.22692427756876893,1.091955289746981,0.6493341288611455,0.3329310187947747,0.30962807009093285,0.35744091111429244,0.4166666666666667,18.75
2025,after_1_5,1,5,20,4,1.3241868479784977,1.95,0.6258131520215022,26.483736959569956,39.0,12.516263040430044,0.04604610578079793,1.2055801982622065,1.0839170764798975,1.35,0.2660829235201026,1.1321288204120918,0.9,0.23212882041209176,-0.2880369853390284,0.752294626163212,0.4982117439321943,0.3364244519366144,0.3149134921686545,0.34866205589473115,0.55,18.75
2025,after_1_10,1,10,40,4,1.282674646849935,1.7,0.41732535315006486,51.306985873997405,68.0,16.693014126002595,-0.0014754212013032286,0.8361261275014329,1.0771280108028785,1.325,0.24787198919712145,1.1952396870203252,1.1,0.09523968702032512,-0.31461524281226594,0.5050946168529162,0.34311167621744654,0.32490261194574976,0.3079668110126858,0.36713057704156443,0.475,18.75
2025,after_4_6,4,6,12,4,1.2945938609528713,1.5,0.20540613904712868,15.535126331434455,18.0,2.464873668565544,-0.5655347454312996,0.9763470235255569,1.0330762758837921,1.25,0.21692372411620797,1.1207449461847359,1.1666666666666667,-0.04592172048193077,-0.7058956250565147,0.6140521840926532,0.1710020036342772,0.3242160208402913,0.32194579843199744,0.35383818072771134,0.5833333333333334,18.75
2025,after_7_10,7,10,16,4,1.2544253765537416,1.5625,0.3080746234462584,20.070806024859866,25.0,4.929193975140135,-0.3866836150402379,1.0028328619327547,1.0806267871733821,1.375,0.294373212826618,1.2606538783454313,1.3125,-0.051846121654568755,-0.8146856747356084,0.7109934314264708,0.24252709117204918,0.31939625013807493,0.2962366261395168,0.38436712372240833,0.4375,18.75
