year,team,elo,last_division,matches,last_match_date
1993,東京ヴェルディ,1742.084825958606,J1,36,1993-12-15
1993,横浜Ｆ・マリノス,1638.8166360890311,J1,36,1993-12-15
1993,ガンバ大阪,1559.8199533077063,J1,36,1993-12-15
1993,浦和レッズ,1461.292179599854,J1,36,1993-12-15
1993,サンフレッチェ広島,1611.5314794936028,J1,36,1993-12-15
1993,ジェフユナイテッド千葉,1520.7215326266232,J1,36,1993-12-15
1993,横浜フリューゲルス,1572.0375544242918,J1,36,1993-12-15
1993,清水エスパルス,1675.5774126795877,J1,36,1993-12-15
1993,鹿島アントラーズ,1674.6817729287732,J1,36,1993-12-15
1993,名古屋グランパス,1543.436652891924,J1,36,1993-12-15
1994,東京ヴェルディ,1754.660591571514,J1,80,1994-11-19
1994,横浜Ｆ・マリノス,1630.571886799156,J1,80,1994-11-19
1994,ガンバ大阪,1532.7362065603227,J1,80,1994-11-19
1994,浦和レッズ,1452.333963567839,J1,80,1994-11-19
1994,サンフレッチェ広島,1612.9212047717713,J1,80,1994-11-19
1994,ジェフユナイテッド千葉,1513.8245565013592,J1,80,1994-11-19
1994,横浜フリューゲルス,1570.2680662265643,J1,80,1994-11-19
1994,清水エスパルス,1646.6071276553826,J1,80,1994-11-19
1994,鹿島アントラーズ,1669.4572705924834,J1,80,1994-11-19
1994,名古屋グランパス,1480.094064591923,J1,80,1994-11-19
1994,湘南ベルマーレ,1622.1700055651788,J1,44,1994-11-19
1994,ジュビロ磐田,1564.3550555965062,J1,44,1994-11-19
1995,東京ヴェルディ,1741.2235567937,J1,132,1995-11-25
1995,横浜Ｆ・マリノス,1605.8897635954709,J1,132,1995-11-25
1995,ガンバ大阪,1509.0313968293758,J1,132,1995-11-25
1995,浦和レッズ,1581.23952884758,J1,132,1995-11-25
1995,サンフレッチェ広島,1532.3186738183742,J1,132,1995-11-25
1995,ジェフユナイテッド千葉,1584.40621030731,J1,132,1995-11-25
1995,横浜フリューゲルス,1503.8296664842069,J1,132,1995-11-25
1995,清水エスパルス,1565.7223938351547,J1,132,1995-11-25
1995,鹿島アントラーズ,1587.1075804527597,J1,132,1995-11-25
1995,名古屋グランパス,1618.8419114108294,J1,132,1995-11-25
1995,湘南ベルマーレ,1519.0152465922827,J1,96,1995-11-25
1995,ジュビロ磐田,1603.9882135195844,J1,96,1995-11-25
1995,セレッソ大阪,1568.3574502079757,J1,52,1995-11-25
1995,柏レイソル,1571.5284073053958,J1,52,1995-11-25
1996,東京ヴェルディ,1720.5272138208609,J1,162,1996-11-09
1996,横浜Ｆ・マリノス,1573.0819441213753,J1,162,1996-11-09
1996,ガンバ大阪,1467.6631788738912,J1,162,1996-11-09
1996,浦和レッズ,1625.241223630228,J1,162,1996-11-09
1996,サンフレッチェ広島,1463.4696532077605,J1,162,1996-11-09
1996,ジェフユナイテッド千葉,1559.3273234678632,J1,162,1996-11-09
1996,横浜フリューゲルス,1588.6087045901024,J1,162,1996-11-09
1996,清水エスパルス,1519.0428937949273,J1,162,1996-11-09
1996,鹿島アントラーズ,1658.1345045993253,J1,162,1996-11-09
1996,名古屋グランパス,1663.066236885191,J1,162,1996-11-09
1996,湘南ベルマーレ,1517.2221545485577,J1,126,1996-11-09
1996,ジュビロ磐田,1643.9078173601915,J1,126,1996-11-09
1996,セレッソ大阪,1505.2278013165017,J1,82,1996-11-09
1996,柏レイソル,1617.4699920667108,J1,82,1996-11-09
1996,アビスパ福岡,1506.3941946593563,J1,30,1996-11-09
1996,京都サンガF.C.,1500.2401630571574,J1,30,1996-11-09
1997,東京ヴェルディ,1539.9258524336913,J1,194,1997-10-04
1997,横浜Ｆ・マリノス,1630.1691020422782,J1,194,1997-10-04
1997,ガンバ大阪,1590.2365078285375,J1,194,1997-10-04
1997,浦和レッズ,1600.9283446265133,J1,194,1997-10-04
1997,サンフレッチェ広島,1471.6502352060536,J1,194,1997-10-04
1997,ジェフユナイテッド千葉,1484.3134485518694,J1,194,1997-10-04
1997,横浜フリューゲルス,1605.5057207155132,J1,194,1997-10-04
1997,清水エスパルス,1593.7328573168074,J1,194,1997-10-04
1997,鹿島アントラーズ,1706.6990709751278,J1,194,1997-10-04
1997,名古屋グランパス,1599.9423416272941,J1,194,1997-10-04
1997,湘南ベルマーレ,1556.5057732157468,J1,158,1997-10-04
1997,ジュビロ磐田,1712.2056002163197,J1,158,1997-10-04
1997,セレッソ大阪,1527.3523343389384,J1,114,1997-10-04
1997,柏レイソル,1621.326789637111,J1,114,1997-10-04
1997,アビスパ福岡,1421.8893502029675,J1,62,1997-10-04
1997,京都サンガF.C.,1433.8069481690577,J1,62,1997-10-04
1997,ヴィッセル神戸,1463.1409728961735,J1,32,1997-10-01
1998,東京ヴェルディ,1496.2074171454444,J1,228,1998-11-14
1998,横浜Ｆ・マリノス,1669.2804514523127,J1,228,1998-11-14
1998,ガンバ大阪,1509.0301987451173,J1,228,1998-11-14
1998,浦和レッズ,1639.0807470800162,J1,228,1998-11-14
1998,サンフレッチェ広島,1515.7462195131022,J1,228,1998-11-14
1998,ジェフユナイテッド千葉,1418.8788540484281,J1,228,1998-11-14
1998,横浜フリューゲルス,1596.138029213439,J1,228,1998-11-14
1998,清水エスパルス,1667.4328413819703,J1,228,1998-11-14
1998,鹿島アントラーズ,1730.8935856049004,J1,228,1998-11-14
1998,名古屋グランパス,1646.3736055883496,J1,228,1998-11-14
1998,湘南ベルマーレ,1521.6112089323801,J1,192,1998-11-14
1998,ジュビロ磐田,1754.38811565206,J1,192,1998-11-14
1998,セレッソ大阪,1487.1966895510323,J1,148,1998-11-14
1998,柏レイソル,1568.5912171645798,J1,148,1998-11-14
1998,アビスパ福岡,1373.3767787520626,J1,96,1998-11-14
1998,京都サンガF.C.,1470.2975014556446,J1,96,1998-11-14
1998,ヴィッセル神戸,1401.7320284048224,J1,66,1998-11-14
1998,北海道コンサドーレ札幌,1534.1760728143383,J1,34,1998-11-14
1999,東京ヴェルディ,1526.7379825373584,J1,258,1999-11-27
1999,横浜Ｆ・マリノス,1673.7590221879168,J1,258,1999-11-27
1999,ガンバ大阪,1488.799306403831,J1,258,1999-11-27
1999,浦和レッズ,1522.7887134654004,J1,258,1999-11-27
1999,サンフレッチェ広島,1557.6767704111317,J1,258,1999-11-27
1999,ジェフユナイテッド千葉,1445.295329741586,J1,258,1999-11-27
1999,横浜フリューゲルス,1581.7173248314232,J1,228,1998-11-14
1999,清水エスパルス,1687.9700408164858,J1,258,1999-11-27
1999,鹿島アントラーズ,1644.5440509894581,J1,258,1999-11-27
1999,名古屋グランパス,1648.4854594057874,J1,258,1999-11-27
1999,湘南ベルマーレ,1378.6492943662226,J1,222,1999-11-27
1999,ジュビロ磐田,1656.9025351180874,J1,222,1999-11-27
1999,セレッソ大阪,1579.9207292228373,J1,178,1999-11-27
1999,柏レイソル,1604.1135965142032,J1,178,1999-11-27
1999,アビスパ福岡,1404.4839961129683,J1,126,1999-11-27
1999,京都サンガF.C.,1450.365964467606,J1,126,1999-11-27
1999,ヴィッセル神戸,1469.1070496405089,J1,96,1999-11-27
1999,北海道コンサドーレ札幌,1554.1821629517613,J2,70,1999-11-21
1999,ベガルタ仙台,1432.9370776971946,J2,36,1999-11-21
1999,モンテディオ山形,1469.5843483669858,J2,36,1999-11-21
1999,ヴァンフォーレ甲府,1357.9106052803731,J2,36,1999-11-21
1999,大宮アルディージャ,1516.2893799757978,J2,36,1999-11-21
1999,大分トリニータ,1567.8853316833122,J2,36,1999-11-21
1999,川崎フロンターレ,1616.2064690078244,J2,36,1999-11-21
1999,アルビレックス新潟,1518.0330611696224,J2,36,1999-11-21
1999,ＦＣ東京,1551.4306803229272,J2,36,1999-11-21
1999,サガン鳥栖,1444.5905454363885,J2,36,1999-11-21
2000,東京ヴェルディ,1539.2845892259663,J1,288,2000-11-26
2000,横浜Ｆ・マリノス,1639.8352119986498,J1,288,2000-11-26
2000,ガンバ大阪,1540.4447755272222,J1,288,2000-11-26
2000,浦和レッズ,1607.6387852304968,J2,298,2000-11-19
2000,サンフレッチェ広島,1545.688010312248,J1,288,2000-11-26
2000,ジェフユナイテッド千葉,1436.987438642035,J1,288,2000-11-26
2000,横浜フリューゲルス,1569.4597261067097,J1,228,1998-11-14
2000,清水エスパルス,1601.445251394869,J1,288,2000-11-26
2000,鹿島アントラーズ,1662.9533634254321,J1,288,2000-11-26
2000,名古屋グランパス,1587.9505226712013,J1,288,2000-11-26
2000,湘南ベルマーレ,1391.2325981317424,J2,262,2000-11-19
2000,ジュビロ磐田,1667.1257405526085,J1,252,2000-11-26
2000,セレッソ大阪,1572.5063568346034,J1,208,2000-11-26
2000,柏レイソル,1653.153440639382,J1,208,2000-11-26
2000,アビスパ福岡,1465.7057443013498,J1,156,2000-11-26
2000,京都サンガF.C.,1431.1079055944924,J1,156,2000-11-26
2000,ヴィッセル神戸,1465.4285313945659,J1,126,2000-11-26
2000,北海道コンサドーレ札幌,1653.7431052799914,J2,110,2000-11-19
2000,ベガルタ仙台,1463.0572458454806,J2,76,2000-11-19
2000,モンテディオ山形,1407.698144396343,J2,76,2000-11-19
2000,ヴァンフォーレ甲府,1290.503382829938,J2,76,2000-11-19
2000,大宮アルディージャ,1522.7839657190843,J2,76,2000-11-19
2000,大分トリニータ,1619.1484130820486,J2,76,2000-11-19
2000,川崎フロンターレ,1486.8290249073511,J1,66,2000-11-26
2000,アルビレックス新潟,1473.6498787058686,J2,76,2000-11-19
2000,ＦＣ東京,1558.483228043463,J1,66,2000-11-26
2000,サガン鳥栖,1445.7856465756508,J2,76,2000-11-19
2000,水戸ホーリーホック,1423.1817765374558,J2,40,2000-11-16
2001,東京ヴェルディ,1500.7041097317112,J1,318,2001-11-24
2001,横浜Ｆ・マリノス,1552.3884085737413,J1,318,2001-11-24
2001,ガンバ大阪,1546.4063295583107,J1,318,2001-11-24
2001,浦和レッズ,1566.0420082595006,J1,328,2001-11-24
2001,サンフレッチェ広島,1558.5657500876393,J1,318,2001-11-24
2001,ジェフユナイテッド千葉,1532.8156629784346,J1,318,2001-11-24
2001,横浜フリューゲルス,1559.0407671907033,J1,228,1998-11-14
2001,清水エスパルス,1625.4411923716714,J1,318,2001-11-24
2001,鹿島アントラーズ,1661.8735170735436,J1,318,2001-11-24
2001,名古屋グランパス,1602.4237438026025,J1,318,2001-11-24
2001,湘南ベルマーレ,1432.5636481442077,J2,306,2001-11-18
2001,ジュビロ磐田,1745.5394794840902,J1,282,2001-11-24
2001,セレッソ大阪,1468.708930166507,J1,238,2001-11-24
2001,柏レイソル,1618.9327437799182,J1,238,2001-11-24
2001,アビスパ福岡,1441.6996478591013,J1,186,2001-11-24
2001,京都サンガF.C.,1550.482323008658,J2,200,2001-11-18
2001,ヴィッセル神戸,1483.3790129573767,J1,156,2001-11-24
2001,北海道コンサドーレ札幌,1554.99187523255,J1,140,2001-11-24
2001,ベガルタ仙台,1535.068838183099,J2,120,2001-11-18
2001,モンテディオ山形,1537.0777736856203,J2,120,2001-11-18
2001,ヴァンフォーレ甲府,1268.7829107598081,J2,120,2001-11-18
2001,大宮アルディージャ,1557.9919026997343,J2,120,2001-11-18
2001,大分トリニータ,1564.7165695574538,J2,120,2001-11-18
2001,川崎フロンターレ,1478.4436753807602,J2,110,2001-11-18
2001,アルビレックス新潟,1551.9919630011814,J2,120,2001-11-18
2001,ＦＣ東京,1558.7055692362733,J1,96,2001-11-24
2001,サガン鳥栖,1358.1485164667013,J2,120,2001-11-18
2001,水戸ホーリーホック,1315.9078347267773,J2,84,2001-11-18
2001,横浜ＦＣ,1385.5553293626356,J2,44,2001-11-18
2002,東京ヴェルディ,1533.9771291693746,J1,348,2002-11-30
2002,横浜Ｆ・マリノス,1620.1661153970065,J1,348,2002-11-30
2002,ガンバ大阪,1626.4837083703203,J1,348,2002-11-30
2002,浦和レッズ,1557.3940848779473,J1,358,2002-11-30
2002,サンフレッチェ広島,1494.990598519031,J1,348,2002-11-30
2002,ジェフユナイテッド千葉,1535.0001530191462,J1,348,2002-11-30
2002,横浜フリューゲルス,1550.1846521120979,J1,228,1998-11-14
2002,清水エスパルス,1556.8929465253802,J1,348,2002-11-30
2002,鹿島アントラーズ,1638.2675020388942,J1,348,2002-11-30
2002,名古屋グランパス,1587.542534110426,J1,348,2002-11-30
2002,湘南ベルマーレ,1486.4573435035502,J2,350,2002-11-24
2002,ジュビロ磐田,1786.273938867575,J1,312,2002-11-30
2002,セレッソ大阪,1575.7589017946257,J2,282,2002-11-24
2002,柏レイソル,1542.8872616841327,J1,268,2002-11-30
2002,アビスパ福岡,1373.5443913983468,J2,230,2002-11-24
2002,京都サンガF.C.,1570.051406597192,J1,230,2002-11-30
2002,ヴィッセル神戸,1491.37753611294,J1,186,2002-11-30
2002,北海道コンサドーレ札幌,1435.9125750592707,J1,170,2002-11-30
2002,ベガルタ仙台,1487.7873705726681,J1,150,2002-11-30
2002,モンテディオ山形,1398.7163137531684,J2,164,2002-11-24
2002,ヴァンフォーレ甲府,1406.4938523254546,J2,164,2002-11-24
2002,大宮アルディージャ,1495.956344580904,J2,164,2002-11-24
2002,大分トリニータ,1601.380067868808,J2,164,2002-11-24
2002,川崎フロンターレ,1539.2985995894494,J2,154,2002-11-24
2002,アルビレックス新潟,1555.542001100213,J2,164,2002-11-24
2002,ＦＣ東京,1549.691618749948,J1,126,2002-11-30
2002,サガン鳥栖,1366.186832379547,J2,164,2002-11-24
2002,水戸ホーリーホック,1328.8575542897415,J2,128,2002-11-24
2002,横浜ＦＣ,1329.1581939551063,J2,88,2002-11-24
2003,東京ヴェルディ,1557.0780518089568,J1,378,2003-11-29
2003,横浜Ｆ・マリノス,1653.7648606174068,J1,378,2003-11-29
2003,ガンバ大阪,1599.6205531812084,J1,378,2003-11-29
2003,浦和レッズ,1591.9719466994259,J1,388,2003-11-29
2003,サンフレッチェ広島,1541.1861078161958,J2,392,2003-11-23
2003,ジェフユナイテッド千葉,1610.0996556886694,J1,378,2003-11-29
2003,横浜フリューゲルス,1542.6569542952832,J1,228,1998-11-14
2003,清水エスパルス,1544.953138334877,J1,378,2003-11-29
2003,鹿島アントラーズ,1607.265984030299,J1,378,2003-11-29
2003,名古屋グランパス,1592.6292574361194,J1,378,2003-11-29
2003,湘南ベルマーレ,1399.838273198553,J2,394,2003-11-23
2003,ジュビロ磐田,1717.3455926670215,J1,342,2003-11-29
2003,セレッソ大阪,1561.0016134772377,J1,312,2003-11-29
2003,柏レイソル,1529.9238613945547,J1,298,2003-11-29
2003,アビスパ福岡,1494.1803273939688,J2,274,2003-11-23
2003,京都サンガF.C.,1463.3607828654394,J1,260,2003-11-29
2003,ヴィッセル神戸,1457.4700834558464,J1,216,2003-11-29
2003,北海道コンサドーレ札幌,1417.0012598856656,J2,214,2003-11-23
2003,ベガルタ仙台,1451.6834739682165,J1,180,2003-11-29
2003,モンテディオ山形,1405.810902550444,J2,208,2003-11-23
2003,ヴァンフォーレ甲府,1478.5729611400004,J2,208,2003-11-23
2003,大宮アルディージャ,1440.1963606994482,J2,208,2003-11-23
2003,大分トリニータ,1524.5367536067158,J1,194,2003-11-29
2003,川崎フロンターレ,1579.8738115459344,J2,198,2003-11-23
2003,アルビレックス新潟,1583.7903413222048,J2,208,2003-11-23
2003,ＦＣ東京,1609.0868251609324,J1,156,2003-11-29
2003,サガン鳥栖,1266.4626877381643,J2,208,2003-11-23
2003,水戸ホーリーホック,1387.7956498896806,J2,172,2003-11-23
2003,横浜ＦＣ,1334.7387272054557,J2,132,2003-11-23
2004,東京ヴェルディ,1551.237671106341,J1,408,2004-11-28
2004,横浜Ｆ・マリノス,1665.6969866254954,J1,408,2004-11-28
2004,ガンバ大阪,1621.8851986967904,J1,408,2004-11-28
2004,浦和レッズ,1677.6758675255294,J1,418,2004-11-28
2004,サンフレッチェ広島,1527.5211691586899,J1,422,2004-11-28
2004,ジェフユナイテッド千葉,1617.3645335086571,J1,408,2004-11-28
2004,横浜フリューゲルス,1536.2584111509907,J1,228,1998-11-14
2004,清水エスパルス,1490.8509252291983,J1,408,2004-11-28
2004,鹿島アントラーズ,1617.9173102463465,J1,408,2004-11-28
2004,名古屋グランパス,1587.7901481529789,J1,408,2004-11-28
2004,湘南ベルマーレ,1355.2971462352675,J2,438,2004-11-27
2004,ジュビロ磐田,1644.230144329502,J1,372,2004-11-28
2004,セレッソ大阪,1500.091689855686,J1,342,2004-11-28
2004,柏レイソル,1482.2781609754343,J1,328,2004-11-28
2004,アビスパ福岡,1513.5715736678856,J2,318,2004-11-27
2004,京都サンガF.C.,1487.1008096472565,J2,304,2004-11-27
2004,ヴィッセル神戸,1510.9790575829497,J1,246,2004-11-28
2004,北海道コンサドーレ札幌,1341.542040872199,J2,258,2004-11-27
2004,ベガルタ仙台,1442.1864941311164,J2,224,2004-11-27
2004,モンテディオ山形,1459.8469685745595,J2,252,2004-11-27
2004,ヴァンフォーレ甲府,1438.9423582060576,J2,252,2004-11-27
2004,大宮アルディージャ,1555.6200606505786,J2,252,2004-11-27
2004,大分トリニータ,1473.7797060054572,J1,224,2004-11-28
2004,川崎フロンターレ,1640.0160128157743,J2,242,2004-11-27
2004,アルビレックス新潟,1542.5938001457462,J1,238,2004-11-28
2004,ＦＣ東京,1577.5735635482188,J1,186,2004-11-28
2004,サガン鳥栖,1273.6764696024245,J2,252,2004-11-27
2004,水戸ホーリーホック,1345.8028705313593,J2,216,2004-11-27
2004,横浜ＦＣ,1397.9851304343463,J2,176,2004-11-27
2005,東京ヴェルディ,1474.685272485113,J1,442,2005-12-03
2005,横浜Ｆ・マリノス,1602.6725023268018,J1,442,2005-12-03
2005,ガンバ大阪,1643.583639296089,J1,442,2005-12-03
2005,浦和レッズ,1674.047280667546,J1,452,2005-12-03
2005,サンフレッチェ広島,1558.1869765131714,J1,456,2005-12-03
2005,ジェフユナイテッド千葉,1635.3145537283565,J1,442,2005-12-03
2005,横浜フリューゲルス,1530.8196494783422,J1,228,1998-11-14
2005,清水エスパルス,1498.073196008462,J1,442,2005-12-03
2005,鹿島アントラーズ,1626.6911193491944,J1,442,2005-12-03
2005,名古屋グランパス,1524.070350168235,J1,442,2005-12-03
2005,湘南ベルマーレ,1391.5064381501468,J2,482,2005-12-03
2005,ジュビロ磐田,1605.1351761181054,J1,406,2005-12-03
2005,セレッソ大阪,1592.7588797799826,J1,376,2005-12-03
2005,柏レイソル,1490.4698686330632,J1,362,2005-12-03
2005,アビスパ福岡,1536.979402401506,J2,362,2005-12-03
2005,京都サンガF.C.,1587.286593648708,J2,348,2005-12-03
2005,ヴィッセル神戸,1417.7667063573836,J1,280,2005-12-03
2005,北海道コンサドーレ札幌,1421.0706185926445,J2,302,2005-12-03
2005,ベガルタ仙台,1500.1915611285747,J2,268,2005-12-03
2005,モンテディオ山形,1451.3436007148305,J2,296,2005-12-03
2005,ヴァンフォーレ甲府,1470.954184905997,J2,296,2005-12-03
2005,大宮アルディージャ,1512.5567662220199,J1,286,2005-12-03
2005,大分トリニータ,1530.9759776498336,J1,258,2005-12-03
2005,川崎フロンターレ,1598.9614984362463,J1,276,2005-12-03
2005,アルビレックス新潟,1523.562211701488,J1,272,2005-12-03
2005,ＦＣ東京,1582.824729794376,J1,220,2005-12-03
2005,サガン鳥栖,1365.870625735521,J2,296,2005-12-03
2005,水戸ホーリーホック,1384.5175719877311,J2,260,2005-12-03
2005,横浜ＦＣ,1378.7783722290071,J2,220,2005-12-03
2005,ザスパ群馬,1292.5543023554026,J2,44,2005-12-03
2005,徳島ヴォルティス,1416.5058107670325,J2,44,2005-12-03
2006,東京ヴェルディ,1436.9822197921596,J2,490,2006-12-02
2006,横浜Ｆ・マリノス,1574.9044986269964,J1,476,2006-12-02
2006,ガンバ大阪,1666.6811584285888,J1,476,2006-12-02
2006,浦和レッズ,1711.5963458635447,J1,486,2006-12-02
2006,サンフレッチェ広島,1552.6428173896586,J1,490,2006-12-02
2006,ジェフユナイテッド千葉,1562.1242584519675,J1,476,2006-12-02
2006,横浜フリューゲルス,1526.1967020565908,J1,228,1998-11-14
2006,清水エスパルス,1593.4637731245596,J1,476,2006-12-02
2006,鹿島アントラーズ,1616.6193352771863,J1,476,2006-12-02
2006,名古屋グランパス,1565.6122992558849,J1,476,2006-12-02
2006,湘南ベルマーレ,1338.0417859068948,J2,530,2006-12-02
2006,ジュビロ磐田,1624.9335011293895,J1,440,2006-12-02
2006,セレッソ大阪,1494.6850894400616,J1,410,2006-12-02
2006,柏レイソル,1501.2548863248446,J2,410,2006-12-02
2006,アビスパ福岡,1473.8457994330922,J1,396,2006-12-02
2006,京都サンガF.C.,1452.7132297088,J1,382,2006-12-02
2006,ヴィッセル神戸,1503.6370085780932,J2,328,2006-12-02
2006,北海道コンサドーレ札幌,1460.2909516498696,J2,350,2006-12-02
2006,ベガルタ仙台,1501.3505707987238,J2,316,2006-12-02
2006,モンテディオ山形,1466.1499635194155,J2,344,2006-12-02
2006,ヴァンフォーレ甲府,1480.52617952946,J1,330,2006-12-02
2006,大宮アルディージャ,1504.3387366705983,J1,320,2006-12-02
2006,大分トリニータ,1541.2238060757418,J1,292,2006-12-02
2006,川崎フロンターレ,1657.1826899306138,J1,310,2006-12-02
2006,アルビレックス新潟,1505.7754953141286,J1,306,2006-12-02
2006,ＦＣ東京,1530.070769258428,J1,254,2006-12-02
2006,サガン鳥栖,1493.3966157244079,J2,344,2006-12-02
2006,水戸ホーリーホック,1358.438767115916,J2,308,2006-12-02
2006,横浜ＦＣ,1522.8242055373032,J2,268,2006-12-02
2006,ザスパ群馬,1314.2971546177262,J2,92,2006-12-02
2006,徳島ヴォルティス,1312.0418059745173,J2,92,2006-11-26
2006,愛媛ＦＣ,1428.765701226111,J2,48,2006-12-02
2007,東京ヴェルディ,1548.9290871266853,J2,538,2007-12-01
2007,横浜Ｆ・マリノス,1593.5416036467627,J1,510,2007-12-01
2007,ガンバ大阪,1675.9443186924475,J1,510,2007-12-01
2007,浦和レッズ,1708.0779995136959,J1,520,2007-12-01
2007,サンフレッチェ広島,1467.0862434700791,J1,524,2007-12-01
2007,ジェフユナイテッド千葉,1531.762921269687,J1,510,2007-12-01
2007,横浜フリューゲルス,1522.2671967481022,J1,228,1998-11-14
2007,清水エスパルス,1633.8386462088376,J1,510,2007-12-01
2007,鹿島アントラーズ,1681.4648147564421,J1,510,2007-12-01
2007,名古屋グランパス,1554.3105162778936,J1,510,2007-12-01
2007,湘南ベルマーレ,1457.1916286066994,J2,578,2007-12-01
2007,ジュビロ磐田,1568.029437669275,J1,474,2007-12-01
2007,セレッソ大阪,1517.9346713768334,J2,458,2007-12-01
2007,柏レイソル,1535.5208424583186,J1,444,2007-12-01
2007,アビスパ福岡,1461.8658423639192,J2,444,2007-12-01
2007,京都サンガF.C.,1506.0914975382263,J2,430,2007-12-01
2007,ヴィッセル神戸,1556.039242841017,J1,362,2007-12-01
2007,北海道コンサドーレ札幌,1499.1921633439342,J2,398,2007-12-01
2007,ベガルタ仙台,1504.657057768767,J2,364,2007-12-01
2007,モンテディオ山形,1402.1896438933036,J2,392,2007-11-25
2007,ヴァンフォーレ甲府,1427.4498617444017,J1,364,2007-12-01
2007,大宮アルディージャ,1491.5489883501343,J1,354,2007-12-01
2007,大分トリニータ,1511.4959908854562,J1,326,2007-12-01
2007,川崎フロンターレ,1633.855835427242,J1,344,2007-12-01
2007,アルビレックス新潟,1535.9962251675818,J1,340,2007-12-01
2007,ＦＣ東京,1530.8858532919241,J1,288,2007-12-01
2007,サガン鳥栖,1472.7413480659054,J2,392,2007-12-01
2007,水戸ホーリーホック,1313.26548216305,J2,356,2007-12-01
2007,横浜ＦＣ,1396.250658380743,J1,302,2007-12-01
2007,ザスパ群馬,1339.9376079086367,J2,140,2007-12-01
2007,徳島ヴォルティス,1289.587615095045,J2,140,2007-12-01
2007,愛媛ＦＣ,1362.7660614205358,J2,96,2007-12-01
2008,東京ヴェルディ,1499.772627094812,J1,572,2008-12-06
2008,横浜Ｆ・マリノス,1605.1703893016681,J1,544,2008-12-06
2008,ガンバ大阪,1591.9100558797218,J1,544,2008-12-06
2008,浦和レッズ,1618.7761947910703,J1,554,2008-12-06
2008,サンフレッチェ広島,1626.5229348034447,J2,566,2008-12-06
2008,ジェフユナイテッド千葉,1516.5770378415386,J1,544,2008-12-06
2008,横浜フリューゲルス,1518.9271172358867,J1,228,1998-11-14
2008,清水エスパルス,1634.2316657549848,J1,544,2008-12-06
2008,鹿島アントラーズ,1675.164502430212,J1,544,2008-12-06
2008,名古屋グランパス,1596.9057559418277,J1,544,2008-12-06
2008,湘南ベルマーレ,1485.7222972040454,J2,620,2008-12-06
2008,ジュビロ磐田,1517.9113938504313,J1,508,2008-12-06
2008,セレッソ大阪,1529.2873161038583,J2,500,2008-12-06
2008,柏レイソル,1546.9982534109413,J1,478,2008-12-06
2008,アビスパ福岡,1443.681368940205,J2,486,2008-12-06
2008,京都サンガF.C.,1505.2140795976172,J1,464,2008-12-06
2008,ヴィッセル神戸,1561.425668851034,J1,396,2008-12-06
2008,北海道コンサドーレ札幌,1408.5480401473044,J1,432,2008-12-06
2008,ベガルタ仙台,1510.904401081181,J2,406,2008-12-06
2008,モンテディオ山形,1513.3075700498223,J2,434,2008-12-06
2008,ヴァンフォーレ甲府,1469.5501577579103,J2,406,2008-12-06
2008,大宮アルディージャ,1500.4307591448342,J1,388,2008-12-06
2008,大分トリニータ,1577.942634138647,J1,360,2008-12-06
2008,川崎フロンターレ,1661.2448060725712,J1,378,2008-12-06
2008,アルビレックス新潟,1514.0228240808306,J1,374,2008-12-06
2008,ＦＣ東京,1569.8003984656812,J1,322,2008-12-06
2008,サガン鳥栖,1448.0364238985012,J2,434,2008-12-06
2008,水戸ホーリーホック,1348.9309489420575,J2,398,2008-12-06
2008,横浜ＦＣ,1406.0924060559137,J2,344,2008-12-06
2008,ザスパ群馬,1384.10543524792,J2,182,2008-12-06
2008,徳島ヴォルティス,1293.6583585701446,J2,182,2008-12-06
2008,愛媛ＦＣ,1330.826587424879,J2,138,2008-12-06
2008,ロアッソ熊本,1397.856431151846,J2,42,2008-11-30
2008,ＦＣ岐阜,1387.502526687502,J2,42,2008-12-06
2009,東京ヴェルディ,1464.935263382547,J2,623,2009-12-05
2009,横浜Ｆ・マリノス,1592.1129812035565,J1,578,2009-12-05
2009,ガンバ大阪,1629.384042070112,J1,578,2009-12-05
2009,浦和レッズ,1570.1847601559623,J1,588,2009-12-05
2009,サンフレッチェ広島,1625.4170279935238,J1,600,2009-12-05
2009,ジェフユナイテッド千葉,1450.5254637796133,J1,578,2009-12-05
2009,横浜フリューゲルス,1516.0880496505038,J1,228,1998-11-14
2009,清水エスパルス,1589.223122978674,J1,578,2009-12-05
2009,鹿島アントラーズ,1666.8424672441329,J1,578,2009-12-05
2009,名古屋グランパス,1596.403215491779,J1,578,2009-12-05
2009,湘南ベルマーレ,1539.8851246931185,J2,671,2009-12-05
2009,ジュビロ磐田,1509.456223315763,J1,542,2009-12-05
2009,セレッソ大阪,1588.3023961695294,J2,551,2009-12-05
2009,柏レイソル,1516.0442971781717,J1,512,2009-12-05
2009,アビスパ福岡,1438.7349381750973,J2,537,2009-12-05
2009,京都サンガF.C.,1500.2005937055849,J1,498,2009-12-05
2009,ヴィッセル神戸,1529.3569913588026,J1,430,2009-12-05
2009,北海道コンサドーレ札幌,1487.2661694936219,J2,483,2009-12-05
2009,ベガルタ仙台,1604.3174816171922,J2,457,2009-12-05
2009,モンテディオ山形,1506.7243868069343,J1,468,2009-12-05
2009,ヴァンフォーレ甲府,1538.4372904800518,J2,457,2009-12-05
2009,大宮アルディージャ,1517.226781664755,J1,422,2009-12-05
2009,大分トリニータ,1509.2370247731074,J1,394,2009-12-05
2009,川崎フロンターレ,1672.5185723958593,J1,412,2009-12-05
2009,アルビレックス新潟,1562.974645139437,J1,408,2009-12-05
2009,ＦＣ東京,1589.6907884900775,J1,356,2009-12-05
2009,サガン鳥栖,1521.98340267341,J2,485,2009-12-05
2009,水戸ホーリーホック,1385.5412224224829,J2,449,2009-12-05
2009,横浜ＦＣ,1366.578879571705,J2,395,2009-12-05
2009,ザスパ群馬,1408.4392703633823,J2,233,2009-12-05
2009,徳島ヴォルティス,1434.7419476551918,J2,233,2009-12-05
2009,愛媛ＦＣ,1331.3498382130895,J2,189,2009-12-05
2009,ロアッソ熊本,1405.8611962177004,J2,93,2009-12-05
2009,ＦＣ岐阜,1414.3892033734749,J2,93,2009-12-05
2009,カターレ富山,1419.9246742908308,J2,51,2009-12-05
2009,ファジアーノ岡山,1323.7108268012921,J2,51,2009-12-05
2009,栃木ＳＣ,1343.4049017681502,J2,51,2009-12-05
2010,東京ヴェルディ,1496.7070606936365,J2,659,2010-12-04
2010,横浜Ｆ・マリノス,1576.6197427655354,J1,612,2010-12-04
2010,ガンバ大阪,1661.0293461528238,J1,612,2010-12-04
2010,浦和レッズ,1574.4493562338027,J1,622,2010-12-04
2010,サンフレッチェ広島,1603.1944981422562,J1,634,2010-12-04
2010,ジェフユナイテッド千葉,1497.1837445222345,J2,614,2010-12-04
2010,横浜フリューゲルス,1513.6748422029282,J1,228,1998-11-14
2010,清水エスパルス,1586.6899585591614,J1,612,2010-12-04
2010,鹿島アントラーズ,1660.0182202739425,J1,612,2010-12-04
2010,名古屋グランパス,1651.402887209891,J1,612,2010-12-04
2010,湘南ベルマーレ,1390.1106584817965,J1,705,2010-12-04
2010,ジュビロ磐田,1522.904724806708,J1,576,2010-12-04
2010,セレッソ大阪,1650.2594456003128,J1,585,2010-12-04
2010,柏レイソル,1609.265315189072,J2,548,2010-12-04
2010,アビスパ福岡,1530.2749056020932,J2,573,2010-12-04
2010,京都サンガF.C.,1425.9244198764832,J1,532,2010-12-04
2010,ヴィッセル神戸,1541.008054312341,J1,464,2010-12-04
2010,北海道コンサドーレ札幌,1471.1734628529136,J2,519,2010-12-04
2010,ベガルタ仙台,1552.9518186448333,J1,491,2010-12-04
2010,モンテディオ山形,1507.1640039933984,J1,502,2010-12-04
2010,ヴァンフォーレ甲府,1558.6159654885364,J2,493,2010-12-04
2010,大宮アルディージャ,1536.7990753606034,J1,456,2010-12-04
2010,大分トリニータ,1437.1557555638074,J2,430,2010-12-04
2010,川崎フロンターレ,1630.3286050935178,J1,446,2010-12-04
2010,アルビレックス新潟,1574.50101842335,J1,442,2010-12-04
2010,ＦＣ東京,1536.3325281898174,J1,390,2010-12-04
2010,サガン鳥栖,1472.379120057252,J2,521,2010-12-04
2010,水戸ホーリーホック,1376.7761050985594,J2,485,2010-12-04
2010,横浜ＦＣ,1453.9188332629299,J2,431,2010-12-04
2010,ザスパ群馬,1426.1910926842543,J2,269,2010-12-04
2010,徳島ヴォルティス,1457.0960071154766,J2,269,2010-12-04
2010,愛媛ＦＣ,1415.6000702115687,J2,225,2010-12-04
2010,ロアッソ熊本,1432.8054627509032,J2,129,2010-12-04
2010,ＦＣ岐阜,1409.3292468506081,J2,129,2010-12-04
2010,カターレ富山,1335.8166023845247,J2,87,2010-12-04
2010,ファジアーノ岡山,1330.7937933066294,J2,87,2010-12-04
2010,栃木ＳＣ,1420.976542335701,J2,87,2010-12-04
2010,ギラヴァンツ北九州,1314.8808530502815,J2,36,2010-11-28
2011,東京ヴェルディ,1520.456344899458,J2,697,2011-12-03
2011,横浜Ｆ・マリノス,1578.7136404755533,J1,646,2011-12-03
2011,ガンバ大阪,1698.516912487505,J1,646,2011-12-03
2011,浦和レッズ,1531.8384972882693,J1,656,2011-12-03
2011,サンフレッチェ広島,1585.0495879959376,J1,668,2011-12-03
2011,ジェフユナイテッド千葉,1472.0732416589588,J2,652,2011-12-03
2011,横浜フリューゲルス,1511.623615872489,J1,228,1998-11-14
2011,清水エスパルス,1557.6080409645672,J1,646,2011-12-03
2011,鹿島アントラーズ,1632.363310408001,J1,646,2011-12-03
2011,名古屋グランパス,1703.467475336511,J1,646,2011-12-03
2011,湘南ベルマーレ,1403.9581828877492,J2,743,2011-12-03
2011,ジュビロ磐田,1556.2821295136675,J1,610,2011-12-03
2011,セレッソ大阪,1603.7583194031804,J1,619,2011-12-03
2011,柏レイソル,1672.1475296688657,J1,582,2011-12-03
2011,アビスパ福岡,1444.4449592294068,J1,607,2011-12-03
2011,京都サンガF.C.,1481.091211404867,J2,570,2011-12-03
2011,ヴィッセル神戸,1565.0339479011466,J1,498,2011-12-03
2011,北海道コンサドーレ札幌,1524.704268290916,J2,557,2011-12-03
2011,ベガルタ仙台,1611.7397589232507,J1,525,2011-12-03
2011,モンテディオ山形,1413.7146091775019,J1,536,2011-12-03
2011,ヴァンフォーレ甲府,1501.3241750003833,J1,527,2011-12-03
2011,大宮アルディージャ,1532.1299730351386,J1,490,2011-12-03
2011,大分トリニータ,1432.1400222169336,J2,468,2011-12-03
2011,川崎フロンターレ,1573.1376971233083,J1,480,2011-12-03
2011,アルビレックス新潟,1537.0848366421585,J1,476,2011-12-03
2011,ＦＣ東京,1597.3429545756862,J2,428,2011-12-03
2011,サガン鳥栖,1554.2094076664757,J2,559,2011-12-03
2011,水戸ホーリーホック,1389.0014726253742,J2,523,2011-12-03
2011,横浜ＦＣ,1414.8340366260945,J2,469,2011-12-03
2011,ザスパ群馬,1455.908138752887,J2,307,2011-12-03
2011,徳島ヴォルティス,1482.0683009760382,J2,307,2011-12-03
2011,愛媛ＦＣ,1399.7298742409864,J2,263,2011-12-03
2011,ロアッソ熊本,1416.6615404425202,J2,167,2011-12-03
2011,ＦＣ岐阜,1307.9802570716042,J2,167,2011-12-03
2011,カターレ富山,1359.2878134160994,J2,125,2011-12-03
2011,ファジアーノ岡山,1387.4845501794387,J2,125,2011-12-03
2011,栃木ＳＣ,1440.2558015075076,J2,125,2011-12-03
2011,ギラヴァンツ北九州,1420.6476994700126,J2,74,2011-12-03
2011,ガイナーレ鳥取,1351.1435364863637,J2,38,2011-12-03
2012,東京ヴェルディ,1496.0499174426645,J2,739,2012-11-11
2012,横浜Ｆ・マリノス,1613.235465241864,J1,680,2012-12-01
2012,ガンバ大阪,1616.3046734881357,J1,680,2012-12-01
2012,浦和レッズ,1575.895833976659,J1,690,2012-12-01
2012,サンフレッチェ広島,1660.7298508534702,J1,702,2012-12-01
2012,ジェフユナイテッド千葉,1523.5317781160109,J2,694,2012-11-11
2012,横浜フリューゲルス,1509.8800734916156,J1,228,1998-11-14
2012,清水エスパルス,1556.3141745939083,J1,680,2012-12-01
2012,鹿島アントラーズ,1603.7163122724032,J1,680,2012-12-01
2012,名古屋グランパス,1622.927613162256,J1,680,2012-12-01
2012,湘南ベルマーレ,1510.5705034558714,J2,785,2012-11-11
2012,ジュビロ磐田,1552.666895616501,J1,644,2012-12-01
2012,セレッソ大阪,1560.6040176606664,J1,653,2012-12-01
2012,柏レイソル,1613.893228574602,J1,616,2012-12-01
2012,アビスパ福岡,1367.1253581377994,J2,649,2012-11-11
2012,京都サンガF.C.,1513.2798753401648,J2,612,2012-11-11
2012,ヴィッセル神戸,1531.7811859115827,J1,532,2012-12-01
2012,北海道コンサドーレ札幌,1377.988356331375,J1,591,2012-12-01
2012,ベガルタ仙台,1617.7911074788958,J1,559,2012-12-01
2012,モンテディオ山形,1418.5669179583538,J2,578,2012-11-11
2012,ヴァンフォーレ甲府,1569.1145113417967,J2,569,2012-11-11
2012,大宮アルディージャ,1560.5337666349599,J1,524,2012-12-01
2012,大分トリニータ,1495.3149847244383,J2,510,2012-11-11
2012,川崎フロンターレ,1581.104864380996,J1,514,2012-12-01
2012,アルビレックス新潟,1544.134386577032,J1,510,2012-12-01
2012,ＦＣ東京,1585.8881902276826,J1,462,2012-12-01
2012,サガン鳥栖,1597.3491215621275,J1,593,2012-12-01
2012,水戸ホーリーホック,1415.6693235572363,J2,565,2012-11-11
2012,横浜ＦＣ,1503.3757685926764,J2,511,2012-11-11
2012,ザスパ群馬,1400.9729044118624,J2,349,2012-11-11
2012,徳島ヴォルティス,1438.6556049023147,J2,349,2012-11-11
2012,愛媛ＦＣ,1425.0452688994944,J2,305,2012-11-11
2012,ロアッソ熊本,1429.7893124204475,J2,209,2012-11-11
2012,ＦＣ岐阜,1326.0427716296783,J2,209,2012-11-11
2012,カターレ富山,1358.8903842846912,J2,167,2012-11-11
2012,ファジアーノ岡山,1463.573542825345,J2,167,2012-11-11
2012,栃木ＳＣ,1443.8833097725865,J2,167,2012-11-11
2012,ギラヴァンツ北九州,1476.0663407245918,J2,116,2012-11-11
2012,ガイナーレ鳥取,1316.726960332914,J2,80,2012-11-11
2012,ＦＣ町田ゼルビア,1357.4752077733756,J2,42,2012-11-11
2012,松本山雅ＦＣ,1470.3543563853432,J2,42,2012-11-11
2013,東京ヴェルディ,1443.2405985383873,J2,781,2013-11-24
2013,横浜Ｆ・マリノス,1633.628304343784,J1,714,2013-12-07
2013,ガンバ大阪,1629.5582374553246,J2,722,2013-11-24
2013,浦和レッズ,1586.3123809106935,J1,724,2013-12-07
2013,サンフレッチェ広島,1666.1746388343915,J1,736,2013-12-07
2013,ジェフユナイテッド千葉,1508.5370466078255,J2,736,2013-11-24
2013,横浜フリューゲルス,1508.3980624678732,J1,228,1998-11-14
2013,清水エスパルス,1551.358586681873,J1,714,2013-12-07
2013,鹿島アントラーズ,1611.2657278775082,J1,714,2013-12-07
2013,名古屋グランパス,1579.139236728856,J1,714,2013-12-07
2013,湘南ベルマーレ,1439.3097881165813,J1,819,2013-12-07
2013,ジュビロ磐田,1480.0625612800068,J1,678,2013-12-07
2013,セレッソ大阪,1631.98076818609,J1,687,2013-12-07
2013,柏レイソル,1580.447750247623,J1,650,2013-12-07
2013,アビスパ福岡,1411.290662650756,J2,691,2013-11-24
2013,京都サンガF.C.,1529.6486328538022,J2,654,2013-11-24
2013,ヴィッセル神戸,1580.5200859459162,J2,574,2013-11-24
2013,北海道コンサドーレ札幌,1463.5325162819606,J2,633,2013-11-24
2013,ベガルタ仙台,1578.05638360648,J1,593,2013-12-07
2013,モンテディオ山形,1470.4584197743707,J2,620,2013-11-24
2013,ヴァンフォーレ甲府,1535.9510532566276,J1,603,2013-12-07
2013,大宮アルディージャ,1523.0014790433988,J1,558,2013-12-07
2013,大分トリニータ,1402.2484989041889,J1,544,2013-12-07
2013,川崎フロンターレ,1637.7913337013997,J1,548,2013-12-07
2013,アルビレックス新潟,1594.4062865620313,J1,544,2013-12-07
2013,ＦＣ東京,1608.0519209166093,J1,496,2013-12-07
2013,サガン鳥栖,1569.3304048875682,J1,627,2013-12-07
2013,水戸ホーリーホック,1429.15037389491,J2,607,2013-11-24
2013,横浜ＦＣ,1491.060583934224,J2,553,2013-11-24
2013,ザスパ群馬,1396.890713808343,J2,391,2013-11-24
2013,徳島ヴォルティス,1482.8882786798713,J2,391,2013-11-24
2013,愛媛ＦＣ,1413.6930993311082,J2,347,2013-11-24
2013,ロアッソ熊本,1377.8998799369006,J2,251,2013-11-24
2013,ＦＣ岐阜,1325.5145705460495,J2,251,2013-11-24
2013,カターレ富山,1384.448937214697,J2,209,2013-11-24
2013,ファジアーノ岡山,1453.2105011210228,J2,209,2013-11-24
2013,栃木ＳＣ,1484.1780772644674,J2,209,2013-11-24
2013,ギラヴァンツ北九州,1432.7633752114175,J2,158,2013-11-24
2013,ガイナーレ鳥取,1306.0943985667502,J2,122,2013-11-24
2013,ＦＣ町田ゼルビア,1378.8539266073692,J2,42,2012-11-11
2013,松本山雅ＦＣ,1486.5168431081029,J2,84,2013-11-24
2013,Ｖ・ファーレン長崎,1490.526992019271,J2,42,2013-11-24
2014,東京ヴェルディ,1411.876947388236,J2,823,2014-11-23
2014,横浜Ｆ・マリノス,1614.9532623642658,J1,748,2014-12-06
2014,ガンバ大阪,1681.34534493389,J1,756,2014-12-06
2014,浦和レッズ,1627.3868425196877,J1,758,2014-12-06
2014,サンフレッチェ広島,1619.743052542786,J1,770,2014-12-06
2014,ジェフユナイテッド千葉,1526.1091824890045,J2,778,2014-11-23
2014,横浜フリューゲルス,1507.1383530976923,J1,228,1998-11-14
2014,清水エスパルス,1503.707853995002,J1,748,2014-12-06
2014,鹿島アントラーズ,1654.5859235647283,J1,748,2014-12-06
2014,名古屋グランパス,1582.1785831383966,J1,748,2014-12-06
2014,湘南ベルマーレ,1616.0032899496935,J2,861,2014-11-23
2014,ジュビロ磐田,1489.1367269696932,J2,720,2014-11-23
2014,セレッソ大阪,1524.85024607095,J1,721,2014-12-06
2014,柏レイソル,1625.4956875841988,J1,684,2014-12-08
2014,アビスパ福岡,1405.3107323643223,J2,733,2014-11-23
2014,京都サンガF.C.,1494.9341984122398,J2,696,2014-11-23
2014,ヴィッセル神戸,1553.1538018864146,J1,608,2014-12-06
2014,北海道コンサドーレ札幌,1467.3781397296982,J2,675,2014-11-23
2014,ベガルタ仙台,1538.1158800804212,J1,627,2014-12-06
2014,モンテディオ山形,1500.7113252187435,J2,662,2014-11-23
2014,ヴァンフォーレ甲府,1560.8646873770963,J1,637,2014-12-06
2014,大宮アルディージャ,1500.6769857308086,J1,592,2014-12-06
2014,大分トリニータ,1453.4276419719836,J2,586,2014-11-23
2014,川崎フロンターレ,1615.0402302569553,J1,582,2014-12-06
2014,アルビレックス新潟,1561.557682642815,J1,578,2014-12-08
2014,ＦＣ東京,1610.2517108738025,J1,530,2014-12-06
2014,サガン鳥栖,1589.9358066377813,J1,661,2014-12-06
2014,水戸ホーリーホック,1439.6532728883094,J2,649,2014-11-23
2014,横浜ＦＣ,1475.2328852567337,J2,595,2014-11-23
2014,ザスパ群馬,1413.139268802786,J2,433,2014-11-23
2014,徳島ヴォルティス,1379.0398469861384,J1,425,2014-12-06
2014,愛媛ＦＣ,1418.2720232339589,J2,389,2014-11-23
2014,ロアッソ熊本,1422.6558584297813,J2,293,2014-11-23
2014,ＦＣ岐阜,1388.8949764211309,J2,293,2014-11-23
2014,カターレ富山,1294.4977778585007,J2,251,2014-11-23
2014,ファジアーノ岡山,1467.2389294775146,J2,251,2014-11-23
2014,栃木ＳＣ,1441.1842923852903,J2,251,2014-11-23
2014,ギラヴァンツ北九州,1458.0853501793565,J2,200,2014-11-23
2014,ガイナーレ鳥取,1401.4076575228987,J3,155,2014-11-23
2014,ＦＣ町田ゼルビア,1496.3243725375773,J3,75,2014-11-23
2014,松本山雅ＦＣ,1567.0295746261752,J2,126,2014-11-23
2014,Ｖ・ファーレン長崎,1459.3099406398258,J2,84,2014-11-23
2014,カマタマーレ讃岐,1381.9729368456562,J2,42,2014-11-23
2014,いわてグルージャ盛岡,1386.2123027084062,J3,33,2014-11-23
2014,横浜スポーツ&カルチャークラブ,1309.5469015586693,J3,33,2014-11-23
2014,ブラウブリッツ秋田,1335.9142802385559,J3,33,2014-11-23
2014,ＡＣ長野パルセイロ,1502.7218478982982,J3,33,2014-11-23
2014,福島ユナイテッドＦＣ,1362.4489686892061,J3,33,2014-11-23
2014,ＦＣ琉球,1338.0646671185032,J3,33,2014-11-23
2014,Ｊリーグ・アンダー22選抜,1358.0884493698766,J3,33,2014-11-23
2014,藤枝ＭＹＦＣ,1336.768008716661,J3,33,2014-11-23
2014,ＳＣ相模原,1383.3491913586267,J3,33,2014-11-23
2014,ツエーゲン金沢,1521.3594286807222,J3,33,2014-11-23
2015,東京ヴェルディ,1436.9661811087544,J2,865,2015-11-23
2015,横浜Ｆ・マリノス,1636.5163530486986,J1,782,2015-11-22
2015,ガンバ大阪,1672.403353011473,J1,790,2015-11-22
2015,浦和レッズ,1683.060815228655,J1,792,2015-11-22
2015,サンフレッチェ広島,1711.340662354122,J1,804,2015-11-22
2015,ジェフユナイテッド千葉,1466.1492559914047,J2,820,2015-11-23
2015,横浜フリューゲルス,1506.0676001330385,J1,228,1998-11-14
2015,清水エスパルス,1450.8576137922728,J1,782,2015-11-22
2015,鹿島アントラーズ,1667.0367270734096,J1,782,2015-11-22
2015,名古屋グランパス,1562.6666550709058,J1,782,2015-11-22
2015,湘南ベルマーレ,1586.8185361734215,J1,895,2015-11-22
2015,ジュビロ磐田,1573.954431956523,J2,762,2015-11-23
2015,セレッソ大阪,1513.5924735968642,J2,763,2015-11-23
2015,柏レイソル,1594.7487140126234,J1,718,2015-11-22
2015,アビスパ福岡,1553.144134494536,J2,775,2015-11-23
2015,京都サンガF.C.,1462.7397458884604,J2,738,2015-11-23
2015,ヴィッセル神戸,1531.249043382776,J1,642,2015-11-22
2015,北海道コンサドーレ札幌,1468.0378792608665,J2,717,2015-11-23
2015,ベガルタ仙台,1519.7762227059811,J1,661,2015-11-22
2015,モンテディオ山形,1447.3017645715527,J1,696,2015-11-22
2015,ヴァンフォーレ甲府,1515.050458730194,J1,671,2015-11-22
2015,大宮アルディージャ,1568.0194034457513,J2,634,2015-11-23
2015,大分トリニータ,1411.6892441396844,J2,628,2015-11-23
2015,川崎フロンターレ,1628.6974334959616,J1,616,2015-11-22
2015,アルビレックス新潟,1515.2753044172177,J1,612,2015-11-22
2015,ＦＣ東京,1631.5234473614023,J1,564,2015-11-22
2015,サガン鳥栖,1539.2892410899024,J1,695,2015-11-22
2015,水戸ホーリーホック,1435.1312564732573,J2,691,2015-11-23
2015,横浜ＦＣ,1411.3354927907678,J2,637,2015-11-23
2015,ザスパ群馬,1384.5976707271939,J2,475,2015-11-23
2015,徳島ヴォルティス,1417.4954857973842,J2,467,2015-11-23
2015,愛媛ＦＣ,1483.4332194619503,J2,431,2015-11-23
2015,ロアッソ熊本,1458.8988547860579,J2,335,2015-11-23
2015,ＦＣ岐阜,1362.3114476131814,J2,335,2015-11-23
2015,カターレ富山,1372.1747140798166,J3,287,2015-11-23
2015,ファジアーノ岡山,1471.4355840701405,J2,293,2015-11-23
2015,栃木ＳＣ,1366.5148490961546,J2,293,2015-11-23
2015,ギラヴァンツ北九州,1471.1807682516685,J2,242,2015-11-23
2015,ガイナーレ鳥取,1414.5040304412676,J3,191,2015-11-23
2015,ＦＣ町田ゼルビア,1549.0754655102946,J3,111,2015-11-23
2015,松本山雅ＦＣ,1485.1391136433565,J1,160,2015-11-22
2015,Ｖ・ファーレン長崎,1482.5087776338241,J2,126,2015-11-23
2015,カマタマーレ讃岐,1434.316348412091,J2,84,2015-11-23
2015,いわてグルージャ盛岡,1353.4931966016768,J3,69,2015-11-23
2015,横浜スポーツ&カルチャークラブ,1268.4420729633177,J3,69,2015-11-23
2015,ブラウブリッツ秋田,1371.6575576654,J3,69,2015-11-23
2015,ＡＣ長野パルセイロ,1505.513204241083,J3,69,2015-11-23
2015,福島ユナイテッドＦＣ,1375.1564306357436,J3,69,2015-11-23
2015,ＦＣ琉球,1355.869675132226,J3,69,2015-11-23
2015,Ｊリーグ・アンダー22選抜,1316.2620043491972,J3,69,2015-11-14
2015,藤枝ＭＹＦＣ,1314.300420419567,J3,69,2015-11-23
2015,ＳＣ相模原,1413.4916545862282,J3,69,2015-11-23
2015,ツエーゲン金沢,1465.3263346545023,J2,75,2015-11-23
2015,レノファ山口ＦＣ,1519.6023351135948,J3,36,2015-11-23
2016,東京ヴェルディ,1393.1914114279602,J2,907,2016-11-20
2016,横浜Ｆ・マリノス,1640.2267305317039,J1,816,2016-11-03
2016,ガンバ大阪,1661.15414214691,J1,824,2016-11-03
2016,浦和レッズ,1727.2697700429956,J1,826,2016-11-03
2016,サンフレッチェ広島,1660.2800185804429,J1,838,2016-11-03
2016,ジェフユナイテッド千葉,1454.1153360919109,J2,862,2016-11-20
2016,横浜フリューゲルス,1505.1574601130826,J1,228,1998-11-14
2016,清水エスパルス,1605.4616510263552,J2,824,2016-11-20
2016,鹿島アントラーズ,1644.2712598592939,J1,816,2016-11-03
2016,名古屋グランパス,1492.9559024736377,J1,816,2016-11-03
2016,湘南ベルマーレ,1488.6852610778665,J1,929,2016-11-03
2016,ジュビロ磐田,1524.3992938828617,J1,796,2016-11-03
2016,セレッソ大阪,1540.184900221088,J2,805,2016-11-20
2016,柏レイソル,1613.736701643769,J1,752,2016-11-03
2016,アビスパ福岡,1429.4400954853459,J1,809,2016-11-03
2016,京都サンガF.C.,1515.737185559518,J2,780,2016-11-20
2016,ヴィッセル神戸,1609.1610302618838,J1,676,2016-11-03
2016,北海道コンサドーレ札幌,1553.9280536591468,J2,759,2016-11-20
2016,ベガルタ仙台,1527.2786230956185,J1,695,2016-11-03
2016,モンテディオ山形,1437.1462145922649,J2,738,2016-11-20
2016,ヴァンフォーレ甲府,1474.8181416137784,J1,705,2016-11-03
2016,大宮アルディージャ,1607.7015301877623,J1,668,2016-11-03
2016,大分トリニータ,1507.20971049155,J3,658,2016-11-20
2016,川崎フロンターレ,1680.571595803148,J1,650,2016-11-03
2016,アルビレックス新潟,1478.676800866989,J1,646,2016-11-03
2016,ＦＣ東京,1608.2526003423493,J1,598,2016-11-03
2016,サガン鳥栖,1568.1057985991654,J1,729,2016-11-03
2016,水戸ホーリーホック,1435.3290340918918,J2,733,2016-11-20
2016,横浜ＦＣ,1450.8169611941034,J2,679,2016-11-20
2016,ザスパ群馬,1410.27690603793,J2,517,2016-11-20
2016,徳島ヴォルティス,1474.288256026849,J2,509,2016-11-20
2016,愛媛ＦＣ,1482.2258600645353,J2,473,2016-11-20
2016,ロアッソ熊本,1416.4554880774851,J2,377,2016-11-20
2016,ＦＣ岐阜,1370.6483984331398,J2,377,2016-11-20
2016,カターレ富山,1422.2872560447372,J3,317,2016-11-20
2016,ファジアーノ岡山,1497.621952759043,J2,335,2016-11-20
2016,栃木ＳＣ,1462.0748732419408,J3,323,2016-11-20
2016,ギラヴァンツ北九州,1402.7019198986338,J2,284,2016-11-20
2016,ガイナーレ鳥取,1358.5238196707526,J3,221,2016-11-20
2016,ＦＣ町田ゼルビア,1526.9616265405964,J2,153,2016-11-20
2016,松本山雅ＦＣ,1580.8390011345966,J2,202,2016-11-20
2016,Ｖ・ファーレン長崎,1428.208655325104,J2,168,2016-11-20
2016,カマタマーレ讃岐,1390.6313995569335,J2,126,2016-11-20
2016,いわてグルージャ盛岡,1373.0901843818326,J3,99,2016-11-20
2016,横浜スポーツ&カルチャークラブ,1240.7600689190099,J3,99,2016-11-20
2016,ブラウブリッツ秋田,1434.224496787418,J3,99,2016-11-20
2016,ＡＣ長野パルセイロ,1487.6091195156462,J3,99,2016-11-20
2016,福島ユナイテッドＦＣ,1343.0905487123273,J3,99,2016-11-20
2016,ＦＣ琉球,1396.3294759872128,J3,99,2016-11-20
2016,Ｊリーグ・アンダー22選抜,1343.8227036968176,J3,69,2015-11-14
2016,藤枝ＭＹＦＣ,1387.9946481426177,J3,99,2016-11-20
2016,ＳＣ相模原,1354.3772732379027,J3,99,2016-11-20
2016,ツエーゲン金沢,1405.1035026536952,J2,117,2016-11-20
2016,レノファ山口ＦＣ,1443.9443944042441,J2,78,2016-11-20
2016,ガンバ大阪U-23,1389.6004083462092,J3,30,2016-11-20
2016,セレッソ大阪U-23,1357.963166591018,J3,30,2016-11-20
2016,鹿児島ユナイテッドＦＣ,1423.5580838863518,J3,30,2016-11-20
2016,ＦＣ東京U-23,1405.6928585453138,J3,30,2016-11-20
2017,東京ヴェルディ,1498.1128012416912,J2,949,2017-11-19
2017,横浜Ｆ・マリノス,1631.883056951036,J1,850,2017-12-02
2017,ガンバ大阪,1592.9465058614028,J1,858,2017-12-02
2017,浦和レッズ,1631.5565077460835,J1,860,2017-12-02
2017,サンフレッチェ広島,1550.8568924662352,J1,872,2017-12-02
2017,ジェフユナイテッド千葉,1517.9379842602355,J2,904,2017-11-19
2017,横浜フリューゲルス,1504.3838410961202,J1,228,1998-11-14
2017,清水エスパルス,1519.9061649190771,J1,858,2017-12-02
2017,鹿島アントラーズ,1683.48625146616,J1,850,2017-12-02
2017,名古屋グランパス,1538.7476904919781,J2,858,2017-11-19
2017,湘南ベルマーレ,1548.854214460066,J2,971,2017-11-19
2017,ジュビロ磐田,1629.3102917468211,J1,830,2017-12-02
2017,セレッソ大阪,1633.6383038396425,J1,839,2017-12-02
2017,柏レイソル,1649.0107880097141,J1,786,2017-12-02
2017,アビスパ福岡,1513.3119961353282,J2,851,2017-11-19
2017,京都サンガF.C.,1506.117594228098,J2,822,2017-11-19
2017,ヴィッセル神戸,1563.9997180534288,J1,710,2017-12-02
2017,北海道コンサドーレ札幌,1558.6092805149683,J1,793,2017-12-02
2017,ベガルタ仙台,1540.1559020386078,J1,729,2017-12-02
2017,モンテディオ山形,1463.41312721614,J2,780,2017-11-19
2017,ヴァンフォーレ甲府,1479.146095413549,J1,739,2017-12-02
2017,大宮アルディージャ,1496.7390547797327,J1,702,2017-12-02
2017,大分トリニータ,1501.858414965607,J2,700,2017-11-19
2017,川崎フロンターレ,1734.4684224689713,J1,684,2017-12-02
2017,アルビレックス新潟,1461.5127738228339,J1,680,2017-12-02
2017,ＦＣ東京,1552.2356687948609,J1,632,2017-12-02
2017,サガン鳥栖,1557.1951671173474,J1,763,2017-12-02
2017,水戸ホーリーホック,1430.9405356026966,J2,775,2017-11-19
2017,横浜ＦＣ,1478.4923816565033,J2,721,2017-11-19
2017,ザスパ群馬,1284.9938456621292,J2,559,2017-11-19
2017,徳島ヴォルティス,1522.7090200725042,J2,551,2017-11-19
2017,愛媛ＦＣ,1414.9553057450896,J2,515,2017-11-19
2017,ロアッソ熊本,1368.4618164030658,J2,419,2017-11-19
2017,ＦＣ岐阜,1390.4889404563398,J2,419,2017-11-19
2017,カターレ富山,1415.7670069396518,J3,349,2017-12-03
2017,ファジアーノ岡山,1466.7601096893613,J2,377,2017-11-19
2017,栃木ＳＣ,1509.5794635198076,J3,355,2017-12-03
2017,ギラヴァンツ北九州,1424.574531221871,J3,316,2017-12-03
2017,ガイナーレ鳥取,1280.2940050300847,J3,253,2017-12-03
2017,ＦＣ町田ゼルビア,1475.5314074754706,J2,195,2017-11-19
2017,松本山雅ＦＣ,1529.0500228718524,J2,244,2017-11-19
2017,Ｖ・ファーレン長崎,1536.2765057115266,J2,210,2017-11-19
2017,カマタマーレ讃岐,1380.2133540578159,J2,168,2017-11-19
2017,いわてグルージャ盛岡,1335.4790745899418,J3,131,2017-12-03
2017,横浜スポーツ&カルチャークラブ,1308.570207689275,J3,131,2017-12-03
2017,ブラウブリッツ秋田,1484.1840439748084,J3,131,2017-12-03
2017,ＡＣ長野パルセイロ,1469.0790104741025,J3,131,2017-12-03
2017,福島ユナイテッドＦＣ,1380.1331470804942,J3,131,2017-12-03
2017,ＦＣ琉球,1438.1025652110532,J3,131,2017-12-03
2017,Ｊリーグ・アンダー22選抜,1367.249298142295,J3,69,2015-11-14
2017,藤枝ＭＹＦＣ,1438.2550892303175,J3,131,2017-12-03
2017,ＳＣ相模原,1374.7572050202464,J3,131,2017-12-03
2017,ツエーゲン金沢,1422.4018402824909,J2,159,2017-11-19
2017,レノファ山口ＦＣ,1387.4287617891805,J2,120,2017-11-19
2017,ガンバ大阪U-23,1317.3456442635593,J3,62,2017-11-26
2017,セレッソ大阪U-23,1382.3797871242298,J3,62,2017-12-03
2017,鹿児島ユナイテッドＦＣ,1458.0833785471536,J3,62,2017-12-03
2017,ＦＣ東京U-23,1396.1948604849201,J3,62,2017-12-03
2017,アスルクラロ沼津,1491.1174512210691,J3,32,2017-12-03
2018,東京ヴェルディ,1532.0144631224005,J2,991,2018-11-17
2018,横浜Ｆ・マリノス,1578.00502032559,J1,884,2018-12-01
2018,ガンバ大阪,1588.313562606434,J1,892,2018-12-01
2018,浦和レッズ,1628.5043199304012,J1,894,2018-12-01
2018,サンフレッチェ広島,1573.0892617701516,J1,906,2018-12-01
2018,ジェフユナイテッド千葉,1486.5799119384708,J2,946,2018-11-17
2018,横浜フリューゲルス,1503.7262649317022,J1,228,1998-11-14
2018,清水エスパルス,1579.054004717018,J1,892,2018-12-01
2018,鹿島アントラーズ,1660.0385943454357,J1,884,2018-12-01
2018,名古屋グランパス,1542.0672806169232,J1,892,2018-12-01
2018,湘南ベルマーレ,1546.167297551673,J1,1005,2018-12-01
2018,ジュビロ磐田,1550.0703672299944,J1,864,2018-12-01
2018,セレッソ大阪,1594.924548621149,J1,873,2018-12-01
2018,柏レイソル,1574.1997250947834,J1,820,2018-12-01
2018,アビスパ福岡,1529.7692020022632,J2,893,2018-11-17
2018,京都サンガF.C.,1426.4554526437696,J2,864,2018-11-17
2018,ヴィッセル神戸,1547.0454976647663,J1,744,2018-12-01
2018,北海道コンサドーレ札幌,1588.9021883646976,J1,827,2018-12-01
2018,ベガルタ仙台,1524.9550530166307,J1,763,2018-12-01
2018,モンテディオ山形,1465.915669605222,J2,822,2018-11-17
2018,ヴァンフォーレ甲府,1494.8316448344156,J2,781,2018-11-17
2018,大宮アルディージャ,1537.2461478494433,J2,744,2018-11-17
2018,大分トリニータ,1553.7285058031632,J2,742,2018-11-17
2018,川崎フロンターレ,1723.1040916528898,J1,718,2018-12-01
2018,アルビレックス新潟,1448.2526855906372,J2,722,2018-11-17
2018,ＦＣ東京,1568.98157167825,J1,666,2018-12-01
2018,サガン鳥栖,1559.7601907628327,J1,797,2018-12-01
2018,水戸ホーリーホック,1460.0310712466298,J2,817,2018-11-17
2018,横浜ＦＣ,1560.379682211622,J2,763,2018-11-17
2018,ザスパ群馬,1387.5010313202922,J3,591,2018-12-02
2018,徳島ヴォルティス,1490.4606938965055,J2,593,2018-11-17
2018,愛媛ＦＣ,1410.7908587217044,J2,557,2018-11-17
2018,ロアッソ熊本,1337.905715317987,J2,461,2018-11-17
2018,ＦＣ岐阜,1382.3555253636162,J2,461,2018-11-17
2018,カターレ富山,1402.9193436798143,J3,381,2018-12-02
2018,ファジアーノ岡山,1431.5646327779023,J2,419,2018-11-17
2018,栃木ＳＣ,1455.51170354804,J2,397,2018-11-17
2018,ギラヴァンツ北九州,1347.422818120969,J3,348,2018-12-02
2018,ガイナーレ鳥取,1416.9176933452197,J3,285,2018-12-02
2018,ＦＣ町田ゼルビア,1537.4102460565957,J2,237,2018-11-17
2018,松本山雅ＦＣ,1557.434391896078,J2,286,2018-11-17
2018,Ｖ・ファーレン長崎,1477.9841568096176,J1,244,2018-12-01
2018,カマタマーレ讃岐,1322.1446248282775,J2,210,2018-11-17
2018,いわてグルージャ盛岡,1348.616751371534,J3,163,2018-12-02
2018,横浜スポーツ&カルチャークラブ,1335.665363881992,J3,163,2018-12-02
2018,ブラウブリッツ秋田,1439.900028952479,J3,163,2018-12-02
2018,ＡＣ長野パルセイロ,1438.7369500559882,J3,163,2018-12-02
2018,福島ユナイテッドＦＣ,1373.897090956936,J3,163,2018-12-02
2018,ＦＣ琉球,1524.3416797057569,J3,163,2018-12-02
2018,Ｊリーグ・アンダー22選抜,1387.1619034209507,J3,69,2015-11-14
2018,藤枝ＭＹＦＣ,1371.4144553070998,J3,163,2018-12-02
2018,ＳＣ相模原,1380.44658056871,J3,163,2018-12-02
2018,ツエーゲン金沢,1472.3796408734572,J2,201,2018-11-17
2018,レノファ山口ＦＣ,1439.725911304384,J2,162,2018-11-17
2018,ガンバ大阪U-23,1404.1724935349685,J3,94,2018-12-02
2018,セレッソ大阪U-23,1438.0219946440716,J3,94,2018-12-02
2018,鹿児島ユナイテッドＦＣ,1474.7352159979232,J3,94,2018-12-02
2018,ＦＣ東京U-23,1390.9890359778874,J3,94,2018-11-23
2018,アスルクラロ沼津,1476.7156982785293,J3,64,2018-12-02
2019,東京ヴェルディ,1494.2635460728575,J2,1033,2019-11-24
2019,横浜Ｆ・マリノス,1683.2820578804497,J1,918,2019-12-07
2019,ガンバ大阪,1601.4014503163453,J1,926,2019-12-07
2019,浦和レッズ,1534.1488288356243,J1,928,2019-12-07
2019,サンフレッチェ広島,1612.7661914585703,J1,940,2019-12-07
2019,ジェフユナイテッド千葉,1425.8456370114966,J2,988,2019-11-24
2019,横浜フリューゲルス,1503.167325191947,J1,228,1998-11-14
2019,清水エスパルス,1509.99555578622,J1,926,2019-12-07
2019,鹿島アントラーズ,1665.1445173277984,J1,918,2019-12-07
2019,名古屋グランパス,1511.1720605338007,J1,926,2019-12-07
2019,湘南ベルマーレ,1484.961162986141,J1,1039,2019-12-07
2019,ジュビロ磐田,1483.0484746255052,J1,898,2019-12-07
2019,セレッソ大阪,1631.0051391290333,J1,907,2019-12-07
2019,柏レイソル,1638.7549159976413,J2,862,2019-11-24
2019,アビスパ福岡,1436.4867100565543,J2,935,2019-11-24
2019,京都サンガF.C.,1498.348894060671,J2,906,2019-11-24
2019,ヴィッセル神戸,1568.5162383584181,J1,778,2019-12-07
2019,北海道コンサドーレ札幌,1571.5623144241497,J1,861,2019-12-07
2019,ベガルタ仙台,1533.25023555255,J1,797,2019-12-07
2019,モンテディオ山形,1525.2717685589853,J2,864,2019-11-24
2019,ヴァンフォーレ甲府,1559.9070610838871,J2,823,2019-11-24
2019,大宮アルディージャ,1570.8890329056233,J2,786,2019-11-24
2019,大分トリニータ,1546.2283503982178,J1,776,2019-12-07
2019,川崎フロンターレ,1686.3703488660133,J1,752,2019-12-07
2019,アルビレックス新潟,1522.2679750525251,J2,764,2019-11-24
2019,ＦＣ東京,1623.1096753006896,J1,700,2019-12-07
2019,サガン鳥栖,1496.0227817893835,J1,831,2019-12-07
2019,水戸ホーリーホック,1531.339610149451,J2,859,2019-11-24
2019,横浜ＦＣ,1604.3845733999372,J2,805,2019-11-24
2019,ザスパ群馬,1490.0030065132344,J3,625,2019-12-08
2019,徳島ヴォルティス,1560.3918483731998,J2,635,2019-11-24
2019,愛媛ＦＣ,1400.9150866157934,J2,599,2019-11-24
2019,ロアッソ熊本,1410.1313009921937,J3,495,2019-12-08
2019,ＦＣ岐阜,1331.604940073052,J2,503,2019-11-24
2019,カターレ富山,1486.7715125377754,J3,415,2019-12-08
2019,ファジアーノ岡山,1485.8401304526435,J2,461,2019-11-24
2019,栃木ＳＣ,1420.124631657265,J2,439,2019-11-24
2019,ギラヴァンツ北九州,1473.7449158235936,J3,382,2019-12-08
2019,ガイナーレ鳥取,1396.8591695586085,J3,319,2019-12-08
2019,ＦＣ町田ゼルビア,1436.284391939053,J2,279,2019-11-24
2019,松本山雅ＦＣ,1502.5385027020563,J1,320,2019-12-07
2019,Ｖ・ファーレン長崎,1460.4916541818864,J2,286,2019-11-24
2019,カマタマーレ讃岐,1327.0742199183703,J3,244,2019-12-08
2019,いわてグルージャ盛岡,1282.9225643773548,J3,197,2019-12-08
2019,横浜スポーツ&カルチャークラブ,1360.0699342081957,J3,197,2019-12-08
2019,ブラウブリッツ秋田,1455.1150342798726,J3,197,2019-12-08
2019,ＡＣ長野パルセイロ,1442.310217607333,J3,197,2019-12-08
2019,福島ユナイテッドＦＣ,1377.8130780118804,J3,197,2019-12-08
2019,ＦＣ琉球,1431.0792280616954,J2,205,2019-11-24
2019,Ｊリーグ・アンダー22選抜,1404.0876179078082,J3,69,2015-11-14
2019,藤枝ＭＹＦＣ,1453.8453017587044,J3,197,2019-12-08
2019,ＳＣ相模原,1364.4721281771706,J3,197,2019-12-08
2019,ツエーゲン金沢,1512.1011154200394,J2,243,2019-11-24
2019,レノファ山口ＦＣ,1419.7967737193144,J2,204,2019-11-24
2019,ガンバ大阪U-23,1366.097132294463,J3,128,2019-12-08
2019,セレッソ大阪U-23,1411.1494698864356,J3,128,2019-12-08
2019,鹿児島ユナイテッドＦＣ,1404.606008172315,J2,136,2019-11-24
2019,ＦＣ東京U-23,1380.0346574462362,J3,128,2019-12-08
2019,アスルクラロ沼津,1396.174848781526,J3,98,2019-12-08
2019,ヴァンラーレ八戸,1421.791027448395,J3,34,2019-12-08
2020,東京ヴェルディ,1477.104057293456,J2,1075,2020-12-20
2020,横浜Ｆ・マリノス,1619.2005569927699,J1,952,2020-12-19
2020,ガンバ大阪,1613.628560977281,J1,960,2020-12-19
2020,浦和レッズ,1519.8603230881959,J1,962,2020-12-19
2020,サンフレッチェ広島,1600.2837064088646,J1,974,2020-12-19
2020,ジェフユナイテッド千葉,1457.247250393746,J2,1030,2020-12-20
2020,横浜フリューゲルス,1502.692226413155,J1,228,1998-11-14
2020,清水エスパルス,1491.8139853431003,J1,960,2020-12-19
2020,鹿島アントラーズ,1644.9102740715207,J1,952,2020-12-19
2020,名古屋グランパス,1602.1923530877702,J1,960,2020-12-19
2020,湘南ベルマーレ,1465.5428477301218,J1,1073,2020-12-19
2020,ジュビロ磐田,1522.2787104312183,J2,940,2020-12-20
2020,セレッソ大阪,1622.45121986285,J1,941,2020-12-19
2020,柏レイソル,1627.869804001841,J1,896,2020-12-19
2020,アビスパ福岡,1566.6847905181316,J2,977,2020-12-20
2020,京都サンガF.C.,1494.0394641854534,J2,948,2020-12-20
2020,ヴィッセル神戸,1511.1917822863536,J1,812,2020-12-19
2020,北海道コンサドーレ札幌,1544.4598845034643,J1,895,2020-12-19
2020,ベガルタ仙台,1479.6648501825591,J1,831,2020-12-19
2020,モンテディオ山形,1541.3347413391286,J2,906,2020-12-20
2020,ヴァンフォーレ甲府,1540.8189797601879,J2,865,2020-12-20
2020,大宮アルディージャ,1480.4909327556336,J2,828,2020-12-20
2020,大分トリニータ,1537.9048544679506,J1,810,2020-12-19
2020,川崎フロンターレ,1767.3115199162694,J1,786,2020-12-19
2020,アルビレックス新潟,1476.207105810922,J2,806,2020-12-20
2020,ＦＣ東京,1600.4913562968159,J1,734,2020-12-19
2020,サガン鳥栖,1519.325188953614,J1,865,2020-12-19
2020,水戸ホーリーホック,1514.1083734438198,J2,901,2020-12-20
2020,横浜ＦＣ,1508.6618704184932,J1,839,2020-12-19
2020,ザスパ群馬,1451.382937836235,J2,667,2020-12-20
2020,徳島ヴォルティス,1605.5703761677619,J2,677,2020-12-20
2020,愛媛ＦＣ,1362.2463289601492,J2,641,2020-12-20
2020,ロアッソ熊本,1428.8320538722587,J3,529,2020-12-20
2020,ＦＣ岐阜,1421.6590481949197,J3,537,2020-12-20
2020,カターレ富山,1456.753346587462,J3,449,2020-12-20
2020,ファジアーノ岡山,1466.129014052927,J2,503,2020-12-20
2020,栃木ＳＣ,1469.0806154503562,J2,481,2020-12-20
2020,ギラヴァンツ北九州,1496.2177240014335,J2,424,2020-12-20
2020,ガイナーレ鳥取,1452.236692500781,J3,353,2020-12-20
2020,ＦＣ町田ゼルビア,1436.0888823107375,J2,321,2020-12-20
2020,松本山雅ＦＣ,1488.124558615192,J2,362,2020-12-20
2020,Ｖ・ファーレン長崎,1568.2970175922856,J2,328,2020-12-20
2020,カマタマーレ讃岐,1332.148902896798,J3,278,2020-12-20
2020,いわてグルージャ盛岡,1354.0502075368338,J3,231,2020-12-20
2020,横浜スポーツ&カルチャークラブ,1306.1238570961084,J3,231,2020-12-20
2020,ブラウブリッツ秋田,1528.335687673797,J3,231,2020-12-20
2020,ＡＣ長野パルセイロ,1484.0460586917147,J3,231,2020-12-20
2020,福島ユナイテッドＦＣ,1365.12672658372,J3,231,2020-12-20
2020,ＦＣ琉球,1461.3419844160621,J2,247,2020-12-20
2020,Ｊリーグ・アンダー22選抜,1418.474475221637,J3,69,2015-11-14
2020,藤枝ＭＹＦＣ,1442.872509387112,J3,231,2020-12-20
2020,ＳＣ相模原,1452.626154380719,J3,231,2020-12-20
2020,ツエーゲン金沢,1460.0041471162444,J2,285,2020-12-20
2020,レノファ山口ＦＣ,1360.0350033306495,J2,246,2020-12-20
2020,ガンバ大阪U-23,1355.3996583120042,J3,162,2020-12-20
2020,セレッソ大阪U-23,1305.9978956042214,J3,162,2020-12-20
2020,鹿児島ユナイテッドＦＣ,1463.4998106561793,J3,170,2020-12-20
2020,ＦＣ東京U-23,1398.029458829301,J3,128,2019-12-08
2020,アスルクラロ沼津,1391.2703878918949,J3,132,2020-12-20
2020,ヴァンラーレ八戸,1366.6850909280352,J3,68,2020-12-20
2020,ＦＣ今治,1452.8226160765396,J3,34,2020-12-20
2021,東京ヴェルディ,1483.1452022886788,J2,1117,2021-12-05
2021,横浜Ｆ・マリノス,1691.7478836536288,J1,990,2021-12-04
2021,ガンバ大阪,1526.5872944956852,J1,998,2021-12-04
2021,浦和レッズ,1589.2498822710413,J1,1000,2021-12-04
2021,サンフレッチェ広島,1567.5609623787757,J1,1012,2021-12-04
2021,ジェフユナイテッド千葉,1532.6826247184613,J2,1072,2021-12-05
2021,横浜フリューゲルス,1502.2883924511816,J1,228,1998-11-14
2021,清水エスパルス,1489.9157051512318,J1,998,2021-12-04
2021,鹿島アントラーズ,1668.3834417973067,J1,990,2021-12-04
2021,名古屋グランパス,1614.2580857364044,J1,998,2021-12-04
2021,湘南ベルマーレ,1498.045965360753,J1,1111,2021-12-04
2021,ジュビロ磐田,1619.249089743307,J2,982,2021-12-05
2021,セレッソ大阪,1553.062001906359,J1,979,2021-12-04
2021,柏レイソル,1515.2474073803917,J1,934,2021-12-04
2021,アビスパ福岡,1575.4575998327362,J1,1015,2021-12-04
2021,京都サンガF.C.,1574.7624905313078,J2,990,2021-12-05
2021,ヴィッセル神戸,1631.6743806929146,J1,850,2021-12-04
2021,北海道コンサドーレ札幌,1540.8431215698342,J1,933,2021-12-04
2021,ベガルタ仙台,1441.361402106672,J1,869,2021-12-04
2021,モンテディオ山形,1527.9027198872266,J2,948,2021-12-05
2021,ヴァンフォーレ甲府,1593.6280921032262,J2,907,2021-12-05
2021,大宮アルディージャ,1455.780265879093,J2,870,2021-12-05
2021,大分トリニータ,1491.8184442017432,J1,848,2021-12-04
2021,川崎フロンターレ,1783.6307924762662,J1,824,2021-12-04
2021,アルビレックス新潟,1514.5062799029731,J2,848,2021-12-05
2021,ＦＣ東京,1560.6162284089432,J1,772,2021-12-04
2021,サガン鳥栖,1553.2774958490256,J1,903,2021-12-04
2021,水戸ホーリーホック,1510.6597679093757,J2,943,2021-12-05
2021,横浜ＦＣ,1438.825679427457,J1,877,2021-12-04
2021,ザスパ群馬,1414.8683517658526,J2,709,2021-12-05
2021,徳島ヴォルティス,1500.1033147872004,J1,715,2021-12-04
2021,愛媛ＦＣ,1362.4743512939906,J2,683,2021-12-05
2021,ロアッソ熊本,1502.7160500582524,J3,557,2021-12-05
2021,ＦＣ岐阜,1425.5606166337088,J3,565,2021-12-05
2021,カターレ富山,1464.1729576972582,J3,477,2021-12-05
2021,ファジアーノ岡山,1501.844159208564,J2,545,2021-12-05
2021,栃木ＳＣ,1438.618365321578,J2,523,2021-12-05
2021,ギラヴァンツ北九州,1392.1111311245863,J2,466,2021-12-05
2021,ガイナーレ鳥取,1390.8539103798935,J3,381,2021-12-05
2021,ＦＣ町田ゼルビア,1544.1946264776968,J2,363,2021-12-05
2021,松本山雅ＦＣ,1379.9352855012448,J2,404,2021-12-05
2021,Ｖ・ファーレン長崎,1602.4394981641724,J2,370,2021-12-05
2021,カマタマーレ讃岐,1319.9512008025756,J3,306,2021-12-05
2021,いわてグルージャ盛岡,1464.4467548457992,J3,259,2021-12-05
2021,横浜スポーツ&カルチャークラブ,1384.3754927568646,J3,259,2021-12-05
2021,ブラウブリッツ秋田,1438.3728208303357,J2,273,2021-12-05
2021,ＡＣ長野パルセイロ,1458.1284294204797,J3,259,2021-12-05
2021,福島ユナイテッドＦＣ,1430.170485890437,J3,259,2021-12-05
2021,ＦＣ琉球,1486.4832237946955,J2,289,2021-12-05
2021,Ｊリーグ・アンダー22選抜,1430.7033039383914,J3,69,2015-11-14
2021,藤枝ＭＹＦＣ,1416.8394854499109,J3,259,2021-12-05
2021,ＳＣ相模原,1405.9449885483737,J2,273,2021-12-05
2021,ツエーゲン金沢,1399.8500132695635,J2,327,2021-12-05
2021,レノファ山口ＦＣ,1398.5553722134978,J2,288,2021-12-05
2021,ガンバ大阪U-23,1377.0897095652035,J3,162,2020-12-20
2021,セレッソ大阪U-23,1335.0982112635882,J3,162,2020-12-20
2021,鹿児島ユナイテッドＦＣ,1441.3243713425738,J3,198,2021-12-05
2021,ＦＣ東京U-23,1413.3250400049058,J3,128,2019-12-08
2021,アスルクラロ沼津,1367.2705285522716,J3,160,2021-12-05
2021,ヴァンラーレ八戸,1338.2439815379942,J3,96,2021-12-05
2021,ＦＣ今治,1438.1872396821343,J3,62,2021-12-05
2021,テゲバジャーロ宮崎,1468.166707515149,J3,28,2021-11-28
2022,東京ヴェルディ,1512.8574868023304,J2,1159,2022-10-23
2022,横浜Ｆ・マリノス,1713.4300041879546,J1,1024,2022-11-05
2022,ガンバ大阪,1522.9194744185852,J1,1032,2022-11-05
2022,浦和レッズ,1595.4471875593995,J1,1034,2022-11-05
2022,サンフレッチェ広島,1612.4566061475991,J1,1046,2022-11-05
2022,ジェフユナイテッド千葉,1519.466963363559,J2,1114,2022-10-23
2022,横浜フリューゲルス,1501.9451335835045,J1,228,1998-11-14
2022,清水エスパルス,1496.2640112454656,J1,1032,2022-11-05
2022,鹿島アントラーズ,1611.7376479120296,J1,1024,2022-11-05
2022,名古屋グランパス,1580.8910851695287,J1,1032,2022-11-05
2022,湘南ベルマーレ,1535.3997442141265,J1,1145,2022-11-05
2022,ジュビロ磐田,1503.919204480402,J1,1016,2022-11-05
2022,セレッソ大阪,1577.2863878175815,J1,1013,2022-11-05
2022,柏レイソル,1534.0680516580471,J1,968,2022-11-05
2022,アビスパ福岡,1534.9502588942523,J1,1049,2022-11-05
2022,京都サンガF.C.,1535.715019561189,J1,1024,2022-11-05
2022,ヴィッセル神戸,1577.9959559645279,J1,884,2022-11-05
2022,北海道コンサドーレ札幌,1548.8394773723862,J1,967,2022-11-05
2022,ベガルタ仙台,1481.673550724269,J2,911,2022-10-23
2022,モンテディオ山形,1559.751096297635,J2,990,2022-10-23
2022,ヴァンフォーレ甲府,1480.0090204080686,J2,949,2022-10-23
2022,大宮アルディージャ,1436.7546537246506,J2,912,2022-10-23
2022,大分トリニータ,1527.472617320831,J2,890,2022-10-23
2022,川崎フロンターレ,1720.7262983758233,J1,858,2022-11-05
2022,アルビレックス新潟,1612.8047293761451,J2,890,2022-10-23
2022,ＦＣ東京,1570.1848977489776,J1,806,2022-11-05
2022,サガン鳥栖,1548.3030421226501,J1,937,2022-11-05
2022,水戸ホーリーホック,1497.0216367790945,J2,985,2022-10-23
2022,横浜ＦＣ,1535.1162743806258,J2,919,2022-10-23
2022,ザスパ群馬,1390.692776829903,J2,751,2022-10-23
2022,徳島ヴォルティス,1540.2617789133185,J2,757,2022-10-23
2022,愛媛ＦＣ,1434.57272028551,J3,717,2022-11-20
2022,ロアッソ熊本,1529.081224550578,J2,599,2022-10-23
2022,ＦＣ岐阜,1366.854009805917,J3,599,2022-11-20
2022,カターレ富山,1465.0768290877022,J3,511,2022-11-20
2022,ファジアーノ岡山,1552.9868841559878,J2,587,2022-10-23
2022,栃木ＳＣ,1452.0364994573406,J2,565,2022-10-23
2022,ギラヴァンツ北九州,1395.9175241695687,J3,500,2022-11-20
2022,ガイナーレ鳥取,1427.878822255571,J3,415,2022-11-20
2022,ＦＣ町田ゼルビア,1477.930070051998,J2,405,2022-10-23
2022,松本山雅ＦＣ,1464.5929884104664,J3,438,2022-11-20
2022,Ｖ・ファーレン長崎,1495.683645732024,J2,412,2022-10-23
2022,カマタマーレ讃岐,1308.8454583468588,J3,340,2022-11-20
2022,いわてグルージャ盛岡,1348.009312017342,J2,301,2022-10-23
2022,横浜スポーツ&カルチャークラブ,1314.7341881509653,J3,293,2022-11-20
2022,ブラウブリッツ秋田,1475.0353073697077,J2,315,2022-10-23
2022,ＡＣ長野パルセイロ,1448.7670487776488,J3,293,2022-11-20
2022,福島ユナイテッドＦＣ,1383.001732804651,J3,293,2022-11-20
2022,ＦＣ琉球,1427.613249382122,J2,331,2022-10-23
2022,Ｊリーグ・アンダー22選抜,1441.0978083476327,J3,69,2015-11-14
2022,藤枝ＭＹＦＣ,1518.1772149801398,J3,293,2022-11-20
2022,ＳＣ相模原,1329.1477280318295,J3,307,2022-11-20
2022,ツエーゲン金沢,1437.049305553484,J2,369,2022-10-23
2022,レノファ山口ＦＣ,1441.0744915967834,J2,330,2022-10-23
2022,ガンバ大阪U-23,1395.526253130423,J3,162,2020-12-20
2022,セレッソ大阪U-23,1359.83347957405,J3,162,2020-12-20
2022,鹿児島ユナイテッドＦＣ,1488.487024946639,J3,232,2022-11-20
2022,ＦＣ東京U-23,1426.3262840041698,J3,128,2019-12-08
2022,アスルクラロ沼津,1331.016029568999,J3,194,2022-11-20
2022,ヴァンラーレ八戸,1367.4789196548327,J3,130,2022-11-20
2022,ＦＣ今治,1487.4354607465332,J3,96,2022-11-20
2022,テゲバジャーロ宮崎,1443.984612479142,J3,62,2022-11-20
2022,いわきＦＣ,1550.1861770070557,J3,34,2022-11-20
2023,東京ヴェルディ,1581.1312925387165,J2,1201,2023-11-12
2023,横浜Ｆ・マリノス,1671.4419636784532,J1,1058,2023-12-03
2023,ガンバ大阪,1476.0108366094212,J1,1066,2023-12-03
2023,浦和レッズ,1620.222655524578,J1,1068,2023-12-03
2023,サンフレッチェ広島,1631.3348665813241,J1,1080,2023-12-03
2023,ジェフユナイテッド千葉,1546.703935386137,J2,1156,2023-11-12
2023,横浜フリューゲルス,1501.653363545979,J1,228,1998-11-14
2023,清水エスパルス,1589.4828550972709,J2,1074,2023-11-12
2023,鹿島アントラーズ,1604.73075808125,J1,1058,2023-12-03
2023,名古屋グランパス,1575.491246388111,J1,1066,2023-12-03
2023,湘南ベルマーレ,1508.554636665903,J1,1179,2023-12-03
2023,ジュビロ磐田,1590.3512220127755,J2,1058,2023-11-12
2023,セレッソ大阪,1576.012222437698,J1,1047,2023-12-03
2023,柏レイソル,1513.0423884532395,J1,1002,2023-12-03
2023,アビスパ福岡,1547.1309173594348,J1,1083,2023-12-03
2023,京都サンガF.C.,1539.2890998731032,J1,1058,2023-12-03
2023,ヴィッセル神戸,1669.968129830813,J1,918,2023-12-03
2023,北海道コンサドーレ札幌,1533.9360438044532,J1,1001,2023-12-03
2023,ベガルタ仙台,1441.524142456435,J2,953,2023-11-12
2023,モンテディオ山形,1558.7124107959278,J2,1032,2023-11-12
2023,ヴァンフォーレ甲府,1515.094107776675,J2,991,2023-11-12
2023,大宮アルディージャ,1380.0889571923578,J2,954,2023-11-12
2023,大分トリニータ,1502.134791038715,J2,932,2023-11-12
2023,川崎フロンターレ,1642.2997022381965,J1,892,2023-12-03
2023,アルビレックス新潟,1574.490817616445,J1,924,2023-12-03
2023,ＦＣ東京,1545.5379636459925,J1,840,2023-12-03
2023,サガン鳥栖,1530.7294267012417,J1,971,2023-12-03
2023,水戸ホーリーホック,1458.2512423705766,J2,1027,2023-11-12
2023,横浜ＦＣ,1487.807645959557,J1,953,2023-12-03
2023,ザスパ群馬,1460.8668271135462,J2,793,2023-11-12
2023,徳島ヴォルティス,1489.6582174153511,J2,799,2023-11-12
2023,愛媛ＦＣ,1485.348624371767,J3,755,2023-12-02
2023,ロアッソ熊本,1482.5709368558998,J2,641,2023-11-12
2023,ＦＣ岐阜,1427.7974049986906,J3,637,2023-12-02
2023,カターレ富山,1464.0259942121638,J3,549,2023-12-02
2023,ファジアーノ岡山,1503.4046558964287,J2,629,2023-11-12
2023,栃木ＳＣ,1443.305683041506,J2,607,2023-11-12
2023,ギラヴァンツ北九州,1354.0733101741027,J3,538,2023-12-02
2023,ガイナーレ鳥取,1451.1010875812697,J3,453,2023-12-02
2023,ＦＣ町田ゼルビア,1623.2770869259177,J2,447,2023-11-12
2023,松本山雅ＦＣ,1434.7778850735833,J3,476,2023-12-02
2023,Ｖ・ファーレン長崎,1530.8767563932036,J2,454,2023-11-12
2023,カマタマーレ讃岐,1344.4047388865079,J3,378,2023-12-02
2023,いわてグルージャ盛岡,1398.6460827336725,J3,339,2023-12-02
2023,横浜スポーツ&カルチャークラブ,1394.8755772538664,J3,331,2023-12-02
2023,ブラウブリッツ秋田,1467.8907008052893,J2,357,2023-11-12
2023,ＡＣ長野パルセイロ,1407.0113418890153,J3,331,2023-12-02
2023,福島ユナイテッドＦＣ,1402.4448011125482,J3,331,2023-12-02
2023,ＦＣ琉球,1368.2191537229885,J3,369,2023-12-02
2023,Ｊリーグ・アンダー22選抜,1449.9331370954878,J3,69,2015-11-14
2023,藤枝ＭＹＦＣ,1472.5457768221324,J2,335,2023-11-12
2023,ＳＣ相模原,1384.5955302958998,J3,345,2023-12-02
2023,ツエーゲン金沢,1378.4778198293182,J2,411,2023-11-12
2023,レノファ山口ＦＣ,1409.0350969750857,J2,372,2023-11-12
2023,ガンバ大阪U-23,1411.1973151608595,J3,162,2020-12-20
2023,セレッソ大阪U-23,1380.8584576379426,J3,162,2020-12-20
2023,鹿児島ユナイテッドＦＣ,1493.999332670708,J3,270,2023-12-02
2023,ＦＣ東京U-23,1437.3773414035443,J3,128,2019-12-08
2023,アスルクラロ沼津,1374.4924164066642,J3,232,2023-12-02
2023,ヴァンラーレ八戸,1415.8349606769716,J3,168,2023-12-02
2023,ＦＣ今治,1478.7183235176592,J3,134,2023-12-02
2023,テゲバジャーロ宮崎,1357.7607486903773,J3,100,2023-12-02
2023,いわきＦＣ,1468.6932600036673,J2,76,2023-11-12
2023,ＦＣ大阪,1412.8473590588344,J3,38,2023-12-02
2023,奈良クラブ,1447.4269367566633,J3,38,2023-12-02
2024,東京ヴェルディ,1586.0201344558454,J1,1239,2024-12-08
2024,横浜Ｆ・マリノス,1585.2209296414903,J1,1096,2024-12-08
2024,ガンバ大阪,1593.7221710010208,J1,1104,2024-12-08
2024,浦和レッズ,1580.0892607477874,J1,1106,2024-12-08
2024,サンフレッチェ広島,1652.463426433036,J1,1118,2024-12-08
2024,ジェフユナイテッド千葉,1548.0443709425579,J2,1194,2024-11-10
2024,横浜フリューゲルス,1501.405359014082,J1,228,1998-11-14
2024,清水エスパルス,1621.023269512601,J2,1112,2024-11-10
2024,鹿島アントラーズ,1634.6714654203288,J1,1096,2024-12-08
2024,名古屋グランパス,1547.4018632099674,J1,1104,2024-12-08
2024,湘南ベルマーレ,1532.095979677592,J1,1217,2024-12-08
2024,ジュビロ磐田,1497.7034540157674,J1,1096,2024-12-08
2024,セレッソ大阪,1544.8486552163963,J1,1085,2024-12-08
2024,柏レイソル,1499.4296306372985,J1,1040,2024-12-08
2024,アビスパ福岡,1541.3109631996429,J1,1121,2024-12-08
2024,京都サンガF.C.,1534.966956586907,J1,1096,2024-12-08
2024,ヴィッセル神戸,1678.1689924461318,J1,956,2024-12-08
2024,北海道コンサドーレ札幌,1512.6242020380687,J1,1039,2024-12-08
2024,ベガルタ仙台,1505.9496509799342,J2,991,2024-11-10
2024,モンテディオ山形,1597.1110448936186,J2,1070,2024-11-10
2024,ヴァンフォーレ甲府,1474.6232804446747,J2,1029,2024-11-10
2024,大宮アルディージャ,1535.042006176307,J3,992,2024-11-24
2024,大分トリニータ,1451.534521061687,J2,970,2024-11-10
2024,川崎フロンターレ,1614.6791318569244,J1,930,2024-12-08
2024,アルビレックス新潟,1513.17854129577,J1,962,2024-12-08
2024,ＦＣ東京,1562.5271767494658,J1,878,2024-12-08
2024,サガン鳥栖,1486.0472681092047,J1,1009,2024-12-08
2024,水戸ホーリーホック,1443.655526909266,J2,1065,2024-11-10
2024,横浜ＦＣ,1585.7066105840454,J2,991,2024-11-10
2024,ザスパ群馬,1354.2141211753592,J2,831,2024-11-10
2024,徳島ヴォルティス,1509.9595105210485,J2,837,2024-11-10
2024,愛媛ＦＣ,1399.627050688896,J2,793,2024-11-10
2024,ロアッソ熊本,1476.2961484217324,J2,679,2024-11-10
2024,ＦＣ岐阜,1448.3978214256322,J3,675,2024-11-24
2024,カターレ富山,1499.3255038705051,J3,587,2024-11-24
2024,ファジアーノ岡山,1559.3417038850266,J2,667,2024-11-10
2024,栃木ＳＣ,1416.8741390179537,J2,645,2024-11-10
2024,ギラヴァンツ北九州,1412.062934696413,J3,576,2024-11-24
2024,ガイナーレ鳥取,1402.4346290057204,J3,491,2024-11-24
2024,ＦＣ町田ゼルビア,1624.565582683362,J1,485,2024-12-08
2024,松本山雅ＦＣ,1486.7133873045973,J3,514,2024-11-24
2024,Ｖ・ファーレン長崎,1607.860638026761,J2,492,2024-11-10
2024,カマタマーレ讃岐,1387.7530794659585,J3,416,2024-11-24
2024,いわてグルージャ盛岡,1267.1450672263109,J3,377,2024-11-24
2024,横浜スポーツ&カルチャークラブ,1316.3999702496956,J3,369,2024-11-24
2024,ブラウブリッツ秋田,1482.6888429582075,J2,395,2024-11-10
2024,ＡＣ長野パルセイロ,1361.2042952094064,J3,369,2024-11-24
2024,福島ユナイテッドＦＣ,1455.7095040816075,J3,369,2024-11-24
2024,ＦＣ琉球,1367.326423228167,J3,407,2024-11-24
2024,Ｊリーグ・アンダー22選抜,1457.4431665311647,J3,69,2015-11-14
2024,藤枝ＭＹＦＣ,1431.9617854193746,J2,373,2024-11-10
2024,ＳＣ相模原,1408.286124884722,J3,383,2024-11-24
2024,ツエーゲン金沢,1395.2991724663054,J3,449,2024-11-24
2024,レノファ山口ＦＣ,1454.584579352448,J2,410,2024-11-10
2024,ガンバ大阪U-23,1424.5177178867307,J3,162,2020-12-20
2024,セレッソ大阪U-23,1398.729688992251,J3,162,2020-12-20
2024,鹿児島ユナイテッドＦＣ,1413.4159460580115,J2,308,2024-11-10
2024,ＦＣ東京U-23,1446.7707401930127,J3,128,2019-12-08
2024,アスルクラロ沼津,1405.2709499150862,J3,270,2024-11-24
2024,ヴァンラーレ八戸,1432.3755098431507,J3,206,2024-11-24
2024,ＦＣ今治,1530.1277640439491,J3,172,2024-11-24
2024,テゲバジャーロ宮崎,1407.870065259471,J3,138,2024-11-24
2024,いわきＦＣ,1502.248208505794,J2,114,2024-11-10
2024,ＦＣ大阪,1448.1961429321327,J3,76,2024-11-24
2024,奈良クラブ,1399.0370142685433,J3,76,2024-11-24
2025,東京ヴェルディ,1515.4195650631193,J1,1277,2025-12-06
2025,横浜Ｆ・マリノス,1580.3176252219669,J1,1134,2025-12-06
2025,ガンバ大阪,1579.567490697791,J1,1142,2025-12-06
2025,浦和レッズ,1589.422464788658,J1,1144,2025-12-06
2025,サンフレッチェ広島,1659.5223885900816,J1,1156,2025-12-06
2025,ジェフユナイテッド千葉,1572.164428076834,J2,1232,2025-11-29
2025,横浜フリューゲルス,1501.1945551619697,J1,228,1998-11-14
2025,清水エスパルス,1532.2106658922705,J1,1150,2025-12-06
2025,鹿島アントラーズ,1681.1521803778508,J1,1134,2025-12-06
2025,名古屋グランパス,1516.7500815880944,J1,1142,2025-12-06
2025,湘南ベルマーレ,1458.959135054206,J1,1255,2025-12-06
2025,ジュビロ磐田,1529.1142390816453,J2,1134,2025-11-29
2025,セレッソ大阪,1566.082306475946,J1,1123,2025-12-06
2025,柏レイソル,1646.1232915999788,J1,1078,2025-12-06
2025,アビスパ福岡,1538.5489949940604,J1,1159,2025-12-06
2025,京都サンガF.C.,1622.0500646949838,J1,1134,2025-12-06
2025,ヴィッセル神戸,1639.9485509270842,J1,994,2025-12-06
2025,北海道コンサドーレ札幌,1477.4641024689965,J2,1077,2025-11-29
2025,ベガルタ仙台,1537.5540943609476,J2,1029,2025-11-29
2025,モンテディオ山形,1547.7599031948275,J2,1108,2025-11-29
2025,ヴァンフォーレ甲府,1455.178487299256,J2,1067,2025-11-29
2025,大宮アルディージャ,1529.785705249861,J3,992,2024-11-24
2025,大分トリニータ,1415.193603456943,J2,1008,2025-11-29
2025,川崎フロンターレ,1592.8979329226045,J1,968,2025-12-06
2025,アルビレックス新潟,1429.4888744850432,J1,1000,2025-12-06
2025,ＦＣ東京,1554.8290078213263,J1,916,2025-12-06
2025,サガン鳥栖,1508.4538802661243,J2,1047,2025-11-29
2025,水戸ホーリーホック,1546.91302729116,J2,1103,2025-11-29
2025,横浜ＦＣ,1506.3111406919381,J1,1029,2025-12-06
2025,ザスパ群馬,1403.1884914092273,J3,869,2025-11-29
2025,徳島ヴォルティス,1573.8268927314853,J2,875,2025-11-29
2025,愛媛ＦＣ,1350.7643364139208,J2,831,2025-11-29
2025,ロアッソ熊本,1428.7647698829742,J2,717,2025-11-29
2025,ＦＣ岐阜,1417.8158779708774,J3,713,2025-11-29
2025,カターレ富山,1442.7373237746879,J2,625,2025-11-29
2025,ファジアーノ岡山,1522.079760121878,J1,705,2025-12-06
2025,栃木ＳＣ,1457.670714349791,J3,683,2025-11-29
2025,ギラヴァンツ北九州,1437.3677132723706,J3,614,2025-11-29
2025,ガイナーレ鳥取,1412.838766288169,J3,529,2025-11-29
2025,ＦＣ町田ゼルビア,1621.0360564456614,J1,523,2025-12-06
2025,松本山雅ＦＣ,1407.0464624975407,J3,552,2025-11-29
2025,Ｖ・ファーレン長崎,1609.2159814667912,J2,530,2025-11-29
2025,カマタマーレ讃岐,1356.9774297816286,J3,454,2025-11-29
2025,いわてグルージャ盛岡,1302.0733071423642,J3,377,2024-11-24
2025,横浜スポーツ&カルチャークラブ,1343.9399747122413,J3,369,2024-11-24
2025,ブラウブリッツ秋田,1456.5208118765186,J2,433,2025-11-29
2025,ＡＣ長野パルセイロ,1318.2023059089133,J3,407,2025-11-29
2025,福島ユナイテッドＦＣ,1440.6432516086634,J3,407,2025-11-29
2025,ＦＣ琉球,1356.6784554141773,J3,445,2025-11-29
2025,Ｊリーグ・アンダー22選抜,1463.82669155149,J3,69,2015-11-14
2025,藤枝ＭＹＦＣ,1430.6371372478952,J2,411,2025-11-29
2025,ＳＣ相模原,1394.015153063519,J3,421,2025-11-29
2025,ツエーゲン金沢,1450.7391047689935,J3,487,2025-11-29
2025,レノファ山口ＦＣ,1444.1856637691094,J2,448,2025-11-29
2025,ガンバ大阪U-23,1435.8400602037211,J3,162,2020-12-20
2025,セレッソ大阪U-23,1413.9202356434134,J3,162,2020-12-20
2025,鹿児島ユナイテッドＦＣ,1483.9872559934997,J3,346,2025-11-29
2025,ＦＣ東京U-23,1454.7551291640607,J3,128,2019-12-08
2025,アスルクラロ沼津,1329.7135607354421,J3,308,2025-11-29
2025,ヴァンラーレ八戸,1505.4541759045946,J3,244,2025-11-29
2025,ＦＣ今治,1505.4303806905837,J2,210,2025-11-29
2025,テゲバジャーロ宮崎,1483.4267226088623,J3,176,2025-11-29
2025,いわきＦＣ,1541.4893503971073,J2,152,2025-11-29
2025,ＦＣ大阪,1497.469778651621,J3,114,2025-11-29
2025,奈良クラブ,1430.4413994273675,J3,114,2025-11-29
2025,ＲＢ大宮アルディージャ,1551.8089347751636,J2,38,2025-11-29
2025,栃木シティ,1520.1937894351202,J3,38,2025-11-29
2025,高知ユナイテッドSC,1338.204662112124,J3,38,2025-11-29
