match_id,year,date,home,away,actual_home_goal,actual_away_goal,lambda_home,lambda_away,split
J1_2023_154,2023,2023-06-24,京都サンガF.C.,横浜ＦＣ,2,1,1.1277590908673065,1.0604486621061504,second_half
J1_2023_155,2023,2023-06-24,北海道コンサドーレ札幌,セレッソ大阪,1,4,1.4974092463402613,1.6556646970124418,second_half
J1_2023_156,2023,2023-06-24,柏レイソル,アルビレックス新潟,0,0,1.0927068977957892,1.5064237531930356,second_half
J1_2023_157,2023,2023-06-24,浦和レッズ,川崎フロンターレ,1,1,1.9448995708129866,1.2439072260499815,second_half
J1_2023_158,2023,2023-06-24,湘南ベルマーレ,サガン鳥栖,0,6,1.168695792122646,1.6478180507797953,second_half
J1_2023_159,2023,2023-06-24,ＦＣ東京,名古屋グランパス,2,0,1.200823323034269,1.5049719173345963,second_half
J1_2023_160,2023,2023-06-25,アビスパ福岡,ヴィッセル神戸,0,3,0.8357225732923534,1.4869705985653565,second_half
J1_2023_161,2023,2023-06-28,浦和レッズ,湘南ベルマーレ,4,1,1.8073478994099679,0.9603473134655647,second_half
J1_2023_162,2023,2023-06-30,セレッソ大阪,アビスパ福岡,0,1,1.618699067516989,0.771809682355355,second_half
J1_2023_163,2023,2023-07-01,アルビレックス新潟,サンフレッチェ広島,2,0,1.1350481567463953,1.528267246540592,second_half
J1_2023_164,2023,2023-07-01,サガン鳥栖,浦和レッズ,1,2,0.5923329152946396,0.8261550589369511,second_half
J1_2023_165,2023,2023-07-01,ヴィッセル神戸,北海道コンサドーレ札幌,1,1,2.3962895812659974,1.2118490364777599,second_half
J1_2023_166,2023,2023-07-01,名古屋グランパス,川崎フロンターレ,2,0,1.4292814330371932,1.0498205252268673,second_half
J1_2023_167,2023,2023-07-01,横浜ＦＣ,ガンバ大阪,0,0,1.4146650517233093,1.5131220098748503,second_half
J1_2023_168,2023,2023-07-01,鹿島アントラーズ,京都サンガF.C.,0,0,1.4922763786350932,1.2454717512734454,second_half
J1_2023_169,2023,2023-07-01,ＦＣ東京,柏レイソル,1,0,1.8563313085741224,0.8965589020803381,second_half
J1_2023_170,2023,2023-07-02,横浜Ｆ・マリノス,湘南ベルマーレ,4,1,2.315209733698043,0.7920077625807163,second_half
J1_2023_171,2023,2023-07-07,アルビレックス新潟,ヴィッセル神戸,0,1,0.9991073828426995,2.37861625144409,second_half
J1_2023_172,2023,2023-07-08,アビスパ福岡,北海道コンサドーレ札幌,2,1,1.4936314228985756,1.6376045976787148,second_half
J1_2023_173,2023,2023-07-08,ガンバ大阪,京都サンガF.C.,1,0,1.4680310778523709,1.4137174181890315,second_half
J1_2023_174,2023,2023-07-08,サガン鳥栖,セレッソ大阪,2,1,0.9054117136600568,1.212356138976088,second_half
J1_2023_175,2023,2023-07-08,サンフレッチェ広島,鹿島アントラーズ,1,1,0.827558139781731,0.8807860324762214,second_half
J1_2023_176,2023,2023-07-08,名古屋グランパス,横浜Ｆ・マリノス,2,2,1.2400755976226816,1.2279603059958688,second_half
J1_2023_177,2023,2023-07-08,川崎フロンターレ,横浜ＦＣ,3,0,1.8061225572383475,0.5770841719811577,second_half
J1_2023_178,2023,2023-07-08,柏レイソル,湘南ベルマーレ,1,1,1.1068419956697226,1.6537534291240492,second_half
J1_2023_179,2023,2023-07-08,浦和レッズ,ＦＣ東京,0,0,2.1526346222672106,0.6883608708232313,second_half
J1_2023_180,2023,2023-07-15,北海道コンサドーレ札幌,アルビレックス新潟,0,1,1.8049163884954618,1.503211281490038,second_half
J1_2023_181,2023,2023-07-15,横浜Ｆ・マリノス,川崎フロンターレ,0,1,2.491413202118633,1.0258623782750416,second_half
J1_2023_182,2023,2023-07-16,ガンバ大阪,柏レイソル,3,1,1.2810536707614846,0.8457164311704728,second_half
J1_2023_183,2023,2023-07-16,サンフレッチェ広島,横浜ＦＣ,1,1,1.8976806467415135,0.607745832958519,second_half
J1_2023_184,2023,2023-07-16,セレッソ大阪,浦和レッズ,2,0,0.7469325081279033,0.7474635423528798,second_half
J1_2023_185,2023,2023-07-16,ヴィッセル神戸,サガン鳥栖,2,1,1.496673358278264,0.6620607986842119,second_half
J1_2023_186,2023,2023-07-16,京都サンガF.C.,名古屋グランパス,2,1,0.4978096250544313,1.628320300114226,second_half
J1_2023_187,2023,2023-07-16,湘南ベルマーレ,アビスパ福岡,0,1,1.6047534251628137,1.2217603590200363,second_half
J1_2023_188,2023,2023-07-16,ＦＣ東京,鹿島アントラーズ,1,3,1.1863355585345323,1.4204522420611259,second_half
J1_2023_189,2023,2023-07-22,ヴィッセル神戸,川崎フロンターレ,2,2,1.904510141825314,0.9006457307298189,second_half
J1_2023_190,2023,2023-08-05,名古屋グランパス,アルビレックス新潟,1,0,1.3112345563728391,0.7382981697997056,second_half
J1_2023_191,2023,2023-08-05,湘南ベルマーレ,サンフレッチェ広島,1,0,1.1894181533757315,1.7596575629218596,second_half
J1_2023_192,2023,2023-08-06,サガン鳥栖,アビスパ福岡,0,1,1.2836618131003454,0.8530643134877721,second_half
J1_2023_193,2023,2023-08-06,セレッソ大阪,ＦＣ東京,0,1,1.6603081044657604,0.7836420898932781,second_half
J1_2023_194,2023,2023-08-06,京都サンガF.C.,柏レイソル,0,1,0.7695550002835129,0.9700413965804019,second_half
J1_2023_195,2023,2023-08-06,川崎フロンターレ,ガンバ大阪,3,4,1.9893471058046048,0.6959449718767932,second_half
J1_2023_196,2023,2023-08-06,横浜ＦＣ,ヴィッセル神戸,2,0,0.6802369098649812,2.6617368299971296,second_half
J1_2023_197,2023,2023-08-06,浦和レッズ,横浜Ｆ・マリノス,0,0,1.6874370868072766,1.454980790741084,second_half
J1_2023_198,2023,2023-08-06,鹿島アントラーズ,北海道コンサドーレ札幌,3,0,1.8063805128857078,1.9029570795099868,second_half
J1_2023_199,2023,2023-08-12,アビスパ福岡,横浜ＦＣ,2,0,1.5779462827794195,0.7009313382224092,second_half
J1_2023_200,2023,2023-08-12,アルビレックス新潟,湘南ベルマーレ,2,2,1.318809434695851,1.5030618684868975,second_half
J1_2023_201,2023,2023-08-12,北海道コンサドーレ札幌,サガン鳥栖,1,1,1.5461021801975992,1.571256810120882,second_half
J1_2023_202,2023,2023-08-12,川崎フロンターレ,ヴィッセル神戸,0,1,0.956570833677485,1.224238594909468,second_half
J1_2023_203,2023,2023-08-12,柏レイソル,セレッソ大阪,1,1,0.9065402822693202,1.6592029727387467,second_half
J1_2023_204,2023,2023-08-12,横浜Ｆ・マリノス,ガンバ大阪,2,1,3.5,0.7125015236881859,second_half
J1_2023_205,2023,2023-08-12,ＦＣ東京,京都サンガF.C.,2,0,2.127273910512496,1.4987067645702623,second_half
J1_2023_206,2023,2023-08-13,サンフレッチェ広島,浦和レッズ,2,1,0.7108601350941243,0.5570080596491328,second_half
J1_2023_207,2023,2023-08-13,名古屋グランパス,鹿島アントラーズ,1,0,0.8285103174363706,0.8762427635546233,second_half
J1_2023_208,2023,2023-08-18,アビスパ福岡,アルビレックス新潟,0,1,1.0890556336104114,0.8559162152669366,second_half
J1_2023_209,2023,2023-08-18,浦和レッズ,名古屋グランパス,1,0,1.1411662423232145,1.1000163367920777,second_half
J1_2023_210,2023,2023-08-19,ガンバ大阪,湘南ベルマーレ,2,1,1.3124530995722474,1.2393772733498434,second_half
J1_2023_211,2023,2023-08-19,サンフレッチェ広島,川崎フロンターレ,3,2,1.4276388103515274,1.0552637849762208,second_half
J1_2023_212,2023,2023-08-19,ヴィッセル神戸,柏レイソル,1,1,1.7274735253432432,0.474477442444092,second_half
J1_2023_213,2023,2023-08-19,京都サンガF.C.,北海道コンサドーレ札幌,3,0,1.0674992133521244,2.4775545192077613,second_half
J1_2023_214,2023,2023-08-19,横浜Ｆ・マリノス,ＦＣ東京,2,1,2.75752146678317,0.5676979000247598,second_half
J1_2023_215,2023,2023-08-19,鹿島アントラーズ,サガン鳥栖,2,1,1.1282282449021588,1.039628902609833,second_half
J1_2023_216,2023,2023-08-20,横浜ＦＣ,セレッソ大阪,0,1,0.7354134162368491,1.6875099754235139,second_half
J1_2023_217,2023,2023-08-25,湘南ベルマーレ,浦和レッズ,0,1,0.7404974308302823,1.1832208726282591,second_half
J1_2023_218,2023,2023-08-26,サガン鳥栖,ガンバ大阪,1,1,1.7416792792413227,1.0870707636742842,second_half
J1_2023_219,2023,2023-08-26,セレッソ大阪,名古屋グランパス,3,1,0.8801714610891267,1.2522778932067675,second_half
J1_2023_220,2023,2023-08-26,京都サンガF.C.,アビスパ福岡,2,0,0.9155079566877637,1.0035738715994649,second_half
J1_2023_221,2023,2023-08-26,川崎フロンターレ,北海道コンサドーレ札幌,2,2,1.7096154885230876,1.3482571569429433,second_half
J1_2023_222,2023,2023-08-26,柏レイソル,サンフレッチェ広島,0,0,0.9526159989021898,1.681485807452978,second_half
J1_2023_223,2023,2023-08-26,横浜ＦＣ,横浜Ｆ・マリノス,4,1,0.838331725267155,2.5482763471446823,second_half
J1_2023_224,2023,2023-08-26,鹿島アントラーズ,アルビレックス新潟,2,0,1.3170912474407879,0.9946062826266949,second_half
J1_2023_225,2023,2023-08-26,ＦＣ東京,ヴィッセル神戸,2,2,1.440794625768847,2.079242345586904,second_half
J1_2023_226,2023,2023-09-02,アルビレックス新潟,浦和レッズ,1,1,0.7066482393545941,1.0276304567227013,second_half
J1_2023_227,2023,2023-09-02,サガン鳥栖,サンフレッチェ広島,0,2,0.9514300697889773,1.2286378910603408,second_half
J1_2023_228,2023,2023-09-02,セレッソ大阪,川崎フロンターレ,3,0,1.5000838908703302,1.41608580553016,second_half
J1_2023_229,2023,2023-09-02,北海道コンサドーレ札幌,ガンバ大阪,4,0,2.8804648951939593,1.4845676354556459,second_half
J1_2023_230,2023,2023-09-02,名古屋グランパス,横浜ＦＣ,1,1,1.8998640934633908,0.6046109595008319,second_half
J1_2023_231,2023,2023-09-02,柏レイソル,横浜Ｆ・マリノス,2,0,1.033407144987754,2.5055304870012187,second_half
J1_2023_232,2023,2023-09-02,湘南ベルマーレ,鹿島アントラーズ,2,2,0.8620608276055861,1.8710041980393801,second_half
J1_2023_233,2023,2023-09-03,ヴィッセル神戸,京都サンガF.C.,2,1,1.9796085669569445,0.7931464970978985,second_half
J1_2023_234,2023,2023-09-03,ＦＣ東京,アビスパ福岡,1,2,2.208401066359269,0.92755122786469,second_half
J1_2023_235,2023,2023-09-15,川崎フロンターレ,ＦＣ東京,1,0,1.5038882787754697,0.5545061812950577,second_half
J1_2023_236,2023,2023-09-15,横浜Ｆ・マリノス,サガン鳥栖,1,1,1.957895462031997,0.754107017140355,second_half
J1_2023_237,2023,2023-09-15,浦和レッズ,京都サンガF.C.,0,0,2.0215906272687185,1.0954370019128785,second_half
J1_2023_238,2023,2023-09-16,アビスパ福岡,名古屋グランパス,1,0,0.6965289428811896,1.0762809816242962,second_half
J1_2023_239,2023,2023-09-16,サンフレッチェ広島,ヴィッセル神戸,2,0,1.0050624477459555,1.2892848924428906,second_half
J1_2023_240,2023,2023-09-16,北海道コンサドーレ札幌,湘南ベルマーレ,0,1,1.8282645249967633,1.6502267746328843,second_half
J1_2023_241,2023,2023-09-16,鹿島アントラーズ,セレッソ大阪,1,0,1.0926958305451853,1.0954777481043745,second_half
J1_2023_242,2023,2023-09-17,ガンバ大阪,アルビレックス新潟,1,1,1.2956922131133126,1.1289635630450292,second_half
J1_2023_243,2023,2023-09-17,横浜ＦＣ,柏レイソル,1,2,0.8764226701333251,1.1477276109704375,second_half
J1_2023_244,2023,2023-09-23,アルビレックス新潟,横浜ＦＣ,3,1,1.8864367569291511,1.1212371474263527,second_half
J1_2023_245,2023,2023-09-23,ヴィッセル神戸,セレッソ大阪,1,0,1.4495371354761144,0.6976266925920152,second_half
J1_2023_246,2023,2023-09-23,京都サンガF.C.,サンフレッチェ広島,1,0,0.6785601863625063,1.4454114017312039,second_half
J1_2023_247,2023,2023-09-23,名古屋グランパス,北海道コンサドーレ札幌,1,1,1.7983481061441922,1.4125687254852535,second_half
J1_2023_248,2023,2023-09-23,柏レイソル,アビスパ福岡,1,3,1.2852618591405263,1.1674843714419187,second_half
J1_2023_249,2023,2023-09-23,ＦＣ東京,サガン鳥栖,3,2,1.6083150178111545,1.2510110063845454,second_half
J1_2023_250,2023,2023-09-24,ガンバ大阪,浦和レッズ,1,3,0.7032423697075679,0.8473515695973083,second_half
J1_2023_251,2023,2023-09-24,湘南ベルマーレ,川崎フロンターレ,0,2,1.487160158557673,2.2416374680450413,second_half
J1_2023_252,2023,2023-09-24,鹿島アントラーズ,横浜Ｆ・マリノス,1,2,1.245614453840953,1.6542598710369671,second_half
J1_2023_253,2023,2023-09-29,川崎フロンターレ,アルビレックス新潟,2,3,1.2465366960950133,0.7046848577568351,second_half
J1_2023_254,2023,2023-09-29,横浜Ｆ・マリノス,ヴィッセル神戸,0,2,1.753963140474849,1.253363267901162,second_half
J1_2023_255,2023,2023-09-29,浦和レッズ,横浜ＦＣ,1,1,2.5852465263807836,0.7163890621299981,second_half
J1_2023_256,2023,2023-09-30,アビスパ福岡,鹿島アントラーズ,0,0,0.6881254191503091,1.0158367181652106,second_half
J1_2023_257,2023,2023-09-30,サガン鳥栖,京都サンガF.C.,3,2,1.23650559969676,1.378353258375629,second_half
J1_2023_258,2023,2023-09-30,サンフレッチェ広島,名古屋グランパス,3,1,0.837664443476959,0.9331945170742522,second_half
J1_2023_259,2023,2023-09-30,セレッソ大阪,湘南ベルマーレ,0,2,1.3939914995044842,1.0932762271154823,second_half
J1_2023_260,2023,2023-09-30,北海道コンサドーレ札幌,柏レイソル,1,2,1.7845247054035231,1.1260686543753777,second_half
J1_2023_261,2023,2023-10-01,ＦＣ東京,ガンバ大阪,3,0,2.996370491260932,1.1819903912043577,second_half
J1_2023_262,2023,2023-10-20,川崎フロンターレ,アビスパ福岡,4,2,1.4661992843110792,0.5461335540408553,second_half
J1_2023_263,2023,2023-10-20,浦和レッズ,柏レイソル,2,0,1.764108493962032,0.6553141808329669,second_half
J1_2023_264,2023,2023-10-21,アルビレックス新潟,サガン鳥栖,1,1,1.115273044119274,1.431134334502873,second_half
J1_2023_265,2023,2023-10-21,ガンバ大阪,名古屋グランパス,0,1,0.8286878095541371,1.4196272838144754,second_half
J1_2023_266,2023,2023-10-21,サンフレッチェ広島,セレッソ大阪,0,0,1.086586742808373,0.8173915214460012,second_half
J1_2023_267,2023,2023-10-21,ヴィッセル神戸,鹿島アントラーズ,3,1,1.103985727157639,0.7517325915378023,second_half
J1_2023_268,2023,2023-10-21,京都サンガF.C.,湘南ベルマーレ,0,1,0.7884172759233815,1.421572547037286,second_half
J1_2023_269,2023,2023-10-21,横浜Ｆ・マリノス,北海道コンサドーレ札幌,4,1,3.1347417730963345,1.3803322352552538,second_half
J1_2023_270,2023,2023-10-21,横浜ＦＣ,ＦＣ東京,1,0,1.0694454393968102,1.2056061059921628,second_half
J1_2023_271,2023,2023-10-27,名古屋グランパス,サガン鳥栖,1,1,1.1232113682830442,0.7717185478063209,second_half
J1_2023_272,2023,2023-10-28,アビスパ福岡,横浜Ｆ・マリノス,0,4,1.0299540300627736,1.4235862698821937,second_half
J1_2023_273,2023,2023-10-28,セレッソ大阪,ガンバ大阪,1,0,2.1962596350922268,0.9835269481370338,second_half
J1_2023_274,2023,2023-10-28,京都サンガF.C.,アルビレックス新潟,0,1,0.7783486704636349,1.2949274142266685,second_half
J1_2023_275,2023,2023-10-28,北海道コンサドーレ札幌,横浜ＦＣ,2,1,2.615165853843705,1.2310175650045738,second_half
J1_2023_276,2023,2023-10-28,湘南ベルマーレ,ヴィッセル神戸,1,1,1.046965673889323,2.7387553358988157,second_half
J1_2023_277,2023,2023-10-28,鹿島アントラーズ,浦和レッズ,0,0,0.7148567851201204,0.7465087645892956,second_half
J1_2023_278,2023,2023-10-28,ＦＣ東京,サンフレッチェ広島,1,2,1.6368323488672658,1.335918718478238,second_half
J1_2023_279,2023,2023-10-29,柏レイソル,川崎フロンターレ,1,1,1.1910803244016321,2.1420540378968873,second_half
J1_2023_280,2023,2023-11-11,アルビレックス新潟,ＦＣ東京,0,0,1.5707628012435997,1.077369574720983,second_half
J1_2023_281,2023,2023-11-11,ガンバ大阪,アビスパ福岡,1,2,1.5240169033975839,0.8749512300165904,second_half
J1_2023_282,2023,2023-11-11,サガン鳥栖,横浜ＦＣ,1,3,1.5812656446598774,0.901409388515503,second_half
J1_2023_283,2023,2023-11-11,北海道コンサドーレ札幌,サンフレッチェ広島,0,0,1.5735164039230454,1.677900013240702,second_half
J1_2023_284,2023,2023-11-11,湘南ベルマーレ,名古屋グランパス,2,1,0.8725884849492013,1.9823325923148025,second_half
J1_2023_285,2023,2023-11-11,鹿島アントラーズ,柏レイソル,1,1,1.3022109419085375,0.7450682230115776,second_half
J1_2023_286,2023,2023-11-12,川崎フロンターレ,京都サンガF.C.,3,3,1.4123374293913888,0.8824246329597114,second_half
J1_2023_287,2023,2023-11-12,横浜Ｆ・マリノス,セレッソ大阪,2,0,1.8962335127421244,0.7946176322078038,second_half
J1_2023_288,2023,2023-11-12,浦和レッズ,ヴィッセル神戸,1,2,1.3692157351620624,1.5197629417207033,second_half
J1_2023_289,2023,2023-11-24,川崎フロンターレ,鹿島アントラーズ,3,0,0.7876306407258111,0.8363490964137996,second_half
J1_2023_290,2023,2023-11-24,横浜Ｆ・マリノス,アルビレックス新潟,0,0,2.285642987665152,0.7214493317161648,second_half
J1_2023_291,2023,2023-11-25,サンフレッチェ広島,ガンバ大阪,3,0,2.090193429680115,0.7329219499722558,second_half
J1_2023_292,2023,2023-11-25,セレッソ大阪,京都サンガF.C.,0,1,1.5592350265328165,1.2470646980541071,second_half
J1_2023_293,2023,2023-11-25,ヴィッセル神戸,名古屋グランパス,2,1,1.1174678192276837,0.7964621450193514,second_half
J1_2023_294,2023,2023-11-25,柏レイソル,サガン鳥栖,2,2,0.9360192681320278,1.5746147000614443,second_half
J1_2023_295,2023,2023-11-25,横浜ＦＣ,湘南ベルマーレ,0,1,0.8979043393772311,1.681967459310414,second_half
J1_2023_296,2023,2023-11-25,浦和レッズ,アビスパ福岡,2,3,2.098687373985879,0.6779671381973467,second_half
J1_2023_297,2023,2023-11-25,ＦＣ東京,北海道コンサドーレ札幌,1,3,2.57503649627868,2.2898750171029225,second_half
J1_2023_298,2023,2023-12-03,アビスパ福岡,サンフレッチェ広島,0,1,0.9494328464152549,0.9553825510847471,second_half
J1_2023_299,2023,2023-12-03,アルビレックス新潟,セレッソ大阪,1,0,1.080148640786998,1.5080148445857873,second_half
J1_2023_300,2023,2023-12-03,ガンバ大阪,ヴィッセル神戸,0,1,0.9942919324957892,1.9613317228439155,second_half
J1_2023_301,2023,2023-12-03,サガン鳥栖,川崎フロンターレ,0,1,1.1895975266798742,1.5651685812593554,second_half
J1_2023_302,2023,2023-12-03,京都サンガF.C.,横浜Ｆ・マリノス,3,1,0.7361087213518811,2.1537632475069057,second_half
J1_2023_303,2023,2023-12-03,北海道コンサドーレ札幌,浦和レッズ,0,2,0.9796259214367679,1.1282458358278842,second_half
J1_2023_304,2023,2023-12-03,名古屋グランパス,柏レイソル,1,1,1.2964204188852617,0.5530655848791063,second_half
J1_2023_305,2023,2023-12-03,湘南ベルマーレ,ＦＣ東京,0,1,1.6460039861232847,1.2404908398783323,second_half
J1_2023_306,2023,2023-12-03,鹿島アントラーズ,横浜ＦＣ,2,1,1.9083499261562715,0.8145081262054639,second_half
J1_2024_191,2024,2024-06-26,サンフレッチェ広島,アルビレックス新潟,1,1,2.0464524337051593,1.050655886709726,second_half
J1_2024_192,2024,2024-06-26,ジュビロ磐田,東京ヴェルディ,3,0,1.2571156487043396,1.2490206027543609,second_half
J1_2024_193,2024,2024-06-26,セレッソ大阪,サガン鳥栖,1,0,2.114438749022428,0.9876408583508083,second_half
J1_2024_194,2024,2024-06-26,ヴィッセル神戸,ＦＣ町田ゼルビア,0,0,0.5994490171049267,1.169552646316442,second_half
J1_2024_195,2024,2024-06-26,京都サンガF.C.,柏レイソル,2,2,1.028396437362394,1.5935083607638436,second_half
J1_2024_196,2024,2024-06-26,名古屋グランパス,浦和レッズ,0,1,1.1599336888821676,1.2703273104288124,second_half
J1_2024_197,2024,2024-06-26,川崎フロンターレ,湘南ベルマーレ,1,1,2.4350682102128927,1.113060726335042,second_half
J1_2024_198,2024,2024-06-26,鹿島アントラーズ,ガンバ大阪,0,0,1.1852844788455423,0.5544336417997516,second_half
J1_2024_199,2024,2024-06-26,ＦＣ東京,北海道コンサドーレ札幌,1,0,2.397949594183417,1.0360852849780922,second_half
J1_2024_200,2024,2024-06-29,北海道コンサドーレ札幌,アルビレックス新潟,0,1,0.9229869122832228,1.4963206414636623,second_half
J1_2024_201,2024,2024-06-29,川崎フロンターレ,サンフレッチェ広島,1,1,1.1773490960791495,1.1312061273246008,second_half
J1_2024_202,2024,2024-06-29,横浜Ｆ・マリノス,東京ヴェルディ,1,2,1.7567810978894356,1.1166315291129951,second_half
J1_2024_203,2024,2024-06-30,ガンバ大阪,ＦＣ町田ゼルビア,1,3,0.6994631430992054,1.1628005250662197,second_half
J1_2024_204,2024,2024-06-30,サガン鳥栖,柏レイソル,1,4,1.6108871384089511,1.0953832164885384,second_half
J1_2024_205,2024,2024-06-30,セレッソ大阪,名古屋グランパス,2,1,1.1693654339277233,1.254348030091371,second_half
J1_2024_206,2024,2024-06-30,ヴィッセル神戸,鹿島アントラーズ,3,1,1.1884302209547315,1.1282821466334247,second_half
J1_2024_207,2024,2024-06-30,浦和レッズ,ジュビロ磐田,3,0,1.8248878964911353,1.1325331499246774,second_half
J1_2024_208,2024,2024-06-30,湘南ベルマーレ,京都サンガF.C.,0,1,1.1209085056993051,0.9931511561780144,second_half
J1_2024_209,2024,2024-06-30,ＦＣ東京,アビスパ福岡,0,1,0.8745503953383397,1.218219159261174,second_half
J1_2024_210,2024,2024-07-03,横浜Ｆ・マリノス,サガン鳥栖,0,1,2.3780383146804636,0.8476872101602946,second_half
J1_2024_211,2024,2024-07-05,サンフレッチェ広島,ヴィッセル神戸,1,3,1.1383598176147087,1.2353796099607492,second_half
J1_2024_212,2024,2024-07-06,アルビレックス新潟,サガン鳥栖,3,4,1.8524555027785983,1.1695633638287715,second_half
J1_2024_213,2024,2024-07-06,ガンバ大阪,横浜Ｆ・マリノス,4,0,1.771384700372777,1.1367268588522677,second_half
J1_2024_214,2024,2024-07-06,ジュビロ磐田,川崎フロンターレ,2,2,1.3851799398296596,1.1008502635550597,second_half
J1_2024_215,2024,2024-07-06,東京ヴェルディ,セレッソ大阪,1,1,1.0139251916110141,1.1714339101395534,second_half
J1_2024_216,2024,2024-07-06,柏レイソル,ＦＣ東京,3,2,0.9314593331257176,1.4595562047105675,second_half
J1_2024_217,2024,2024-07-06,浦和レッズ,湘南ベルマーレ,2,3,2.142462981179458,1.0300275136237034,second_half
J1_2024_218,2024,2024-07-06,鹿島アントラーズ,北海道コンサドーレ札幌,2,0,2.7605697223431442,0.7296308725943772,second_half
J1_2024_219,2024,2024-07-06,ＦＣ町田ゼルビア,名古屋グランパス,1,0,1.3070053808269433,1.074624533954096,second_half
J1_2024_220,2024,2024-07-07,アビスパ福岡,京都サンガF.C.,1,2,0.9764323492962729,0.7202286093647259,second_half
J1_2024_221,2024,2024-07-13,北海道コンサドーレ札幌,ヴィッセル神戸,1,1,0.5134207840957177,1.759400041260422,second_half
J1_2024_222,2024,2024-07-13,ＦＣ東京,アルビレックス新潟,2,0,1.4045343877225884,1.3723070724409325,second_half
J1_2024_223,2024,2024-07-14,サガン鳥栖,ガンバ大阪,0,2,1.046714757815508,0.7840109632152391,second_half
J1_2024_224,2024,2024-07-14,サンフレッチェ広島,アビスパ福岡,1,0,1.2742484631080786,0.9326842050764239,second_half
J1_2024_225,2024,2024-07-14,京都サンガF.C.,浦和レッズ,0,0,1.138024205955491,2.1933564103672154,second_half
J1_2024_226,2024,2024-07-14,名古屋グランパス,柏レイソル,2,1,1.0481953432805058,0.9229130206595341,second_half
J1_2024_227,2024,2024-07-14,川崎フロンターレ,セレッソ大阪,1,1,1.239268002332545,0.9665769655590576,second_half
J1_2024_228,2024,2024-07-14,東京ヴェルディ,ＦＣ町田ゼルビア,0,1,0.7281810278180084,1.7159356744239052,second_half
J1_2024_229,2024,2024-07-14,横浜Ｆ・マリノス,鹿島アントラーズ,4,1,1.5796757932706864,1.347830806982176,second_half
J1_2024_230,2024,2024-07-14,湘南ベルマーレ,ジュビロ磐田,5,0,1.2972750288869392,1.738987344782426,second_half
J1_2024_231,2024,2024-07-20,アビスパ福岡,東京ヴェルディ,0,1,1.069153007249934,1.166064521973289,second_half
J1_2024_232,2024,2024-07-20,ガンバ大阪,湘南ベルマーレ,0,1,1.9137150999534267,0.914122556249933,second_half
J1_2024_233,2024,2024-07-20,ジュビロ磐田,京都サンガF.C.,1,2,1.1480942183933254,0.7714670627894051,second_half
J1_2024_234,2024,2024-07-20,セレッソ大阪,アルビレックス新潟,1,2,1.4152405475281262,1.2631693396078596,second_half
J1_2024_235,2024,2024-07-20,ヴィッセル神戸,名古屋グランパス,3,3,0.9894177895508474,0.9012327639099965,second_half
J1_2024_236,2024,2024-07-20,柏レイソル,川崎フロンターレ,2,3,1.1088052547738172,1.139106733106976,second_half
J1_2024_237,2024,2024-07-20,浦和レッズ,北海道コンサドーレ札幌,3,4,2.670644149829986,0.7676346022624864,second_half
J1_2024_238,2024,2024-07-20,鹿島アントラーズ,ＦＣ東京,2,1,1.6519400400451136,1.1240503863168683,second_half
J1_2024_239,2024,2024-07-20,ＦＣ町田ゼルビア,横浜Ｆ・マリノス,1,2,2.005385948453286,1.3632969338390437,second_half
J1_2024_240,2024,2024-07-21,サガン鳥栖,サンフレッチェ広島,1,4,0.9455748150039467,1.4069962351049208,second_half
J1_2024_241,2024,2024-08-07,アルビレックス新潟,ジュビロ磐田,2,2,1.4464744879275202,1.6661989912595994,second_half
J1_2024_242,2024,2024-08-07,ガンバ大阪,ＦＣ東京,0,0,1.4274981060341618,1.0495248360443805,second_half
J1_2024_243,2024,2024-08-07,セレッソ大阪,ＦＣ町田ゼルビア,0,0,0.7084721615149673,1.6277992953013487,second_half
J1_2024_244,2024,2024-08-07,京都サンガF.C.,名古屋グランパス,3,2,0.7532033376338262,1.974132505422087,second_half
J1_2024_245,2024,2024-08-07,川崎フロンターレ,ヴィッセル神戸,3,0,0.9889721418519017,1.2918744330100491,second_half
J1_2024_246,2024,2024-08-07,東京ヴェルディ,サンフレッチェ広島,0,1,0.9632653353336373,1.3709546824750123,second_half
J1_2024_247,2024,2024-08-07,横浜Ｆ・マリノス,北海道コンサドーレ札幌,3,2,2.7174507050028787,0.8185446270897565,second_half
J1_2024_248,2024,2024-08-07,湘南ベルマーレ,アビスパ福岡,1,1,0.6923993996223965,1.3858938302002817,second_half
J1_2024_249,2024,2024-08-07,鹿島アントラーズ,サガン鳥栖,3,0,2.4157717223694224,0.7556078659209479,second_half
J1_2024_250,2024,2024-08-10,北海道コンサドーレ札幌,アビスパ福岡,2,2,0.5747090111038542,1.3283080080515017,second_half
J1_2024_251,2024,2024-08-11,サガン鳥栖,浦和レッズ,1,1,1.7826088169593228,1.5077208622502187,second_half
J1_2024_252,2024,2024-08-11,サンフレッチェ広島,セレッソ大阪,2,0,1.4264637368544575,0.9243076913653145,second_half
J1_2024_253,2024,2024-08-11,ジュビロ磐田,鹿島アントラーズ,2,1,1.1303828131949774,1.5076311236572824,second_half
J1_2024_254,2024,2024-08-11,名古屋グランパス,東京ヴェルディ,1,0,1.0255044697965212,1.1858724456679393,second_half
J1_2024_255,2024,2024-08-11,柏レイソル,ガンバ大阪,0,0,0.6683319390936137,0.7199206297510081,second_half
J1_2024_256,2024,2024-08-11,横浜Ｆ・マリノス,ヴィッセル神戸,1,2,0.8853844786097225,1.2747883587178908,second_half
J1_2024_257,2024,2024-08-11,ＦＣ東京,川崎フロンターレ,0,3,1.7081538575504434,1.245723560738086,second_half
J1_2024_258,2024,2024-08-11,ＦＣ町田ゼルビア,湘南ベルマーレ,0,1,2.166518300616376,1.0963235964591602,second_half
J1_2024_259,2024,2024-08-12,アルビレックス新潟,京都サンガF.C.,2,0,1.249824070217504,0.9515810793891384,second_half
J1_2024_260,2024,2024-08-16,北海道コンサドーレ札幌,サガン鳥栖,5,3,1.3789876891111512,1.1699360935739485,second_half
J1_2024_261,2024,2024-08-17,アビスパ福岡,アルビレックス新潟,0,1,0.9686708110528797,1.1321679424775124,second_half
J1_2024_262,2024,2024-08-17,セレッソ大阪,京都サンガF.C.,3,5,1.4265802549993374,0.8035651449970268,second_half
J1_2024_263,2024,2024-08-17,ヴィッセル神戸,ガンバ大阪,2,2,0.8777913070781919,0.5206802110045571,second_half
J1_2024_264,2024,2024-08-17,名古屋グランパス,サンフレッチェ広島,1,2,0.6152802975318331,1.1854619697022368,second_half
J1_2024_265,2024,2024-08-17,川崎フロンターレ,横浜Ｆ・マリノス,1,3,2.253962761771705,1.3841098379074688,second_half
J1_2024_266,2024,2024-08-17,湘南ベルマーレ,柏レイソル,1,2,1.2545054017677542,1.251383316945656,second_half
J1_2024_267,2024,2024-08-17,鹿島アントラーズ,浦和レッズ,0,0,2.018600145664054,1.0662238255530072,second_half
J1_2024_268,2024,2024-08-17,ＦＣ東京,東京ヴェルディ,0,0,1.5502296004845495,1.4133933053471734,second_half
J1_2024_269,2024,2024-08-17,ＦＣ町田ゼルビア,ジュビロ磐田,4,0,1.8453775206630745,1.205426845023328,second_half
J1_2024_270,2024,2024-08-24,ガンバ大阪,アビスパ福岡,2,2,0.8700110565365304,0.801013918823143,second_half
J1_2024_271,2024,2024-08-24,京都サンガF.C.,ＦＣ東京,3,0,0.9313126011590475,2.3123129134027014,second_half
J1_2024_272,2024,2024-08-24,横浜Ｆ・マリノス,セレッソ大阪,4,0,1.1094636619877838,0.9537932108684788,second_half
J1_2024_273,2024,2024-08-24,湘南ベルマーレ,名古屋グランパス,0,1,0.9188068155064665,1.550287744672486,second_half
J1_2024_274,2024,2024-08-25,アルビレックス新潟,ＦＣ町田ゼルビア,0,0,0.6206910248739148,1.9276383751779917,second_half
J1_2024_275,2024,2024-08-25,サンフレッチェ広島,柏レイソル,2,0,2.308713122852391,0.8421607981635133,second_half
J1_2024_276,2024,2024-08-25,ジュビロ磐田,北海道コンサドーレ札幌,0,2,1.9445506386344078,0.9155921867270987,second_half
J1_2024_277,2024,2024-08-25,ヴィッセル神戸,サガン鳥栖,2,0,1.7890586231641057,0.7096071259083516,second_half
J1_2024_278,2024,2024-08-25,東京ヴェルディ,鹿島アントラーズ,2,1,1.4436462736468583,1.6553847253662182,second_half
J1_2024_279,2024,2024-08-31,サガン鳥栖,湘南ベルマーレ,1,2,1.9556979149702045,1.3844269524073807,second_half
J1_2024_280,2024,2024-08-31,サンフレッチェ広島,ＦＣ東京,3,2,2.090763392071153,1.2220452284427088,second_half
J1_2024_281,2024,2024-08-31,柏レイソル,東京ヴェルディ,2,3,1.0062926823161904,1.2924262504077288,second_half
J1_2024_282,2024,2024-08-31,ＦＣ町田ゼルビア,浦和レッズ,2,2,1.9747705385477798,1.1939596778900832,second_half
J1_2024_283,2024,2024-09-01,アビスパ福岡,ヴィッセル神戸,0,2,0.5388329137962842,1.331222914067537,second_half
J1_2024_284,2024,2024-09-01,北海道コンサドーレ札幌,川崎フロンターレ,2,0,1.1225098285002313,1.3582979457902935,second_half
J1_2024_285,2024,2024-09-13,ヴィッセル神戸,セレッソ大阪,2,1,0.8346776918239777,0.7984294807837147,second_half
J1_2024_286,2024,2024-09-13,川崎フロンターレ,サガン鳥栖,3,2,2.656262564223361,0.8590488189718765,second_half
J1_2024_287,2024,2024-09-13,横浜Ｆ・マリノス,京都サンガF.C.,1,2,1.6044269463579839,0.6896959458340182,second_half
J1_2024_288,2024,2024-09-14,アビスパ福岡,ＦＣ町田ゼルビア,0,3,0.48491848576678176,1.4589826725051755,second_half
J1_2024_289,2024,2024-09-14,アルビレックス新潟,湘南ベルマーレ,3,1,1.6981963930847295,1.5153912309618407,second_half
J1_2024_290,2024,2024-09-14,ガンバ大阪,浦和レッズ,0,1,1.744341692145816,0.9955322282009158,second_half
J1_2024_291,2024,2024-09-14,北海道コンサドーレ札幌,東京ヴェルディ,0,2,1.0187302246129812,1.5411197827143446,second_half
J1_2024_292,2024,2024-09-14,柏レイソル,ジュビロ磐田,0,2,1.0636249241050448,1.3977664951052498,second_half
J1_2024_293,2024,2024-09-14,鹿島アントラーズ,サンフレッチェ広島,2,2,1.0707550872316722,0.9949937988476816,second_half
J1_2024_294,2024,2024-09-14,ＦＣ東京,名古屋グランパス,4,1,1.1605192959135398,1.3627236024673615,second_half
J1_2024_295,2024,2024-09-18,名古屋グランパス,アルビレックス新潟,3,0,0.9291244936506358,1.1514000653931236,second_half
J1_2024_296,2024,2024-09-21,ジュビロ磐田,アビスパ福岡,0,0,0.709192359129741,1.076544527861305,second_half
J1_2024_297,2024,2024-09-21,浦和レッズ,ＦＣ東京,0,2,1.5981280849779629,1.1825979459383866,second_half
J1_2024_298,2024,2024-09-21,鹿島アントラーズ,柏レイソル,0,0,1.824145029074464,0.7746285886021923,second_half
J1_2024_299,2024,2024-09-21,ＦＣ町田ゼルビア,北海道コンサドーレ札幌,0,0,2.700629824584156,0.8170421826482941,second_half
J1_2024_300,2024,2024-09-22,アルビレックス新潟,ヴィッセル神戸,2,3,0.6897009772089081,1.758839514294338,second_half
J1_2024_301,2024,2024-09-22,サンフレッチェ広島,横浜Ｆ・マリノス,6,2,2.5944316627525525,1.3235814782036668,second_half
J1_2024_302,2024,2024-09-22,京都サンガF.C.,ガンバ大阪,2,2,0.6682266573530973,1.1405396814632227,second_half
J1_2024_303,2024,2024-09-22,名古屋グランパス,川崎フロンターレ,2,0,1.1299741763869182,1.0451933230543953,second_half
J1_2024_304,2024,2024-09-22,東京ヴェルディ,サガン鳥栖,2,0,2.173259960178192,1.0411161789138506,second_half
J1_2024_305,2024,2024-09-22,湘南ベルマーレ,セレッソ大阪,1,2,0.7751099283824474,1.373447003495563,second_half
J1_2024_306,2024,2024-09-27,川崎フロンターレ,アルビレックス新潟,5,1,1.7778951920494053,1.0987031573031407,second_half
J1_2024_307,2024,2024-09-28,ガンバ大阪,東京ヴェルディ,1,1,1.542183160376921,0.9293464987376818,second_half
J1_2024_308,2024,2024-09-28,サガン鳥栖,アビスパ福岡,0,0,0.8890972377815932,1.2131253636509292,second_half
J1_2024_309,2024,2024-09-28,サンフレッチェ広島,ＦＣ町田ゼルビア,2,0,1.0244580553298805,1.3539411212444727,second_half
J1_2024_310,2024,2024-09-28,セレッソ大阪,柏レイソル,0,0,1.5966090246013183,1.0125024879375526,second_half
J1_2024_311,2024,2024-09-28,ヴィッセル神戸,浦和レッズ,1,0,1.494923532666609,1.0013130600533386,second_half
J1_2024_312,2024,2024-09-28,北海道コンサドーレ札幌,京都サンガF.C.,2,0,0.9303824052991124,0.9518843400624847,second_half
J1_2024_313,2024,2024-09-28,名古屋グランパス,ジュビロ磐田,2,0,1.0839312786674726,1.2825279365072029,second_half
J1_2024_314,2024,2024-09-28,横浜Ｆ・マリノス,ＦＣ東京,1,3,1.6261373839284172,1.261028608926941,second_half
J1_2024_315,2024,2024-09-28,湘南ベルマーレ,鹿島アントラーズ,3,2,1.1036164887057018,1.940854854044395,second_half
J1_2024_316,2024,2024-10-02,セレッソ大阪,ガンバ大阪,1,0,1.037437191386503,0.7246898061579463,second_half
J1_2024_317,2024,2024-10-04,アビスパ福岡,名古屋グランパス,1,0,0.8003799532725433,1.1242614777367355,second_half
J1_2024_318,2024,2024-10-05,アルビレックス新潟,鹿島アントラーズ,0,4,1.2305433002426769,1.8596169832361102,second_half
J1_2024_319,2024,2024-10-05,ガンバ大阪,北海道コンサドーレ札幌,2,1,2.3855030780127295,0.6812556903624992,second_half
J1_2024_320,2024,2024-10-05,柏レイソル,横浜Ｆ・マリノス,1,0,1.155849387641037,1.580826563525766,second_half
J1_2024_321,2024,2024-10-05,浦和レッズ,セレッソ大阪,0,1,1.0903537763837703,0.8944712943371381,second_half
J1_2024_322,2024,2024-10-05,ＦＣ東京,サガン鳥栖,1,1,2.098443221487837,1.072972951803282,second_half
J1_2024_323,2024,2024-10-05,ＦＣ町田ゼルビア,川崎フロンターレ,1,4,1.9237648964219023,0.9823599580061326,second_half
J1_2024_324,2024,2024-10-06,ジュビロ磐田,サンフレッチェ広島,1,2,0.7542419493502565,1.248588268787946,second_half
J1_2024_325,2024,2024-10-06,京都サンガF.C.,ヴィッセル神戸,2,3,0.5070726065025791,2.337543781998044,second_half
J1_2024_326,2024,2024-10-06,東京ヴェルディ,湘南ベルマーレ,0,2,1.992286573185863,1.348963533513631,second_half
J1_2024_327,2024,2024-10-18,ヴィッセル神戸,ＦＣ東京,0,2,1.223384455669534,1.0556191908329526,second_half
J1_2024_328,2024,2024-10-18,川崎フロンターレ,ガンバ大阪,1,1,1.3032799249857885,0.6303343131636778,second_half
J1_2024_329,2024,2024-10-18,横浜Ｆ・マリノス,アルビレックス新潟,0,0,1.5916735578494374,1.0841719278809663,second_half
J1_2024_330,2024,2024-10-19,セレッソ大阪,ジュビロ磐田,1,2,1.6510419290281146,1.4070261200074703,second_half
J1_2024_331,2024,2024-10-19,京都サンガF.C.,サガン鳥栖,2,0,1.3619372326037313,1.55438034371631,second_half
J1_2024_332,2024,2024-10-19,名古屋グランパス,北海道コンサドーレ札幌,0,2,1.5862863323040755,0.8693015498016213,second_half
J1_2024_333,2024,2024-10-19,東京ヴェルディ,浦和レッズ,2,1,1.8159591949684633,1.4690991520763104,second_half
J1_2024_334,2024,2024-10-19,柏レイソル,ＦＣ町田ゼルビア,1,1,0.4564079420232958,1.617086764328214,second_half
J1_2024_335,2024,2024-10-19,湘南ベルマーレ,サンフレッチェ広島,2,1,0.7363822610003679,1.6073750164439085,second_half
J1_2024_336,2024,2024-10-19,鹿島アントラーズ,アビスパ福岡,0,0,1.0068007050233196,0.857892994978414,second_half
J1_2024_337,2024,2024-10-23,アルビレックス新潟,東京ヴェルディ,0,2,1.3685056257808865,1.540628797619472,second_half
J1_2024_338,2024,2024-10-23,ガンバ大阪,名古屋グランパス,3,2,1.1544956404463775,0.8960297207500677,second_half
J1_2024_339,2024,2024-10-23,浦和レッズ,柏レイソル,1,0,1.7647234956283464,0.8149760801628907,second_half
J1_2024_340,2024,2024-10-30,横浜Ｆ・マリノス,浦和レッズ,0,0,1.9870704023724872,1.1961552292575313,second_half
J1_2024_341,2024,2024-11-01,ヴィッセル神戸,ジュビロ磐田,2,0,1.3969715612234632,1.0109299880157832,second_half
J1_2024_342,2024,2024-11-01,川崎フロンターレ,鹿島アントラーズ,1,3,1.7644937204632825,1.3658958741314546,second_half
J1_2024_343,2024,2024-11-03,アビスパ福岡,柏レイソル,2,1,1.0928096721763614,0.9074973739288889,second_half
J1_2024_344,2024,2024-11-03,サガン鳥栖,ＦＣ町田ゼルビア,2,1,0.7148078680002644,1.7610465644553954,second_half
J1_2024_345,2024,2024-11-03,サンフレッチェ広島,京都サンガF.C.,0,1,2.062849767707846,0.6683747170494002,second_half
J1_2024_346,2024,2024-11-03,北海道コンサドーレ札幌,セレッソ大阪,1,1,0.6433608415610859,1.3163783643613225,second_half
J1_2024_347,2024,2024-11-03,ＦＣ東京,湘南ベルマーレ,0,2,1.9237000319190152,1.3902400267558177,second_half
J1_2024_348,2024,2024-11-09,サガン鳥栖,横浜Ｆ・マリノス,1,2,1.8102450909299244,1.7215583295268622,second_half
J1_2024_349,2024,2024-11-09,ジュビロ磐田,ガンバ大阪,3,4,0.834916673774941,0.6957423672130064,second_half
J1_2024_350,2024,2024-11-09,セレッソ大阪,アビスパ福岡,1,0,0.8812167157733065,1.1213358305910892,second_half
J1_2024_351,2024,2024-11-09,京都サンガF.C.,川崎フロンターレ,1,1,1.1086305856606298,1.8046384237937216,second_half
J1_2024_352,2024,2024-11-09,柏レイソル,アルビレックス新潟,1,1,0.9117182873975048,1.2548564347467244,second_half
J1_2024_353,2024,2024-11-09,湘南ベルマーレ,北海道コンサドーレ札幌,1,1,1.8985056415131196,1.178691201083462,second_half
J1_2024_354,2024,2024-11-09,鹿島アントラーズ,名古屋グランパス,0,0,1.3360140839761347,0.9596557596069305,second_half
J1_2024_355,2024,2024-11-09,ＦＣ町田ゼルビア,ＦＣ東京,3,0,1.6160716769666987,1.258713982013142,second_half
J1_2024_356,2024,2024-11-10,東京ヴェルディ,ヴィッセル神戸,1,1,0.8091419826363501,1.5656751323418696,second_half
J1_2024_357,2024,2024-11-10,浦和レッズ,サンフレッチェ広島,3,0,1.035875234909393,1.0468192859167762,second_half
J1_2024_358,2024,2024-11-16,ジュビロ磐田,横浜Ｆ・マリノス,3,4,1.4439500339050588,1.5277351002443311,second_half
J1_2024_359,2024,2024-11-17,京都サンガF.C.,鹿島アントラーズ,0,0,0.9047033704279355,2.471479677783768,second_half
J1_2024_360,2024,2024-11-22,浦和レッズ,川崎フロンターレ,1,1,1.9024049203294813,0.9229554013947885,second_half
J1_2024_361,2024,2024-11-30,アビスパ福岡,浦和レッズ,1,0,1.2093039359691398,1.249108716030971,second_half
J1_2024_362,2024,2024-11-30,アルビレックス新潟,ガンバ大阪,0,1,0.9088966208454198,0.85817697825686,second_half
J1_2024_363,2024,2024-11-30,ジュビロ磐田,ＦＣ東京,2,1,1.1636297514445397,1.410537560643281,second_half
J1_2024_364,2024,2024-11-30,セレッソ大阪,鹿島アントラーズ,0,2,1.4045727049747279,1.5703584519905862,second_half
J1_2024_365,2024,2024-11-30,名古屋グランパス,サガン鳥栖,0,3,1.3881575365206271,0.9002512277910943,second_half
J1_2024_366,2024,2024-11-30,東京ヴェルディ,川崎フロンターレ,4,5,1.76905543425008,1.2087377891109903,second_half
J1_2024_367,2024,2024-11-30,柏レイソル,ヴィッセル神戸,1,1,0.5071524977879586,1.4754821940501237,second_half
J1_2024_368,2024,2024-11-30,湘南ベルマーレ,横浜Ｆ・マリノス,2,3,1.4097587540106284,1.966735787339215,second_half
J1_2024_369,2024,2024-11-30,ＦＣ町田ゼルビア,京都サンガF.C.,1,0,1.5944956258907612,0.6884300040565959,second_half
J1_2024_370,2024,2024-12-01,サンフレッチェ広島,北海道コンサドーレ札幌,5,1,3.4938908052482645,0.7932401760921561,second_half
J1_2024_371,2024,2024-12-08,ガンバ大阪,サンフレッチェ広島,3,1,0.9252762340017578,0.9290248162473473,second_half
J1_2024_372,2024,2024-12-08,サガン鳥栖,ジュビロ磐田,3,0,1.6658068240027775,1.5222014912344872,second_half
J1_2024_373,2024,2024-12-08,ヴィッセル神戸,湘南ベルマーレ,3,0,1.6400787475420038,0.9194306604383202,second_half
J1_2024_374,2024,2024-12-08,京都サンガF.C.,東京ヴェルディ,0,0,1.006134161918068,2.047536024164995,second_half
J1_2024_375,2024,2024-12-08,北海道コンサドーレ札幌,柏レイソル,1,0,1.0412712074383326,1.1993865942824424,second_half
J1_2024_376,2024,2024-12-08,川崎フロンターレ,アビスパ福岡,3,1,1.1070280348194959,0.9753365434360829,second_half
J1_2024_377,2024,2024-12-08,横浜Ｆ・マリノス,名古屋グランパス,0,2,1.315146067498395,1.0766006420327086,second_half
J1_2024_378,2024,2024-12-08,浦和レッズ,アルビレックス新潟,0,0,1.564257878858258,1.0167410048270948,second_half
J1_2024_379,2024,2024-12-08,鹿島アントラーズ,ＦＣ町田ゼルビア,3,1,0.8094379724478111,1.245369651600004,second_half
J1_2024_380,2024,2024-12-08,ＦＣ東京,セレッソ大阪,3,0,0.9790197603683984,1.2072782325947347,second_half
J1_2025_191,2025,2025-06-14,湘南ベルマーレ,ＦＣ町田ゼルビア,1,2,0.6859419741272408,1.2369335974739084,second_half
J1_2025_192,2025,2025-06-14,鹿島アントラーズ,サンフレッチェ広島,1,1,1.168253212165133,0.7259342546062586,second_half
J1_2025_193,2025,2025-06-14,ＦＣ東京,セレッソ大阪,2,2,1.1826308992994392,1.4248257477033424,second_half
J1_2025_194,2025,2025-06-15,アルビレックス新潟,横浜Ｆ・マリノス,1,0,1.7896338945634676,1.7809274288389754,second_half
J1_2025_195,2025,2025-06-15,ファジアーノ岡山,アビスパ福岡,0,1,1.0151757331856883,0.41911527870430904,second_half
J1_2025_196,2025,2025-06-15,ヴィッセル神戸,名古屋グランパス,2,1,1.5246086363291562,0.8335010306564608,second_half
J1_2025_197,2025,2025-06-15,東京ヴェルディ,柏レイソル,0,3,0.6824285174828719,1.006698208510317,second_half
J1_2025_198,2025,2025-06-15,清水エスパルス,ガンバ大阪,0,0,2.188883552856856,1.1551176867843806,second_half
J1_2025_199,2025,2025-06-21,アビスパ福岡,アルビレックス新潟,3,2,0.892448110954684,0.5845603932746187,second_half
J1_2025_200,2025,2025-06-21,セレッソ大阪,東京ヴェルディ,2,1,1.0550114730736333,0.5700878388108891,second_half
J1_2025_201,2025,2025-06-21,名古屋グランパス,清水エスパルス,1,1,1.6469029914830609,1.0088790556915197,second_half
J1_2025_202,2025,2025-06-21,川崎フロンターレ,ヴィッセル神戸,1,2,1.6314702160509442,1.4265132272424534,second_half
J1_2025_203,2025,2025-06-21,柏レイソル,京都サンガF.C.,3,3,1.0725535247837545,1.3911304228674373,second_half
J1_2025_204,2025,2025-06-21,横浜Ｆ・マリノス,ファジアーノ岡山,0,1,0.8898266657948356,0.6931676122343727,second_half
J1_2025_205,2025,2025-06-21,ＦＣ町田ゼルビア,鹿島アントラーズ,2,1,0.7405412684191093,1.6322689269968755,second_half
J1_2025_206,2025,2025-06-22,ガンバ大阪,ＦＣ東京,2,0,1.8660840678626875,0.9786295518634396,second_half
J1_2025_207,2025,2025-06-22,横浜ＦＣ,サンフレッチェ広島,0,4,0.5670474735169221,0.9390899631553395,second_half
J1_2025_208,2025,2025-06-25,川崎フロンターレ,アルビレックス新潟,3,1,1.9044763764024177,0.66387946128895,second_half
J1_2025_209,2025,2025-06-25,横浜Ｆ・マリノス,ＦＣ東京,0,3,1.3226773121516506,1.2399729969609152,second_half
J1_2025_210,2025,2025-06-28,アビスパ福岡,ヴィッセル神戸,0,0,0.7645159217694809,1.2560761128372233,second_half
J1_2025_211,2025,2025-06-28,サンフレッチェ広島,名古屋グランパス,1,2,1.6240709432885287,0.7200930412186168,second_half
J1_2025_212,2025,2025-06-28,京都サンガF.C.,ガンバ大阪,3,1,1.706562093323968,0.8812301107171043,second_half
J1_2025_213,2025,2025-06-28,清水エスパルス,柏レイソル,0,2,1.2209560221615106,1.2515069717410836,second_half
J1_2025_214,2025,2025-06-28,湘南ベルマーレ,横浜Ｆ・マリノス,1,1,1.1411704198367882,1.0509735828622464,second_half
J1_2025_215,2025,2025-06-28,鹿島アントラーズ,ファジアーノ岡山,1,2,1.4480544747184025,0.364765151848374,second_half
J1_2025_216,2025,2025-06-28,ＦＣ東京,横浜ＦＣ,2,1,0.8934622405735253,0.769394121523121,second_half
J1_2025_217,2025,2025-06-29,アルビレックス新潟,ＦＣ町田ゼルビア,0,4,1.0757245239299649,2.0960459970785865,second_half
J1_2025_218,2025,2025-06-29,東京ヴェルディ,川崎フロンターレ,1,0,0.8679947057203992,1.2998689347491492,second_half
J1_2025_219,2025,2025-07-02,ヴィッセル神戸,サンフレッチェ広島,1,0,0.8247151342800462,1.0271391316388205,second_half
J1_2025_220,2025,2025-07-05,セレッソ大阪,ガンバ大阪,0,1,1.714417525784594,0.9721128297695919,second_half
J1_2025_221,2025,2025-07-05,ファジアーノ岡山,サンフレッチェ広島,0,1,0.8259459954130097,0.7124604357875294,second_half
J1_2025_222,2025,2025-07-05,ヴィッセル神戸,湘南ベルマーレ,4,0,1.3668968125734111,0.7100990514622094,second_half
J1_2025_223,2025,2025-07-05,京都サンガF.C.,アルビレックス新潟,2,1,1.4029130080155139,0.580574356691042,second_half
J1_2025_224,2025,2025-07-05,名古屋グランパス,東京ヴェルディ,0,0,1.173492491545602,0.5685076957717293,second_half
J1_2025_225,2025,2025-07-05,川崎フロンターレ,鹿島アントラーズ,2,1,1.4028839166318445,1.263489599748279,second_half
J1_2025_226,2025,2025-07-05,柏レイソル,ＦＣ東京,1,0,1.3810063780275506,1.0014935200835346,second_half
J1_2025_227,2025,2025-07-05,横浜ＦＣ,横浜Ｆ・マリノス,0,1,1.0685929811081736,0.935685046334239,second_half
J1_2025_228,2025,2025-07-05,ＦＣ町田ゼルビア,清水エスパルス,3,0,1.056143085383707,1.3547794894985261,second_half
J1_2025_229,2025,2025-07-19,湘南ベルマーレ,セレッソ大阪,3,3,1.0709210562099314,1.1822338271594623,second_half
J1_2025_230,2025,2025-07-19,ＦＣ東京,浦和レッズ,3,2,0.8083311219200461,1.0459932033560886,second_half
J1_2025_231,2025,2025-07-20,アルビレックス新潟,サンフレッチェ広島,0,2,0.9496668950418036,1.7874081455965745,second_half
J1_2025_232,2025,2025-07-20,ガンバ大阪,川崎フロンターレ,2,1,1.282181063893271,1.362075112076457,second_half
J1_2025_233,2025,2025-07-20,ファジアーノ岡山,ヴィッセル神戸,1,2,1.037865663685618,0.901947549171303,second_half
J1_2025_234,2025,2025-07-20,東京ヴェルディ,ＦＣ町田ゼルビア,0,1,0.7766624155338457,1.218439285332568,second_half
J1_2025_235,2025,2025-07-20,横浜Ｆ・マリノス,名古屋グランパス,3,0,1.327125247356449,1.1194355054030798,second_half
J1_2025_236,2025,2025-07-20,清水エスパルス,横浜ＦＣ,2,0,1.638974525491784,0.7817753553768548,second_half
J1_2025_237,2025,2025-07-20,鹿島アントラーズ,柏レイソル,3,2,1.162764147238878,0.7033472091524793,second_half
J1_2025_238,2025,2025-07-21,アビスパ福岡,京都サンガF.C.,2,2,0.8705961380828398,1.238811267835532,second_half
J1_2025_239,2025,2025-07-23,浦和レッズ,湘南ベルマーレ,4,1,1.6161424458976408,0.6198540294902222,second_half
J1_2025_240,2025,2025-07-27,浦和レッズ,アビスパ福岡,0,0,1.1984983655785433,0.5274393316136259,second_half
J1_2025_241,2025,2025-08-09,川崎フロンターレ,アビスパ福岡,2,5,1.5958028391348942,0.6628694643723154,second_half
J1_2025_242,2025,2025-08-09,東京ヴェルディ,横浜Ｆ・マリノス,1,0,1.2920978861716448,1.0352596968998535,second_half
J1_2025_243,2025,2025-08-09,横浜ＦＣ,浦和レッズ,1,2,0.685424063421304,0.772695492309136,second_half
J1_2025_244,2025,2025-08-10,ガンバ大阪,ファジアーノ岡山,0,3,1.2554017135879747,0.5470718405882807,second_half
J1_2025_245,2025,2025-08-10,サンフレッチェ広島,清水エスパルス,0,0,1.3538051391506059,0.8258573665321216,second_half
J1_2025_246,2025,2025-08-10,名古屋グランパス,京都サンガF.C.,1,2,1.5292628532137182,1.3534914857328868,second_half
J1_2025_247,2025,2025-08-10,柏レイソル,湘南ベルマーレ,2,0,1.2423130481993068,0.7702785156098776,second_half
J1_2025_248,2025,2025-08-10,ＦＣ東京,鹿島アントラーズ,0,1,0.7225725373630485,1.425424049492652,second_half
J1_2025_249,2025,2025-08-10,ＦＣ町田ゼルビア,ヴィッセル神戸,2,0,0.8612052706991165,1.8428748564624355,second_half
J1_2025_250,2025,2025-08-11,セレッソ大阪,アルビレックス新潟,3,1,1.4093707211135083,0.640449950484919,second_half
J1_2025_251,2025,2025-08-16,アルビレックス新潟,川崎フロンターレ,1,1,1.2022252820654433,2.2361270768318144,second_half
J1_2025_252,2025,2025-08-16,サンフレッチェ広島,ガンバ大阪,1,0,1.5675733454611172,0.7935552826324216,second_half
J1_2025_253,2025,2025-08-16,ヴィッセル神戸,横浜ＦＣ,0,1,1.1018711060450421,0.6216564673698518,second_half
J1_2025_254,2025,2025-08-16,京都サンガF.C.,東京ヴェルディ,1,0,1.05017742812993,0.5167903909187859,second_half
J1_2025_255,2025,2025-08-16,浦和レッズ,名古屋グランパス,2,1,1.80261209762777,0.7275731059952778,second_half
J1_2025_256,2025,2025-08-16,清水エスパルス,横浜Ｆ・マリノス,1,3,2.3117361817796884,1.2870140398381862,second_half
J1_2025_257,2025,2025-08-16,湘南ベルマーレ,ＦＣ東京,2,2,1.115716902423683,0.9481113072795129,second_half
J1_2025_258,2025,2025-08-16,鹿島アントラーズ,アビスパ福岡,1,1,1.435907816967174,0.4270414498231039,second_half
J1_2025_259,2025,2025-08-16,ＦＣ町田ゼルビア,セレッソ大阪,3,0,1.2120402325764135,1.631583804965993,second_half
J1_2025_260,2025,2025-08-17,ファジアーノ岡山,柏レイソル,2,1,0.8220652689170818,0.6902926208028505,second_half
J1_2025_261,2025,2025-08-20,サンフレッチェ広島,ヴィッセル神戸,0,1,1.1039262931996268,1.1233944620535121,second_half
J1_2025_262,2025,2025-08-20,ＦＣ町田ゼルビア,ガンバ大阪,3,1,1.2229099312470453,1.3017894666340004,second_half
J1_2025_263,2025,2025-08-22,柏レイソル,浦和レッズ,4,2,0.9060229688910587,0.9167677076365133,second_half
J1_2025_264,2025,2025-08-23,アビスパ福岡,清水エスパルス,0,0,0.937567653048755,0.9233975649260769,second_half
J1_2025_265,2025,2025-08-23,アルビレックス新潟,鹿島アントラーズ,1,2,1.0261323460864256,2.004195726895809,second_half
J1_2025_266,2025,2025-08-23,ガンバ大阪,横浜ＦＣ,3,2,1.3531988855914925,0.6589454915207063,second_half
J1_2025_267,2025,2025-08-23,セレッソ大阪,ヴィッセル神戸,1,1,1.207337819130331,1.3761689870322218,second_half
J1_2025_268,2025,2025-08-23,ファジアーノ岡山,湘南ベルマーレ,1,0,1.3689368626336507,0.4925500977164367,second_half
J1_2025_269,2025,2025-08-23,名古屋グランパス,川崎フロンターレ,3,4,1.3529352208337546,1.356183807994746,second_half
J1_2025_270,2025,2025-08-23,東京ヴェルディ,サンフレッチェ広島,0,3,0.6856500602599575,1.039026961504532,second_half
J1_2025_271,2025,2025-08-23,横浜Ｆ・マリノス,ＦＣ町田ゼルビア,0,0,0.8131810898084654,1.6177048497631716,second_half
J1_2025_272,2025,2025-08-24,ＦＣ東京,京都サンガF.C.,0,4,0.9569055352635313,1.5872210104919562,second_half
J1_2025_273,2025,2025-08-30,ヴィッセル神戸,横浜Ｆ・マリノス,1,0,1.5541640604435965,1.0234149694774268,second_half
J1_2025_274,2025,2025-08-30,京都サンガF.C.,ファジアーノ岡山,5,0,1.1854758899358238,0.4951535990754268,second_half
J1_2025_275,2025,2025-08-30,横浜ＦＣ,東京ヴェルディ,0,0,0.6226403904566936,0.492490366431589,second_half
J1_2025_276,2025,2025-08-31,セレッソ大阪,サンフレッチェ広島,1,1,0.9608139778708742,1.08705429392108,second_half
J1_2025_277,2025,2025-08-31,名古屋グランパス,ＦＣ東京,1,1,1.9690595435734124,0.9743967425108139,second_half
J1_2025_278,2025,2025-08-31,川崎フロンターレ,ＦＣ町田ゼルビア,5,3,1.4706842047260544,1.321394054663845,second_half
J1_2025_279,2025,2025-08-31,柏レイソル,アビスパ福岡,2,1,0.9212740879265714,0.6554368707802656,second_half
J1_2025_280,2025,2025-08-31,浦和レッズ,アルビレックス新潟,1,0,1.430321947314384,0.5282429771687066,second_half
J1_2025_281,2025,2025-08-31,清水エスパルス,鹿島アントラーズ,1,1,1.3254930401958487,1.4483622394317266,second_half
J1_2025_282,2025,2025-08-31,湘南ベルマーレ,ガンバ大阪,4,5,1.0805251839180459,0.9432672343341059,second_half
J1_2025_283,2025,2025-09-12,サンフレッチェ広島,京都サンガF.C.,1,1,1.2571013110665934,1.1079533346688806,second_half
J1_2025_284,2025,2025-09-12,ヴィッセル神戸,柏レイソル,0,0,0.8208401910138186,0.9951802619388846,second_half
J1_2025_285,2025,2025-09-12,ＦＣ町田ゼルビア,横浜ＦＣ,1,1,0.9156806088057305,0.8810417627114143,second_half
J1_2025_286,2025,2025-09-13,アビスパ福岡,セレッソ大阪,2,4,1.0759618956786343,1.112063272404642,second_half
J1_2025_287,2025,2025-09-13,アルビレックス新潟,清水エスパルス,0,1,1.4634465737760822,1.6634778858007566,second_half
J1_2025_288,2025,2025-09-13,ガンバ大阪,浦和レッズ,1,0,1.2242630115728017,0.8958380188145005,second_half
J1_2025_289,2025,2025-09-13,ファジアーノ岡山,名古屋グランパス,0,1,1.5268840662751293,0.5781461237713523,second_half
J1_2025_290,2025,2025-09-13,横浜Ｆ・マリノス,川崎フロンターレ,0,3,0.9088078251611148,1.7258178598749256,second_half
J1_2025_291,2025,2025-09-13,鹿島アントラーズ,湘南ベルマーレ,3,0,1.9362826333740115,0.5018650441224681,second_half
J1_2025_292,2025,2025-09-15,ＦＣ東京,東京ヴェルディ,1,0,0.7342893724191234,0.6666812232414272,second_half
J1_2025_293,2025,2025-09-20,セレッソ大阪,柏レイソル,1,1,0.9562995710182604,1.05323119686825,second_half
J1_2025_294,2025,2025-09-20,京都サンガF.C.,清水エスパルス,0,1,1.473840148476109,0.9171010444684347,second_half
J1_2025_295,2025,2025-09-20,名古屋グランパス,湘南ベルマーレ,3,1,1.7713085200637801,0.7494375763646737,second_half
J1_2025_296,2025,2025-09-20,川崎フロンターレ,ＦＣ東京,0,1,2.392137071693493,1.012850364124046,second_half
J1_2025_297,2025,2025-09-20,東京ヴェルディ,ファジアーノ岡山,4,2,0.8498659601460037,0.5220869865044768,second_half
J1_2025_298,2025,2025-09-20,横浜Ｆ・マリノス,アビスパ福岡,2,0,0.8823625681686543,0.8115120114928959,second_half
J1_2025_299,2025,2025-09-20,横浜ＦＣ,アルビレックス新潟,1,0,0.8317740218841206,0.55327514344687,second_half
J1_2025_300,2025,2025-09-20,浦和レッズ,鹿島アントラーズ,0,1,1.0536101578132142,1.0053474263187563,second_half
J1_2025_301,2025,2025-09-23,アルビレックス新潟,名古屋グランパス,0,0,1.7556005578587803,1.450442774175571,second_half
J1_2025_302,2025,2025-09-23,ガンバ大阪,横浜Ｆ・マリノス,3,1,1.9086561604898402,1.0848028058730632,second_half
J1_2025_303,2025,2025-09-23,ファジアーノ岡山,横浜ＦＣ,0,0,1.1035156136593596,0.43120315837426626,second_half
J1_2025_304,2025,2025-09-23,ヴィッセル神戸,東京ヴェルディ,4,0,0.9055695990299626,0.5386663122427076,second_half
J1_2025_305,2025,2025-09-23,京都サンガF.C.,ＦＣ町田ゼルビア,1,1,1.083364449702771,1.1555825235688737,second_half
J1_2025_306,2025,2025-09-23,柏レイソル,サンフレッチェ広島,0,0,0.7495477075805381,1.1141871039179596,second_half
J1_2025_307,2025,2025-09-23,清水エスパルス,浦和レッズ,0,0,1.4828092971659557,1.0628255212772733,second_half
J1_2025_308,2025,2025-09-23,湘南ベルマーレ,川崎フロンターレ,1,2,0.7666059153443066,1.3195992422921472,second_half
J1_2025_309,2025,2025-09-23,鹿島アントラーズ,セレッソ大阪,3,1,2.0660309974224145,0.8136382586986625,second_half
J1_2025_310,2025,2025-09-23,ＦＣ東京,アビスパ福岡,1,0,0.8219377903863003,0.7478257647541021,second_half
J1_2025_311,2025,2025-09-27,アビスパ福岡,サンフレッチェ広島,1,2,0.608410978519723,0.9921913259330213,second_half
J1_2025_312,2025,2025-09-27,ガンバ大阪,アルビレックス新潟,4,2,1.4856644569742203,0.6414492038559189,second_half
J1_2025_313,2025,2025-09-27,ヴィッセル神戸,清水エスパルス,2,1,1.2708946093675164,0.9559222583443534,second_half
J1_2025_314,2025,2025-09-27,名古屋グランパス,鹿島アントラーズ,0,4,1.1547674241819221,1.215520272094442,second_half
J1_2025_315,2025,2025-09-27,東京ヴェルディ,浦和レッズ,0,0,0.8287860758353545,0.8549249603782704,second_half
J1_2025_316,2025,2025-09-27,ＦＣ町田ゼルビア,ファジアーノ岡山,1,0,0.8495033639430758,0.7314613195840204,second_half
J1_2025_317,2025,2025-09-28,セレッソ大阪,京都サンガF.C.,1,2,1.3748616775219444,1.357253457937748,second_half
J1_2025_318,2025,2025-09-28,川崎フロンターレ,柏レイソル,4,4,1.2922433498044568,1.091761439063574,second_half
J1_2025_319,2025,2025-09-28,横浜ＦＣ,湘南ベルマーレ,1,0,0.9398340735006927,0.6492274235626878,second_half
J1_2025_320,2025,2025-09-28,ＦＣ東京,横浜Ｆ・マリノス,2,3,1.2602081096824957,1.2666311744911531,second_half
J1_2025_321,2025,2025-10-03,湘南ベルマーレ,東京ヴェルディ,0,1,0.6649293120454054,0.5531715687469223,second_half
J1_2025_322,2025,2025-10-04,アビスパ福岡,横浜ＦＣ,1,0,0.8128751977089714,0.6005049711721249,second_half
J1_2025_323,2025,2025-10-04,アルビレックス新潟,ファジアーノ岡山,1,1,1.1771158705471076,0.8981312005963769,second_half
J1_2025_324,2025,2025-10-04,サンフレッチェ広島,ＦＣ町田ゼルビア,2,1,0.9951312298671949,1.0406119865213836,second_half
J1_2025_325,2025,2025-10-04,京都サンガF.C.,川崎フロンターレ,1,1,1.2107636315339632,1.2328113858510497,second_half
J1_2025_326,2025,2025-10-04,名古屋グランパス,セレッソ大阪,2,1,1.8900021336623278,1.2150100744771117,second_half
J1_2025_327,2025,2025-10-04,柏レイソル,横浜Ｆ・マリノス,1,0,1.4125121030142147,1.1101473265155513,second_half
J1_2025_328,2025,2025-10-04,浦和レッズ,ヴィッセル神戸,1,0,1.225285692866126,1.1350638753999902,second_half
J1_2025_329,2025,2025-10-04,清水エスパルス,ＦＣ東京,1,1,2.2601734912870186,1.1610497006735978,second_half
J1_2025_330,2025,2025-10-05,鹿島アントラーズ,ガンバ大阪,0,0,2.0845593711368986,0.6491764085917887,second_half
J1_2025_331,2025,2025-10-17,サンフレッチェ広島,ＦＣ東京,0,0,1.618627777816293,0.7976305219022327,second_half
J1_2025_332,2025,2025-10-17,ヴィッセル神戸,鹿島アントラーズ,0,0,0.8911196968222351,1.1517167266074595,second_half
J1_2025_333,2025,2025-10-18,ガンバ大阪,柏レイソル,0,5,1.0080671193162238,1.0548744865946618,second_half
J1_2025_334,2025,2025-10-18,ファジアーノ岡山,セレッソ大阪,1,2,1.4606679536173917,0.7985365956869916,second_half
J1_2025_335,2025,2025-10-18,川崎フロンターレ,清水エスパルス,5,3,2.0007610802159888,1.048693488323047,second_half
J1_2025_336,2025,2025-10-18,東京ヴェルディ,アルビレックス新潟,1,0,1.0057463173063501,0.6121541212516332,second_half
J1_2025_337,2025,2025-10-18,横浜Ｆ・マリノス,浦和レッズ,4,0,0.86775560512044,1.1350719492026446,second_half
J1_2025_338,2025,2025-10-18,横浜ＦＣ,名古屋グランパス,2,2,1.0482716266474665,0.7620510484497347,second_half
J1_2025_339,2025,2025-10-18,ＦＣ町田ゼルビア,アビスパ福岡,0,0,0.8423775086658836,0.8563435975773387,second_half
J1_2025_340,2025,2025-10-19,湘南ベルマーレ,京都サンガF.C.,1,1,0.8665174291696579,1.3169795484159839,second_half
J1_2025_341,2025,2025-10-25,セレッソ大阪,川崎フロンターレ,2,0,1.2163368667361887,1.359953263395196,second_half
J1_2025_342,2025,2025-10-25,京都サンガF.C.,鹿島アントラーズ,1,1,1.0334200622096348,1.1049440513424853,second_half
J1_2025_343,2025,2025-10-25,名古屋グランパス,ガンバ大阪,0,2,1.9069518628277458,0.9694183725006166,second_half
J1_2025_344,2025,2025-10-25,柏レイソル,横浜ＦＣ,2,0,1.0014427130724184,0.674340600679444,second_half
J1_2025_345,2025,2025-10-25,横浜Ｆ・マリノス,サンフレッチェ広島,3,0,0.7178893327111625,1.379501609061953,second_half
J1_2025_346,2025,2025-10-25,浦和レッズ,ＦＣ町田ゼルビア,0,0,1.1045303169167764,1.0514214856013595,second_half
J1_2025_347,2025,2025-10-25,清水エスパルス,東京ヴェルディ,1,0,1.3469864993530805,0.6774095819589397,second_half
J1_2025_348,2025,2025-10-25,ＦＣ東京,ファジアーノ岡山,3,1,0.8288907416235953,0.6387688566289109,second_half
J1_2025_349,2025,2025-10-26,アビスパ福岡,湘南ベルマーレ,1,0,1.0083906463039194,0.685938348283879,second_half
J1_2025_350,2025,2025-10-26,アルビレックス新潟,ヴィッセル神戸,2,2,1.1933306387785856,2.262790065679423,second_half
J1_2025_351,2025,2025-11-08,川崎フロンターレ,ファジアーノ岡山,1,1,1.609302083791387,0.5662019013085893,second_half
J1_2025_352,2025,2025-11-08,東京ヴェルディ,アビスパ福岡,0,0,0.8427370633175053,0.6112228169847879,second_half
J1_2025_353,2025,2025-11-08,柏レイソル,名古屋グランパス,1,0,1.3856504637999807,0.9041385639529044,second_half
J1_2025_354,2025,2025-11-08,湘南ベルマーレ,アルビレックス新潟,5,2,0.8882670264018407,0.6214458188629306,second_half
J1_2025_355,2025,2025-11-08,鹿島アントラーズ,横浜ＦＣ,2,1,1.5608595083595926,0.43935793152118013,second_half
J1_2025_356,2025,2025-11-09,ガンバ大阪,ヴィッセル神戸,1,1,1.2726948691154492,1.3783161360769147,second_half
J1_2025_357,2025,2025-11-09,サンフレッチェ広島,浦和レッズ,3,0,1.0619168514494715,0.730151409311398,second_half
J1_2025_358,2025,2025-11-09,京都サンガF.C.,横浜Ｆ・マリノス,0,3,1.8023440910968813,0.9818527911024696,second_half
J1_2025_359,2025,2025-11-09,清水エスパルス,セレッソ大阪,1,4,2.1694279052766667,1.447754309658317,second_half
J1_2025_360,2025,2025-11-09,ＦＣ町田ゼルビア,ＦＣ東京,0,1,1.262738990947572,1.308474701641012,second_half
J1_2025_361,2025,2025-11-30,アビスパ福岡,ガンバ大阪,1,0,1.0856112301419367,0.8872803528943299,second_half
J1_2025_362,2025,2025-11-30,アルビレックス新潟,柏レイソル,1,3,0.9452048630174804,1.7317939232715198,second_half
J1_2025_363,2025,2025-11-30,ファジアーノ岡山,浦和レッズ,0,1,0.9983701308663786,0.586221755934754,second_half
J1_2025_364,2025,2025-11-30,ヴィッセル神戸,ＦＣ東京,0,0,1.5194988243949956,0.9232499469283493,second_half
J1_2025_365,2025,2025-11-30,川崎フロンターレ,サンフレッチェ広島,1,2,1.2983436476717771,1.1268218827931038,second_half
J1_2025_366,2025,2025-11-30,東京ヴェルディ,鹿島アントラーズ,0,1,0.7408573559867839,1.1650463837859946,second_half
J1_2025_367,2025,2025-11-30,横浜Ｆ・マリノス,セレッソ大阪,3,1,1.2695720402526112,1.5461665845730894,second_half
J1_2025_368,2025,2025-11-30,横浜ＦＣ,京都サンガF.C.,0,1,0.8114076799773926,1.1725109839819567,second_half
J1_2025_369,2025,2025-11-30,湘南ベルマーレ,清水エスパルス,1,0,0.9331751852029614,0.9816634217329514,second_half
J1_2025_370,2025,2025-11-30,ＦＣ町田ゼルビア,名古屋グランパス,3,1,1.2669853639371942,1.181278175031759,second_half
J1_2025_371,2025,2025-12-06,ガンバ大阪,東京ヴェルディ,4,1,1.112122611719331,0.5709773106490343,second_half
J1_2025_372,2025,2025-12-06,サンフレッチェ広島,湘南ベルマーレ,2,1,1.4560703270835391,0.613481407612839,second_half
J1_2025_373,2025,2025-12-06,セレッソ大阪,横浜ＦＣ,1,3,1.283707690685617,0.6579189823290991,second_half
J1_2025_374,2025,2025-12-06,京都サンガF.C.,ヴィッセル神戸,2,0,1.2018058174138897,1.2475111033101856,second_half
J1_2025_375,2025,2025-12-06,名古屋グランパス,アビスパ福岡,1,0,1.3135663701058715,0.6377031293787121,second_half
J1_2025_376,2025,2025-12-06,柏レイソル,ＦＣ町田ゼルビア,1,0,0.8490417588625935,1.3065775854928487,second_half
J1_2025_377,2025,2025-12-06,浦和レッズ,川崎フロンターレ,4,0,1.2344185172555924,1.121689150139286,second_half
J1_2025_378,2025,2025-12-06,清水エスパルス,ファジアーノ岡山,1,2,1.5205240336346013,0.6490480443314999,second_half
J1_2025_379,2025,2025-12-06,鹿島アントラーズ,横浜Ｆ・マリノス,2,1,2.2015567319858347,0.7233021896801073,second_half
J1_2025_380,2025,2025-12-06,ＦＣ東京,アルビレックス新潟,1,1,0.9809238749767574,0.7489652073701484,second_half
