round,date,home,away,home_elo,away_elo,elo_diff_with_home_adv,lambda_home,lambda_away
1,,ＳＣ相模原,カマタマーレ讃岐,1421.7971719090117,1346.9406199909834,124.85655191802834,1.948849638874513,0.797598731576689
2,,高知ユナイテッドSC,ＳＣ相模原,1368.487673362776,1421.7971719090117,-3.3094985462357727,1.3267616430760596,1.1715744181420313
3,,ＦＣ琉球,ＳＣ相模原,1347.0590846053435,1421.7971719090117,-24.73808730366818,1.2441534664875702,1.249363556722871
4,,レノファ山口ＦＣ,ＦＣ大阪,1443.7278106278109,1465.2584089381633,28.46940168964761,1.459476513505923,1.0650394066746947
5,,ＦＣ琉球,鹿児島ユナイテッドＦＣ,1347.0590846053435,1489.8494551452911,-92.79037053994762,1.0144012148889272,1.5323325496708917
6,,ＦＣ琉球,高知ユナイテッドSC,1347.0590846053435,1368.487673362776,28.571411242567592,1.4599232234953858,1.0647135239608119
7,,福島ユナイテッドＦＣ,ＦＣ大阪,1418.0439896395244,1465.2584089381633,2.785580701361141,1.3512449545711296,1.150346570946753
8,,ＳＣ相模原,レイラック滋賀ＦＣ,1421.7971719090117,1347.1903199208225,124.60685198818919,1.9473903026826902,0.7981964364609838
9,,ギラヴァンツ北九州,ガイナーレ鳥取,1397.9273006456835,1417.0621787719042,30.865121873779344,1.4700037908313524,1.0574122391350556
10,,栃木ＳＣ,ＡＣ長野パルセイロ,1438.3525395818965,1317.4300285708323,170.92251101106422,2.2376744777201334,0.6946497426130135
11,,松本山雅ＦＣ,ギラヴァンツ北九州,1425.0954973316266,1397.9273006456835,77.16819668594303,1.689063450495121,0.9202733026662518
12,,ＦＣ琉球,奈良クラブ,1347.0590846053435,1419.2611181282691,-22.202033522925603,1.253655286651864,1.2398942648352203
13,,ＦＣ岐阜,栃木ＳＣ,1428.3511510336148,1438.3525395818965,39.99861145171826,1.510839487482532,1.0288319923316616
14,,ＳＣ相模原,福島ユナイテッドＦＣ,1421.7971719090117,1418.0439896395244,53.7531822694873,1.5744864581180644,0.9872425335800773
15,,ツエーゲン金沢,ＳＣ相模原,1438.563362786469,1421.7971719090117,66.76619087745735,1.6371684366584642,0.9494441532067412
16,,愛媛ＦＣ,ＡＣ長野パルセイロ,1380.7435122536112,1317.4300285708323,113.31348368277895,1.8825176660638714,0.8257027426733649
17,,松本山雅ＦＣ,ＦＣ琉球,1425.0954973316266,1347.0590846053435,128.03641272628306,1.9675298094882667,0.790026149796573
18,,ＦＣ大阪,ガイナーレ鳥取,1465.2584089381633,1417.0621787719042,98.19623016625906,1.7990492024110964,0.8640119447076733
19,,松本山雅ＦＣ,ザスパ群馬,1425.0954973316266,1406.363884450977,68.73161288064966,1.6468501321400462,0.9438624496936409
20,,レノファ山口ＦＣ,ガイナーレ鳥取,1443.7278106278109,1417.0621787719042,76.66563185590667,1.6865187776140393,0.9216618401361939
21,,ＳＣ相模原,鹿児島ユナイテッドＦＣ,1421.7971719090117,1489.8494551452911,-18.052283236279436,1.2693599083652662,1.2245541944063918
22,,松本山雅ＦＣ,ＡＣ長野パルセイロ,1425.0954973316266,1317.4300285708323,157.66546876079428,2.1504261251500507,0.7228334802208276
23,,ＦＣ琉球,カマタマーレ讃岐,1347.0590846053435,1346.9406199909834,50.118464614360164,1.5574112812938183,0.9980664829322946
24,,鹿児島ユナイテッドＦＣ,ＦＣ大阪,1489.8494551452911,1465.2584089381633,74.59104620712787,1.6760548907775934,0.927415926860753
25,,レノファ山口ＦＣ,ＦＣ岐阜,1443.7278106278109,1428.3511510336148,65.3766595941961,1.630357951318248,0.9534102610676195
26,,ＳＣ相模原,愛媛ＦＣ,1421.7971719090117,1380.7435122536112,91.05365965540045,1.7609097746851692,0.8827255219694087
27,,ギラヴァンツ北九州,鹿児島ユナイテッドＦＣ,1397.9273006456835,1489.8494551452911,-41.922154499607586,1.1816398184982468,1.315460071390871
28,,ＦＣ大阪,ロアッソ熊本,1465.2584089381633,1427.5414424037451,87.71696653441813,1.743370857518155,0.8916060477303309
29,,ＦＣ岐阜,鹿児島ユナイテッドＦＣ,1428.3511510336148,1489.8494551452911,-11.498304111676362,1.2945649614759513,1.2007122440791282
30,,レノファ山口ＦＣ,栃木ＳＣ,1443.7278106278109,1438.3525395818965,55.37527104591436,1.5821670011825497,0.9824500187642671
31,,ガイナーレ鳥取,ＦＣ琉球,1417.0621787719042,1347.0590846053435,120.00309416656069,1.9206792441325817,0.8092970259081437
32,,奈良クラブ,高知ユナイテッドSC,1419.2611181282691,1368.487673362776,100.7734447654932,1.8130127209348077,0.8573574702766209
33,,ＦＣ大阪,栃木ＳＣ,1465.2584089381633,1438.3525395818965,76.90586935626675,1.6877347108968987,0.9209978262365405
34,,ロアッソ熊本,ザスパ群馬,1427.5414424037451,1406.363884450977,71.17755795276821,1.6589788920349464,0.9369618911144388
35,,ＦＣ岐阜,カマタマーレ讃岐,1428.3511510336148,1346.9406199909834,131.41053104263142,1.987546984149764,0.7820695623278278
36,,栃木ＳＣ,奈良クラブ,1438.3525395818965,1419.2611181282691,69.09142145362739,1.6486287442950613,0.9428441699678404
37,,レイラック滋賀ＦＣ,レノファ山口ＦＣ,1347.1903199208225,1443.7278106278109,-46.537490706988365,1.1653915696609343,1.3338006215818483
38,,ギラヴァンツ北九州,栃木ＳＣ,1397.9273006456835,1438.3525395818965,9.574761063787037,1.3790486772741282,1.1271538311994012
39,,ツエーゲン金沢,栃木ＳＣ,1438.563362786469,1438.3525395818965,50.210823204572534,1.5578428620123008,0.9977899812001234
40,,ＦＣ琉球,ＡＣ長野パルセイロ,1347.0590846053435,1317.4300285708323,79.62905603451122,1.701579235778339,0.9135043301636105
41,,ツエーゲン金沢,ギラヴァンツ北九州,1438.563362786469,1397.9273006456835,90.6360621407855,1.7587051013365773,0.8838320869250279
42,,カマタマーレ讃岐,ガイナーレ鳥取,1346.9406199909834,1417.0621787719042,-20.12155878092085,1.2615043503168462,1.2321796588411198
43,,鹿児島ユナイテッドＦＣ,ザスパ群馬,1489.8494551452911,1406.363884450977,133.48557069431422,1.9999582914065424,0.7772162082974302
44,,レイラック滋賀ＦＣ,鹿児島ユナイテッドＦＣ,1347.1903199208225,1489.8494551452911,-92.65913522446863,1.0148006693079323,1.5317293799777059
45,,松本山雅ＦＣ,高知ユナイテッドSC,1425.0954973316266,1368.487673362776,106.60782396885065,1.8450254766312415,0.8424815915485986
46,,レイラック滋賀ＦＣ,ＦＣ琉球,1347.1903199208225,1347.0590846053435,50.13123531547899,1.557470950138808,0.9980282456385243
47,,ギラヴァンツ北九州,レイラック滋賀ＦＣ,1397.9273006456835,1347.1903199208225,100.73698072486104,1.8128144024736759,0.8574512635595478
48,,鹿児島ユナイテッドＦＣ,レイラック滋賀ＦＣ,1489.8494551452911,1347.1903199208225,192.65913522446863,2.3884557314457084,0.650797073412425
49,,ガイナーレ鳥取,ＦＣ大阪,1417.0621787719042,1465.2584089381633,1.8037698337409438,1.347270809289191,1.1537398341021643
50,,福島ユナイテッドＦＣ,ザスパ群馬,1418.0439896395244,1406.363884450977,61.680105188547486,1.6123777123802985,0.9640421025823359
51,,レノファ山口ＦＣ,ＳＣ相模原,1443.7278106278109,1421.7971719090117,71.93063871879917,1.66273116436964,0.9348474565876621
52,,ＡＣ長野パルセイロ,福島ユナイテッドＦＣ,1317.4300285708323,1418.0439896395244,-50.613961068692106,1.1512263100162257,1.3502123661316356
53,,ギラヴァンツ北九州,ザスパ群馬,1397.9273006456835,1406.363884450977,41.56341619470663,1.517948667532521,1.0240135475244574
54,,ＡＣ長野パルセイロ,高知ユナイテッドSC,1317.4300285708323,1368.487673362776,-1.0576447919436305,1.3357550060413919,1.163686449213901
55,,ガイナーレ鳥取,愛媛ＦＣ,1417.0621787719042,1380.7435122536112,86.31866651829296,1.7360729088082574,0.8953541018430105
56,,ツエーゲン金沢,鹿児島ユナイテッドＦＣ,1438.563362786469,1489.8494551452911,-1.2860923588220885,1.334839869724981,1.1644842465787715
57,,松本山雅ＦＣ,ＦＣ岐阜,1425.0954973316266,1428.3511510336148,46.744346298011806,1.5417261307609966,1.0082205710768795
58,,ＦＣ岐阜,ＦＣ大阪,1428.3511510336148,1465.2584089381633,13.092742095451513,1.3936801526071427,1.11532046796548
59,,松本山雅ＦＣ,カマタマーレ讃岐,1425.0954973316266,1346.9406199909834,128.15487734064322,1.9682291817375708,0.7897454292531938
60,,ツエーゲン金沢,奈良クラブ,1438.563362786469,1419.2611181282691,69.30224465819992,1.6496717816900892,0.9422480382173457
61,,ＡＣ長野パルセイロ,ＦＣ大阪,1317.4300285708323,1465.2584089381633,-97.82838036733096,0.9991848053127038,1.55566817242936
62,,奈良クラブ,松本山雅ＦＣ,1419.2611181282691,1425.0954973316266,44.16562079664254,1.5298450814946403,1.0160505915287643
63,,ツエーゲン金沢,ＦＣ岐阜,1438.563362786469,1428.3511510336148,60.21221175285427,1.6052929274139784,0.968296797086147
64,,レノファ山口ＦＣ,カマタマーレ讃岐,1443.7278106278109,1346.9406199909834,146.78719063682752,2.0813801053488885,0.746812173329314
65,,愛媛ＦＣ,高知ユナイテッドSC,1380.7435122536112,1368.487673362776,62.25583889083532,1.6151650193767384,0.962378445144765
66,,ＦＣ大阪,ＡＣ長野パルセイロ,1465.2584089381633,1317.4300285708323,197.82838036733096,2.425783961081073,0.6407825366720898
67,,ロアッソ熊本,ギラヴァンツ北九州,1427.5414424037451,1397.9273006456835,79.61414175806158,1.7015031040121569,0.9135452038463598
68,,レノファ山口ＦＣ,鹿児島ユナイテッドＦＣ,1443.7278106278109,1489.8494551452911,3.878355482519737,1.355682042933161,1.1465815366536034
69,,鹿児島ユナイテッドＦＣ,福島ユナイテッドＦＣ,1489.8494551452911,1418.0439896395244,121.80546550576673,1.931092703807357,0.8049328739813129
70,,レイラック滋賀ＦＣ,ガイナーレ鳥取,1347.1903199208225,1417.0621787719042,-19.871858851081697,1.262449696995436,1.231256978950837
71,,高知ユナイテッドSC,松本山雅ＦＣ,1368.487673362776,1425.0954973316266,-6.607823968850653,1.3136981063855027,1.183224663600043
72,,ガイナーレ鳥取,レイラック滋賀ＦＣ,1417.0621787719042,1347.1903199208225,119.8718588510817,1.919923210130276,0.8096157136901985
73,,愛媛ＦＣ,ＦＣ大阪,1380.7435122536112,1465.2584089381633,-34.51489668455201,1.208191875107842,1.2865506150347648
74,,福島ユナイテッドＦＣ,松本山雅ＦＣ,1418.0439896395244,1425.0954973316266,42.94849230789782,1.5242692134153881,1.0197673654492427
75,,レノファ山口ＦＣ,松本山雅ＦＣ,1443.7278106278109,1425.0954973316266,68.6323132961843,1.6463596106051557,0.9441436670258485
76,,レノファ山口ＦＣ,ギラヴァンツ北九州,1443.7278106278109,1397.9273006456835,95.80050998212732,1.7861655010261066,0.8702441062191812
77,,栃木ＳＣ,レノファ山口ＦＣ,1438.3525395818965,1443.7278106278109,44.62472895408564,1.5319536263061104,1.01465212347714
78,,ロアッソ熊本,カマタマーレ讃岐,1427.5414424037451,1346.9406199909834,130.60082241276177,1.982724841480701,0.7839716169789714
79,,愛媛ＦＣ,福島ユナイテッドＦＣ,1380.7435122536112,1418.0439896395244,12.699522614086845,1.3920370553840538,1.1166369415152897
80,,ロアッソ熊本,ツエーゲン金沢,1427.5414424037451,1438.563362786469,38.97807961727608,1.5062209817072427,1.0319866864675782
81,,奈良クラブ,ロアッソ熊本,1419.2611181282691,1427.5414424037451,41.719675724523995,1.5186604161809771,1.0235336243957016
82,,ツエーゲン金沢,松本山雅ＦＣ,1438.563362786469,1425.0954973316266,63.46786545484247,1.6210485781650248,0.9588855145596754
83,,ＳＣ相模原,松本山雅ＦＣ,1421.7971719090117,1425.0954973316266,46.70167457738512,1.5415287790730663,1.008349646858149
84,,愛媛ＦＣ,ＦＣ琉球,1380.7435122536112,1347.0590846053435,83.68442764826773,1.7224072854911474,0.9024578641147354
85,,高知ユナイテッドSC,福島ユナイテッドＦＣ,1368.487673362776,1418.0439896395244,0.4436837232515245,1.3417847961314504,1.1584570077716994
86,,ツエーゲン金沢,レノファ山口ＦＣ,1438.563362786469,1443.7278106278109,44.835552158658174,1.5329228468933502,1.0140105897372302
87,,ザスパ群馬,レノファ山口ＦＣ,1406.363884450977,1443.7278106278109,12.636073823166043,1.3917721113961743,1.1168495095369337
88,,カマタマーレ讃岐,松本山雅ＦＣ,1346.9406199909834,1425.0954973316266,-28.154877340643225,1.231465571882088,1.2622358557895865
89,,鹿児島ユナイテッドＦＣ,奈良クラブ,1489.8494551452911,1419.2611181282691,120.58833701702201,1.9240543975791762,0.8078773666460412
90,,ＦＣ大阪,レイラック滋賀ＦＣ,1465.2584089381633,1347.1903199208225,168.06808901734075,2.218594486103455,0.7006237551459942
91,,ＡＣ長野パルセイロ,ツエーゲン金沢,1317.4300285708323,1438.563362786469,-71.13333421563675,1.082496135938064,1.435940460566167
92,,栃木ＳＣ,鹿児島ユナイテッドＦＣ,1438.3525395818965,1489.8494551452911,-1.496915563394623,1.3339958909917868,1.1652209804367157
93,,ＳＣ相模原,ＦＣ岐阜,1421.7971719090117,1428.3511510336148,43.446020875396925,1.5265460145878371,1.0182464106197828
94,,ガイナーレ鳥取,松本山雅ＦＣ,1417.0621787719042,1425.0954973316266,41.966681440277625,1.5197861866463291,1.0227754493742653
95,,ザスパ群馬,ＡＣ長野パルセイロ,1406.363884450977,1317.4300285708323,138.93385588014462,2.032915931001938,0.7646159766350509
96,,ＦＣ琉球,レイラック滋賀ＦＣ,1347.0590846053435,1347.1903199208225,49.86876468452101,1.5562450616927734,0.9988144144272713
97,,栃木ＳＣ,ツエーゲン金沢,1438.3525395818965,1438.563362786469,49.789176795427466,1.5558735312704042,0.9990529234923091
98,,愛媛ＦＣ,レイラック滋賀ＦＣ,1380.7435122536112,1347.1903199208225,83.55319233278874,1.7217292969734763,0.9028132370938834
99,,カマタマーレ讃岐,レイラック滋賀ＦＣ,1346.9406199909834,1347.1903199208225,49.75030007016085,1.5556920800484795,0.9991694500055313
100,,奈良クラブ,レイラック滋賀ＦＣ,1419.2611181282691,1347.1903199208225,122.07079820744661,1.9326304618853065,0.8042924038792509
101,,ＦＣ大阪,ギラヴァンツ北九州,1465.2584089381633,1397.9273006456835,117.33110829247971,1.90534470333103,0.8158103871087007
102,,奈良クラブ,ＳＣ相模原,1419.2611181282691,1421.7971719090117,47.46394621925742,1.5450580038973074,1.0060463724204063
103,,高知ユナイテッドSC,ＦＣ琉球,1368.487673362776,1347.0590846053435,71.42858875743241,1.6602287270150629,0.9362565378534721
104,,栃木ＳＣ,愛媛ＦＣ,1438.3525395818965,1380.7435122536112,107.60902732828526,1.85057554469519,0.8399549018443484
105,,ＡＣ長野パルセイロ,松本山雅ＦＣ,1317.4300285708323,1425.0954973316266,-57.66546876079428,1.1271284544659004,1.3790797258654657
106,,松本山雅ＦＣ,栃木ＳＣ,1425.0954973316266,1438.3525395818965,36.74295774973007,1.4961550050886667,1.0389297864948701
107,,奈良クラブ,鹿児島ユナイテッドＦＣ,1419.2611181282691,1489.8494551452911,-20.588337017022013,1.2597390582787462,1.2339063314619028
108,,福島ユナイテッドＦＣ,ギラヴァンツ北九州,1418.0439896395244,1397.9273006456835,70.11668899384085,1.6537074073859328,0.9399486227476533
109,,鹿児島ユナイテッドＦＣ,ギラヴァンツ北九州,1489.8494551452911,1397.9273006456835,141.9221544996076,2.051222747354521,0.7577919082677503
110,,カマタマーレ讃岐,ツエーゲン金沢,1346.9406199909834,1438.563362786469,-41.62274279548569,1.1827016857052013,1.314279009480881
111,,ザスパ群馬,ＦＣ琉球,1406.363884450977,1347.0590846053435,109.3047998456334,1.860013997993448,0.8356926354730989
112,,高知ユナイテッドSC,愛媛ＦＣ,1368.487673362776,1380.7435122536112,37.74416110916468,1.5006556270137474,1.035813928271606
113,,ガイナーレ鳥取,ギラヴァンツ北九州,1417.0621787719042,1397.9273006456835,69.13487812622066,1.648843690064705,0.9427212593687406
114,,カマタマーレ讃岐,栃木ＳＣ,1346.9406199909834,1438.3525395818965,-41.41191959091316,1.183449945184251,1.3134480307555347
115,,ザスパ群馬,カマタマーレ讃岐,1406.363884450977,1346.9406199909834,109.42326445999356,1.860675152994628,0.8353956882254813
116,,高知ユナイテッドSC,ギラヴァンツ北九州,1368.487673362776,1397.9273006456835,20.560372717092378,1.4252549815204756,1.0906118695629825
117,,カマタマーレ讃岐,ＦＣ琉球,1346.9406199909834,1347.0590846053435,49.881535385639836,1.556304685856581,0.9987761484792209
118,,ＡＣ長野パルセイロ,奈良クラブ,1317.4300285708323,1419.2611181282691,-51.831089557436826,1.1470304040962986,1.355151523838335
119,,ＡＣ長野パルセイロ,ロアッソ熊本,1317.4300285708323,1427.5414424037451,-60.11141383291283,1.1188880419684526,1.3892364040868235
120,,レイラック滋賀ＦＣ,栃木ＳＣ,1347.1903199208225,1438.3525395818965,-41.162219661074005,1.1843367994187817,1.3124644955411573
121,,ツエーゲン金沢,ザスパ群馬,1438.563362786469,1406.363884450977,82.19947833549213,1.714751288758576,0.9064871449231188
122,,ギラヴァンツ北九州,奈良クラブ,1397.9273006456835,1419.2611181282691,28.666182517414427,1.4603383588621588,1.0644108542154098
123,,奈良クラブ,ツエーゲン金沢,1419.2611181282691,1438.563362786469,30.697755341800075,1.469265887787861,1.0579432987043056
124,,ＦＣ岐阜,ＡＣ長野パルセイロ,1428.3511510336148,1317.4300285708323,160.92112246278248,2.171532156588419,0.7158079585807454
125,,ＦＣ琉球,栃木ＳＣ,1347.0590846053435,1438.3525395818965,-41.293454976552994,1.1838706107549128,1.3129813223497573
126,,福島ユナイテッドＦＣ,鹿児島ユナイテッドＦＣ,1418.0439896395244,1489.8494551452911,-21.805465505766733,1.2551476529866619,1.238420034727594
127,,ザスパ群馬,栃木ＳＣ,1406.363884450977,1438.3525395818965,18.011344869080403,1.4143975045321795,1.098983839422233
128,,ＦＣ岐阜,レノファ山口ＦＣ,1428.3511510336148,1443.7278106278109,34.6233404058039,1.486671361294414,1.0455572364336232
129,,ツエーゲン金沢,レイラック滋賀ＦＣ,1438.563362786469,1347.1903199208225,141.37304286564654,2.0478464782177794,0.7590412741060448
130,,栃木ＳＣ,ＦＣ岐阜,1438.3525395818965,1428.3511510336148,60.00138854828174,1.604277949421477,0.9689094090961834
131,,ガイナーレ鳥取,福島ユナイテッドＦＣ,1417.0621787719042,1418.0439896395244,49.0181891323798,1.5522790119743322,1.0013663703556555
132,,鹿児島ユナイテッドＦＣ,ＡＣ長野パルセイロ,1489.8494551452911,1317.4300285708323,222.41942657445884,2.611508160407006,0.5952116189281772
133,,カマタマーレ讃岐,愛媛ＦＣ,1346.9406199909834,1380.7435122536112,16.197107737372107,1.4067202585860037,1.104981598517988
134,,愛媛ＦＣ,カマタマーレ讃岐,1380.7435122536112,1346.9406199909834,83.80289226262789,1.723019527222715,0.9021371931318111
135,,ガイナーレ鳥取,ＦＣ岐阜,1417.0621787719042,1428.3511510336148,38.71102773828943,1.5050147475324134,1.0328137996976823
136,,ＦＣ岐阜,ザスパ群馬,1428.3511510336148,1406.363884450977,71.98726658263786,1.6630136591064997,0.9346886548335055
137,,ザスパ群馬,ＦＣ大阪,1406.363884450977,1465.2584089381633,-8.894524487186345,1.3047168453666462,1.1913696105940816
138,,ＦＣ岐阜,ツエーゲン金沢,1428.3511510336148,1438.563362786469,39.78778824714573,1.5098842295331512,1.0294829031233825
139,,栃木ＳＣ,ガイナーレ鳥取,1438.3525395818965,1417.0621787719042,71.29036080999231,1.659540399716382,0.9366448688237112
140,,鹿児島ユナイテッドＦＣ,栃木ＳＣ,1489.8494551452911,1438.3525395818965,101.49691556339462,1.8169519795757711,0.8554986689097458
141,,ＦＣ琉球,ザスパ群馬,1347.0590846053435,1406.363884450977,-9.304799845633397,1.30311195372628,1.192836882168992
142,,奈良クラブ,ＦＣ琉球,1419.2611181282691,1347.0590846053435,122.2020335229256,1.9333914997931603,0.8039758115034095
143,,鹿児島ユナイテッドＦＣ,ロアッソ熊本,1489.8494551452911,1427.5414424037451,112.30801274154601,1.8768477713058225,0.8281971632246561
144,,奈良クラブ,ＦＣ岐阜,1419.2611181282691,1428.3511510336148,40.90996709465435,1.514975875764532,1.0260229386263808
145,,ＦＣ琉球,レノファ山口ＦＣ,1347.0590846053435,1443.7278106278109,-46.668726022467354,1.1649328383785735,1.3343258502039579
146,,ロアッソ熊本,レノファ山口ＦＣ,1427.5414424037451,1443.7278106278109,33.813631775934255,1.4830644320176005,1.0481001138199726
147,,レイラック滋賀ＦＣ,ザスパ群馬,1347.1903199208225,1406.363884450977,-9.173564530154408,1.303625097658616,1.1923673476306877
148,,ロアッソ熊本,ＡＣ長野パルセイロ,1427.5414424037451,1317.4300285708323,160.11141383291283,2.1662636331507166,0.7175488598029997
149,,ＦＣ岐阜,ＦＣ琉球,1428.3511510336148,1347.0590846053435,131.29206642827126,1.9868407476922416,0.7823475544305546
150,,ザスパ群馬,ロアッソ熊本,1406.363884450977,1427.5414424037451,28.82244204723179,1.4610230947003595,1.063911998132234
151,,福島ユナイテッドＦＣ,ＦＣ琉球,1418.0439896395244,1347.0590846053435,120.98490503418088,1.926344815080574,0.8069168031762701
152,,ガイナーレ鳥取,栃木ＳＣ,1417.0621787719042,1438.3525395818965,28.709639190007692,1.460528755610712,1.0642720959985728
153,,福島ユナイテッドＦＣ,レノファ山口ＦＣ,1418.0439896395244,1443.7278106278109,24.31617901171353,1.4414047385955249,1.0783924586751223
154,,ＦＣ岐阜,奈良クラブ,1428.3511510336148,1419.2611181282691,59.09003290534565,1.5998977367611866,0.9715620969292126
155,,ＳＣ相模原,栃木ＳＣ,1421.7971719090117,1438.3525395818965,33.44463232711519,1.4814235905156459,1.0492610013446275
156,,ギラヴァンツ北九州,ロアッソ熊本,1397.9273006456835,1427.5414424037451,20.385858241938422,1.4245089939407796,1.091183001730223
157,,レノファ山口ＦＣ,ザスパ群馬,1443.7278106278109,1406.363884450977,87.36392617683396,1.7415253941624096,0.8925508667346146
158,,ＦＣ琉球,ＦＣ大阪,1347.0590846053435,1465.2584089381633,-68.19932433281974,1.0920663559126722,1.4233567324770682
159,,ガイナーレ鳥取,ツエーゲン金沢,1417.0621787719042,1438.563362786469,28.498815985435158,1.4596053076100108,1.064945428668801
160,,レノファ山口ＦＣ,愛媛ＦＣ,1443.7278106278109,1380.7435122536112,112.98429837419962,1.880659492263735,0.8265185730825632
161,,ロアッソ熊本,栃木ＳＣ,1427.5414424037451,1438.3525395818965,39.188902821848615,1.5071739220308495,1.0313341926096462
162,,カマタマーレ讃岐,奈良クラブ,1346.9406199909834,1419.2611181282691,-22.320498137285767,1.253209824443594,1.240334993934579
163,,愛媛ＦＣ,レノファ山口ＦＣ,1380.7435122536112,1443.7278106278109,-12.984298374199625,1.2888066579059214,1.2060769475893458
164,,福島ユナイテッドＦＣ,奈良クラブ,1418.0439896395244,1419.2611181282691,48.78287151125528,1.5511835628742834,1.0020735373960232
165,,ＦＣ大阪,ＦＣ琉球,1465.2584089381633,1347.0590846053435,168.19932433281974,2.2194681319138567,0.7003479697001255
166,,ザスパ群馬,鹿児島ユナイテッドＦＣ,1406.363884450977,1489.8494551452911,-33.48557069431422,1.2119285113585256,1.2825839027894286
167,,ＡＣ長野パルセイロ,鹿児島ユナイテッドＦＣ,1317.4300285708323,1489.8494551452911,-122.41942657445884,0.9281251774858397,1.6747740905064663
168,,栃木ＳＣ,松本山雅ＦＣ,1438.3525395818965,1425.0954973316266,63.25704225026993,1.6200236383527848,0.9594921723367505
169,,ツエーゲン金沢,ガイナーレ鳥取,1438.563362786469,1417.0621787719042,71.50118401456484,1.6605903405847875,0.9360526567031625
170,,レイラック滋賀ＦＣ,ＦＣ大阪,1347.1903199208225,1465.2584089381633,-68.06808901734075,1.092496393579537,1.4227964587663737
171,,ＦＣ岐阜,松本山雅ＦＣ,1428.3511510336148,1425.0954973316266,53.255653701988194,1.5721381550996218,0.9887171779133509
172,,ロアッソ熊本,松本山雅ＦＣ,1427.5414424037451,1425.0954973316266,52.44594507211855,1.5683238681721552,0.9911218158093946
173,,ロアッソ熊本,奈良クラブ,1427.5414424037451,1419.2611181282691,58.280324275476005,1.59601610014877,0.9739250123198061
174,,福島ユナイテッドＦＣ,レイラック滋賀ＦＣ,1418.0439896395244,1347.1903199208225,120.8536697187019,1.9255865509483319,0.8072345536659848
175,,ＦＣ岐阜,ガイナーレ鳥取,1428.3511510336148,1417.0621787719042,61.28897226171057,1.6104868599178095,0.9651739723472988
176,,ザスパ群馬,ツエーゲン金沢,1406.363884450977,1438.563362786469,17.80052166450787,1.413503223921312,1.0996791331595377
177,,栃木ＳＣ,ＳＣ相模原,1438.3525395818965,1421.7971719090117,66.55536767288481,1.6361333047489857,0.950044837720894
178,,ロアッソ熊本,ＦＣ琉球,1427.5414424037451,1347.0590846053435,130.4823577984016,1.9820203184785,0.784250285180344
179,,レノファ山口ＦＣ,奈良クラブ,1443.7278106278109,1419.2611181282691,74.46669249954175,1.6754297364758688,0.9277619742320886
180,,ギラヴァンツ北九州,高知ユナイテッドSC,1397.9273006456835,1368.487673362776,79.43962728290762,1.7006125263970182,0.914023609653876
181,,奈良クラブ,ザスパ群馬,1419.2611181282691,1406.363884450977,62.897233677292206,1.6182758866260503,0.9605284320467598
182,,ガイナーレ鳥取,カマタマーレ讃岐,1417.0621787719042,1346.9406199909834,120.12155878092085,1.9213619630203376,0.8090094578309014
183,,ＦＣ琉球,ＦＣ岐阜,1347.0590846053435,1428.3511510336148,-31.292066428271255,1.2199299202509182,1.2741715521497226
184,,奈良クラブ,カマタマーレ讃岐,1419.2611181282691,1346.9406199909834,122.32049813728577,1.9340787373412143,0.8036901342169966
185,,ザスパ群馬,ＦＣ岐阜,1406.363884450977,1428.3511510336148,28.012733417362142,1.4574783926824322,1.0664995157418335
186,,福島ユナイテッドＦＣ,愛媛ＦＣ,1418.0439896395244,1380.7435122536112,87.30047738591315,1.7411939326678045,0.8927207767249656
187,,ＳＣ相模原,ＡＣ長野パルセイロ,1421.7971719090117,1317.4300285708323,154.3671433381794,2.12925263801102,0.7300214038724864
188,,カマタマーレ讃岐,ＦＣ岐阜,1346.9406199909834,1428.3511510336148,-31.41053104263142,1.219496441700638,1.2746244653508993
189,,奈良クラブ,愛媛ＦＣ,1419.2611181282691,1380.7435122536112,88.51760587465787,1.7475633243628554,0.8894670529702944
190,,愛媛ＦＣ,ツエーゲン金沢,1380.7435122536112,1438.563362786469,-7.819850532857799,1.3089300691143875,1.1875347940105738
191,,ＦＣ大阪,レノファ山口ＦＣ,1465.2584089381633,1443.7278106278109,71.53059831035239,1.660736882336706,0.9359700603583352
192,,ロアッソ熊本,鹿児島ユナイテッドＦＣ,1427.5414424037451,1489.8494551452911,-12.308012741546008,1.2914241165105793,1.2036324706402264
193,,ザスパ群馬,ＳＣ相模原,1406.363884450977,1421.7971719090117,34.56671254196522,1.486418821675929,1.0457348745405566
194,,ギラヴァンツ北九州,ＦＣ岐阜,1397.9273006456835,1428.3511510336148,19.576149612068775,1.4210528816290073,1.0938368445642443
195,,ＡＣ長野パルセイロ,ガイナーレ鳥取,1317.4300285708323,1417.0621787719042,-49.63215020107191,1.154622168203644,1.3462412577945984
196,,ツエーゲン金沢,ロアッソ熊本,1438.563362786469,1427.5414424037451,61.02192038272392,1.6091971259995206,0.9659475367472556
197,,福島ユナイテッドＦＣ,ＦＣ岐阜,1418.0439896395244,1428.3511510336148,39.69283860590963,1.5094542018848085,1.0297761919898392
198,,ガイナーレ鳥取,ＳＣ相模原,1417.0621787719042,1421.7971719090117,45.265006862892506,1.5348990824589608,1.0127050160912194
199,,高知ユナイテッドSC,ザスパ群馬,1368.487673362776,1406.363884450977,12.12378891179901,1.3896348026252163,1.1185672646248632
200,,ＳＣ相模原,ツエーゲン金沢,1421.7971719090117,1438.563362786469,33.23380912254265,1.4804869313450555,1.0499248369506327
201,,ＡＣ長野パルセイロ,ギラヴァンツ北九州,1317.4300285708323,1397.9273006456835,-30.497272074851253,1.22284217106848,1.271137058220535
202,,カマタマーレ讃岐,高知ユナイテッドSC,1346.9406199909834,1368.487673362776,28.452946628207428,1.4594044679571074,1.0650919838390438
203,,奈良クラブ,ガイナーレ鳥取,1419.2611181282691,1417.0621787719042,52.19893935636492,1.5671621437753893,0.9918565262528326
204,,高知ユナイテッドSC,レイラック滋賀ＦＣ,1368.487673362776,1347.1903199208225,71.29735344195342,1.6595752137472626,0.9366252201912676
205,,栃木ＳＣ,ＦＣ琉球,1438.3525395818965,1347.0590846053435,141.293454976553,2.0473575852498738,0.759222527221736
206,,ザスパ群馬,松本山雅ＦＣ,1406.363884450977,1425.0954973316266,31.268387119350336,1.4717832713373789,1.0561337598215457
207,,ツエーゲン金沢,カマタマーレ讃岐,1438.563362786469,1346.9406199909834,141.6227427954857,2.049381094302107,0.758472889362402
208,,栃木ＳＣ,ザスパ群馬,1438.3525395818965,1406.363884450977,81.9886551309196,1.713667103566589,0.90706065184124
209,,松本山雅ＦＣ,ロアッソ熊本,1425.0954973316266,1427.5414424037451,47.55405492788145,1.5454757299003306,1.0057744485578204
210,,ＡＣ長野パルセイロ,ＦＣ岐阜,1317.4300285708323,1428.3511510336148,-60.92112246278248,1.1161734204716487,1.392615136224239
211,,レイラック滋賀ＦＣ,ＡＣ長野パルセイロ,1347.1903199208225,1317.4300285708323,79.76029134999021,1.702249289535218,0.9131447488660215
212,,鹿児島ユナイテッドＦＣ,レノファ山口ＦＣ,1489.8494551452911,1443.7278106278109,96.12164451748026,1.7878871284887057,0.8694061136364513
213,,ロアッソ熊本,福島ユナイテッドＦＣ,1427.5414424037451,1418.0439896395244,59.497452764220725,1.601854422636995,0.9703753212736554
214,,松本山雅ＦＣ,ツエーゲン金沢,1425.0954973316266,1438.563362786469,36.53213454515753,1.495209031691785,1.0395870858546394
215,,カマタマーレ讃岐,ザスパ群馬,1346.9406199909834,1406.363884450977,-9.423264459993561,1.30264891804597,1.1932608843921415
216,,ＦＣ琉球,ロアッソ熊本,1347.0590846053435,1427.5414424037451,-30.48235779840161,1.2228968857110956,1.271080185224399
217,,鹿児島ユナイテッドＦＣ,愛媛ＦＣ,1489.8494551452911,1380.7435122536112,159.1059428916799,2.159739132988211,0.7197165510675981
218,,ツエーゲン金沢,福島ユナイテッドＦＣ,1438.563362786469,1418.0439896395244,70.51937314694464,1.655706379875116,0.9388138011023687
219,,福島ユナイテッドＦＣ,ガイナーレ鳥取,1418.0439896395244,1417.0621787719042,50.9818108676202,1.5614502651818052,0.9954847968334206
220,,松本山雅ＦＣ,ＳＣ相模原,1425.0954973316266,1421.7971719090117,53.29832542261488,1.5723394255026013,0.9885906152249111
221,,福島ユナイテッドＦＣ,高知ユナイテッドSC,1418.0439896395244,1368.487673362776,99.55631627674848,1.8064047840396147,0.860493735254585
222,,ザスパ群馬,愛媛ＦＣ,1406.363884450977,1380.7435122536112,75.62037219736567,1.6812385106909917,0.924556504098362
223,,ギラヴァンツ北九州,ツエーゲン金沢,1397.9273006456835,1438.563362786469,9.363937859214502,1.3781767466537915,1.1278669472359606
224,,レノファ山口ＦＣ,ツエーゲン金沢,1443.7278106278109,1438.563362786469,55.164447841341826,1.5811666450112625,0.9830715850883183
225,,カマタマーレ讃岐,福島ユナイテッドＦＣ,1346.9406199909834,1418.0439896395244,-21.103369648541047,1.257794141042801,1.2358143111648552
226,,高知ユナイテッドSC,鹿児島ユナイテッドＦＣ,1368.487673362776,1489.8494551452911,-71.36178178251521,1.0817545092760708,1.4369249091831673
227,,松本山雅ＦＣ,レノファ山口ＦＣ,1425.0954973316266,1443.7278106278109,31.367686703815707,1.472221779051387,1.0558191857490138
228,,ＦＣ琉球,愛媛ＦＣ,1347.0590846053435,1380.7435122536112,16.31557235173227,1.407220287153116,1.1045889646351224
229,,ＡＣ長野パルセイロ,レノファ山口ＦＣ,1317.4300285708323,1443.7278106278109,-76.29778205697858,1.0658539062352996,1.4583612171486926
230,,ＳＣ相模原,奈良クラブ,1421.7971719090117,1419.2611181282691,52.53605378074258,1.5687478843963003,0.9908539258991118
231,,愛媛ＦＣ,松本山雅ＦＣ,1380.7435122536112,1425.0954973316266,5.648014921984668,1.3628984684793888,1.1405104899224616
232,,レイラック滋賀ＦＣ,ツエーゲン金沢,1347.1903199208225,1438.563362786469,-41.37304286564654,1.183587979208718,1.313294852013609
233,,ＦＣ岐阜,ギラヴァンツ北九州,1428.3511510336148,1397.9273006456835,80.42385038793122,1.7056412933099079,0.9113287806157563
234,,ザスパ群馬,奈良クラブ,1406.363884450977,1419.2611181282691,37.102766322707794,1.4977708652242698,1.037808944005097
235,,ＦＣ大阪,ＦＣ岐阜,1465.2584089381633,1428.3511510336148,86.90725790454849,1.7391411295836297,0.8937745037242268
236,,カマタマーレ讃岐,ＡＣ長野パルセイロ,1346.9406199909834,1317.4300285708323,79.51059142015106,1.7009746124404996,0.9138290416749963
237,,高知ユナイテッドSC,ＦＣ大阪,1368.487673362776,1465.2584089381633,-46.770735575387334,1.164576390088977,1.3347342546427883
238,,高知ユナイテッドSC,奈良クラブ,1368.487673362776,1419.2611181282691,-0.7734447654931955,1.3368943565016644,1.1626947128922709
239,,ＳＣ相模原,レノファ山口ＦＣ,1421.7971719090117,1443.7278106278109,28.069361281200827,1.4577260153792593,1.0663183503626976
240,,ＦＣ岐阜,愛媛ＦＣ,1428.3511510336148,1380.7435122536112,97.60763878000353,1.7958752908493152,0.8655389424423143
241,,ＦＣ大阪,カマタマーレ讃岐,1465.2584089381633,1346.9406199909834,168.3177889471799,2.2202570574041793,0.7000991145670906
242,,愛媛ＦＣ,栃木ＳＣ,1380.7435122536112,1438.3525395818965,-7.609027328285265,1.3097581894624566,1.1867839518055983
243,,鹿児島ユナイテッドＦＣ,松本山雅ＦＣ,1489.8494551452911,1425.0954973316266,114.75395781366456,1.8906704231265232,0.822142231129608
244,,カマタマーレ讃岐,鹿児島ユナイテッドＦＣ,1346.9406199909834,1489.8494551452911,-92.90883515430778,1.014040766997017,1.532877228006527
245,,鹿児島ユナイテッドＦＣ,高知ユナイテッドSC,1489.8494551452911,1368.487673362776,171.3617817825152,2.2406252565616995,0.6937349275377129
246,,ＦＣ岐阜,ロアッソ熊本,1428.3511510336148,1427.5414424037451,50.80970862986965,1.5606442860116156,0.9959989050243001
247,,栃木ＳＣ,ロアッソ熊本,1438.3525395818965,1427.5414424037451,60.811097178151385,1.6081796795007577,0.9665586624515409
248,,レイラック滋賀ＦＣ,福島ユナイテッドＦＣ,1347.1903199208225,1418.0439896395244,-20.853669718701894,1.2587367073631517,1.2348889095768205
249,,レイラック滋賀ＦＣ,高知ユナイテッドSC,1347.1903199208225,1368.487673362776,28.70264655804658,1.4604981171119094,1.0642944224219741
250,,栃木ＳＣ,福島ユナイテッドＦＣ,1438.3525395818965,1418.0439896395244,70.30854994237211,1.654659526986824,0.9394077601152189
251,,松本山雅ＦＣ,福島ユナイテッドＦＣ,1425.0954973316266,1418.0439896395244,57.05150769210218,1.5901432985401016,0.9775219638551336
252,,カマタマーレ讃岐,ロアッソ熊本,1346.9406199909834,1427.5414424037451,-30.600822412761772,1.2224623529069067,1.2715319995775534
253,,高知ユナイテッドSC,ツエーゲン金沢,1368.487673362776,1438.563362786469,-20.07568942369312,1.2616779554423725,1.2320101126400298
254,,ギラヴァンツ北九州,レノファ山口ＦＣ,1397.9273006456835,1443.7278106278109,4.199490017872677,1.3569887412398551,1.1454774477935417
255,,レイラック滋賀ＦＣ,愛媛ＦＣ,1347.1903199208225,1380.7435122536112,16.44680766721126,1.4077744272250778,1.1041541669882027
256,,ＳＣ相模原,ＦＣ大阪,1421.7971719090117,1465.2584089381633,6.538762970848438,1.3665453364247848,1.1374668359461009
257,,松本山雅ＦＣ,レイラック滋賀ＦＣ,1425.0954973316266,1347.1903199208225,127.90517741080407,1.966755333770331,0.7903372490263785
258,,レイラック滋賀ＦＣ,奈良クラブ,1347.1903199208225,1419.2611181282691,-22.070798207446614,1.2541489553667784,1.239406207172108
259,,奈良クラブ,ＡＣ長野パルセイロ,1419.2611181282691,1317.4300285708323,151.83108955743683,2.1131144093718213,0.735596706503973
260,,ＦＣ岐阜,福島ユナイテッドＦＣ,1428.3511510336148,1418.0439896395244,60.30716139409037,1.6057502585086316,0.9680210180652102
261,,ツエーゲン金沢,ＦＣ大阪,1438.563362786469,1465.2584089381633,23.304953848305786,1.4370386104250887,1.0816689187913988
262,,高知ユナイテッドSC,ＡＣ長野パルセイロ,1368.487673362776,1317.4300285708323,101.05764479194363,1.8145591548757134,0.8566267987589896
263,,ロアッソ熊本,ガイナーレ鳥取,1427.5414424037451,1417.0621787719042,60.47926363184092,1.6065795322082725,0.9675213513167624
264,,ＳＣ相模原,ザスパ群馬,1421.7971719090117,1406.363884450977,65.43328745803478,1.6306349459102263,0.9532483060654192
265,,ガイナーレ鳥取,高知ユナイテッドSC,1417.0621787719042,1368.487673362776,98.57450540912828,1.8010919686056133,0.863031997862608
266,,鹿児島ユナイテッドＦＣ,ツエーゲン金沢,1489.8494551452911,1438.563362786469,101.28609235882209,1.8158031759890807,0.8560399169658393
267,,ＳＣ相模原,ギラヴァンツ北九州,1421.7971719090117,1397.9273006456835,73.86987126332815,1.6724326242473375,0.9294245863563819
268,,愛媛ＦＣ,ギラヴァンツ北九州,1380.7435122536112,1397.9273006456835,32.8162116079277,1.4786333496752857,1.051240999224962
269,,レノファ山口ＦＣ,レイラック滋賀ＦＣ,1443.7278106278109,1347.1903199208225,146.53749070698836,2.07982152778801,0.7473718197605056
270,,松本山雅ＦＣ,奈良クラブ,1425.0954973316266,1419.2611181282691,55.83437920335746,1.5843476599051725,0.9810977977478977
271,,ザスパ群馬,ギラヴァンツ北九州,1406.363884450977,1397.9273006456835,58.43658380529337,1.5967644537173016,0.973468564121229
272,,愛媛ＦＣ,ロアッソ熊本,1380.7435122536112,1427.5414424037451,3.2020698498661204,1.3529343463530141,1.1489101479240729
273,,ロアッソ熊本,ＦＣ岐阜,1427.5414424037451,1428.3511510336148,49.19029137013035,1.5530806709822096,1.0008494916216788
274,,レノファ山口ＦＣ,高知ユナイテッドSC,1443.7278106278109,1368.487673362776,125.24013726503495,1.9510935802363996,0.7966814179213612
275,,高知ユナイテッドSC,ロアッソ熊本,1368.487673362776,1427.5414424037451,-9.0537690409692,1.3040936870747841,1.1919389039346386
276,,ギラヴァンツ北九州,ＦＣ大阪,1397.9273006456835,1465.2584089381633,-17.331108292479712,1.272109173025772,1.2219077049045923
277,,ロアッソ熊本,ＦＣ大阪,1427.5414424037451,1465.2584089381633,12.283033465581866,1.3902988365504616,1.1180330150147415
278,,鹿児島ユナイテッドＦＣ,ＦＣ琉球,1489.8494551452911,1347.0590846053435,192.79037053994762,2.389396265804816,0.650540901166276
279,,カマタマーレ讃岐,ＳＣ相模原,1346.9406199909834,1421.7971719090117,-24.856551918028345,1.2437113805676936,1.2498076517483439
280,,ロアッソ熊本,ＳＣ相模原,1427.5414424037451,1421.7971719090117,55.74427049473343,1.5839194272240846,0.9813630499653513
281,,ＡＣ長野パルセイロ,ザスパ群馬,1317.4300285708323,1406.363884450977,-38.93385588014462,1.1922807224442777,1.3037198125734573
282,,愛媛ＦＣ,鹿児島ユナイテッドＦＣ,1380.7435122536112,1489.8494551452911,-59.10594289167989,1.1222681655677078,1.3850522073872558
283,,福島ユナイテッドＦＣ,カマタマーレ讃岐,1418.0439896395244,1346.9406199909834,121.10336964854105,1.9270295478351993,0.806630080865233
284,,松本山雅ＦＣ,ガイナーレ鳥取,1425.0954973316266,1417.0621787719042,58.033318559722375,1.5948338629343775,0.9746469749143762
285,,ＳＣ相模原,高知ユナイテッドSC,1421.7971719090117,1368.487673362776,103.30949854623577,1.826859019879369,0.8508593071963703
286,,栃木ＳＣ,レイラック滋賀ＦＣ,1438.3525395818965,1347.1903199208225,141.162219661074,2.046551687047945,0.7595214964945005
287,,ガイナーレ鳥取,ＡＣ長野パルセイロ,1417.0621787719042,1317.4300285708323,149.6321502010719,2.099220456380479,0.740465345254938
288,,ツエーゲン金沢,ＡＣ長野パルセイロ,1438.563362786469,1317.4300285708323,171.13333421563675,2.239090186481877,0.6942105366654828
289,,ＦＣ大阪,愛媛ＦＣ,1465.2584089381633,1380.7435122536112,134.514896684552,2.006143663784467,0.7748198835709103
290,,ＦＣ琉球,ツエーゲン金沢,1347.0590846053435,1438.563362786469,-41.50427818112553,1.183122085301791,1.3138120058028528
291,,ツエーゲン金沢,愛媛ＦＣ,1438.563362786469,1380.7435122536112,107.8198505328578,1.8517463477047338,0.8394238238550875
292,,鹿児島ユナイテッドＦＣ,ＦＣ岐阜,1489.8494551452911,1428.3511510336148,111.49830411167636,1.8722942046261288,0.8302114038270989
293,,ＦＣ大阪,高知ユナイテッドSC,1465.2584089381633,1368.487673362776,146.77073557538733,2.081277360172385,0.7468490407598796
294,,鹿児島ユナイテッドＦＣ,ＳＣ相模原,1489.8494551452911,1421.7971719090117,118.05228323627944,1.9094714264333028,0.814047269041077
295,,栃木ＳＣ,ギラヴァンツ北九州,1438.3525395818965,1397.9273006456835,90.42523893621296,1.7575931254830288,0.8843912606751996
296,,ＦＣ大阪,ツエーゲン金沢,1465.2584089381633,1438.563362786469,76.69504615169421,1.6866676074670588,0.9215805136225443
297,,カマタマーレ讃岐,ギラヴァンツ北九州,1346.9406199909834,1397.9273006456835,-0.9866806547001943,1.3360394084185887,1.163438735568343
298,,ギラヴァンツ北九州,愛媛ＦＣ,1397.9273006456835,1380.7435122536112,67.1837883920723,1.6392207543646637,0.9482554414109166
299,,ロアッソ熊本,レイラック滋賀ＦＣ,1427.5414424037451,1347.1903199208225,130.35112248292262,1.9812401388839065,0.7845591099702035
300,,愛媛ＦＣ,奈良クラブ,1380.7435122536112,1419.2611181282691,11.482394125342125,1.3869634599748581,1.1207216663286694
301,,愛媛ＦＣ,ザスパ群馬,1380.7435122536112,1406.363884450977,24.37962780263433,1.4416791308731578,1.0781872101169783
302,,松本山雅ＦＣ,愛媛ＦＣ,1425.0954973316266,1380.7435122536112,94.35198507801533,1.7784204259821041,0.8740340457693561
303,,ガイナーレ鳥取,ロアッソ熊本,1417.0621787719042,1427.5414424037451,39.52073636815908,1.508675061701991,1.030308009629605
304,,ロアッソ熊本,愛媛ＦＣ,1427.5414424037451,1380.7435122536112,96.79793015013388,1.7915181778163245,0.8676440011871123
305,,ギラヴァンツ北九州,福島ユナイテッドＦＣ,1397.9273006456835,1418.0439896395244,29.883311006159147,1.4656803640462968,1.060531366954235
306,,ＦＣ琉球,ギラヴァンツ北九州,1347.0590846053435,1397.9273006456835,-0.8682160403400303,1.336514312982534,1.1630253300701565
307,,福島ユナイテッドＦＣ,ＳＣ相模原,1418.0439896395244,1421.7971719090117,46.2468177305127,1.539426688864999,1.0097265503081805
308,,レイラック滋賀ＦＣ,カマタマーレ讃岐,1347.1903199208225,1346.9406199909834,50.24969992983915,1.5580245640949328,0.9976736155652088
309,,ギラヴァンツ北九州,カマタマーレ讃岐,1397.9273006456835,1346.9406199909834,100.9866806547002,1.8141728901188814,0.8568091875180327
310,,ＦＣ琉球,福島ユナイテッドＦＣ,1347.0590846053435,1418.0439896395244,-20.984905034180883,1.2582412327785095,1.2353751884028614
311,,ＡＣ長野パルセイロ,ＳＣ相模原,1317.4300285708323,1421.7971719090117,-54.3671433381794,1.1383367251091443,1.3655010558066316
312,,ＳＣ相模原,ロアッソ熊本,1421.7971719090117,1427.5414424037451,44.25572950526657,1.530258694491386,1.0157759636298866
313,,高知ユナイテッドSC,栃木ＳＣ,1368.487673362776,1438.3525395818965,-19.864866219120586,1.262476180811524,1.231231150041046
314,,栃木ＳＣ,ＦＣ大阪,1438.3525395818965,1465.2584089381633,23.09413064373325,1.4361300145301912,1.0823532579036719
315,,レイラック滋賀ＦＣ,ロアッソ熊本,1347.1903199208225,1427.5414424037451,-30.35112248292262,1.2233784422765006,1.2705798518956442
316,,ＦＣ岐阜,レイラック滋賀ＦＣ,1428.3511510336148,1347.1903199208225,131.16083111279227,1.986058670639547,0.7826556299565183
317,,ザスパ群馬,ガイナーレ鳥取,1406.363884450977,1417.0621787719042,39.30170567907271,1.5076840489158527,1.0309852393263297
318,,愛媛ＦＣ,ＳＣ相模原,1380.7435122536112,1421.7971719090117,8.946340344599548,1.3764512581667172,1.1292808159951055
319,,カマタマーレ讃岐,レノファ山口ＦＣ,1346.9406199909834,1443.7278106278109,-46.78719063682752,1.1645189019797921,1.3348001456716359
320,,奈良クラブ,ＦＣ大阪,1419.2611181282691,1465.2584089381633,4.002709190105861,1.3561878895481874,1.1461538714357984
321,,ＦＣ大阪,鹿児島ユナイテッドＦＣ,1465.2584089381633,1489.8494551452911,25.408953792872126,1.446137884994306,1.0748629270618413
322,,松本山雅ＦＣ,ＦＣ大阪,1425.0954973316266,1465.2584089381633,9.837088393463318,1.380134390907639,1.1262671303899299
323,,レノファ山口ＦＣ,ロアッソ熊本,1443.7278106278109,1427.5414424037451,66.18636822406575,1.634323110012193,0.9510971181141795
324,,福島ユナイテッドＦＣ,ロアッソ熊本,1418.0439896395244,1427.5414424037451,40.502547235779275,1.51312531315634,1.0272777716986057
325,,鹿児島ユナイテッドＦＣ,カマタマーレ讃岐,1489.8494551452911,1346.9406199909834,192.90883515430778,2.390245593440329,0.650309744013677
326,,レイラック滋賀ＦＣ,ＳＣ相模原,1347.1903199208225,1421.7971719090117,-24.60685198818919,1.2446433935428758,1.2488717716770283
327,,ガイナーレ鳥取,レノファ山口ＦＣ,1417.0621787719042,1443.7278106278109,23.334368144093332,1.4371654244564602,1.081573473414084
328,,ＦＣ大阪,奈良クラブ,1465.2584089381633,1419.2611181282691,95.99729080989414,1.7872202617079558,0.869730515764486
329,,ＳＣ相模原,ＦＣ琉球,1421.7971719090117,1347.0590846053435,124.73808730366818,1.9481571527717045,0.7978822436313754
330,,レイラック滋賀ＦＣ,松本山雅ＦＣ,1347.1903199208225,1425.0954973316266,-27.90517741080407,1.2323884080878325,1.2612906692394155
331,,松本山雅ＦＣ,鹿児島ユナイテッドＦＣ,1425.0954973316266,1489.8494551452911,-14.753957813664556,1.2819825418728048,1.2124970108635256
332,,高知ユナイテッドSC,ガイナーレ鳥取,1368.487673362776,1417.0621787719042,1.4254945908717218,1.3457427589108386,1.1550498709411863
333,,レノファ山口ＦＣ,福島ユナイテッドＦＣ,1443.7278106278109,1418.0439896395244,75.68382098828647,1.6815585588022823,0.9243805348694766
334,,ガイナーレ鳥取,奈良クラブ,1417.0621787719042,1419.2611181282691,47.80106064363508,1.546621378337007,1.0050294285155665
335,,栃木ＳＣ,カマタマーレ讃岐,1438.3525395818965,1346.9406199909834,141.41191959091316,2.0480853328411026,0.7589527521510725
336,,ザスパ群馬,高知ユナイテッドSC,1406.363884450977,1368.487673362776,87.87621108820099,1.744203923436977,0.8911801992378473
337,,ＡＣ長野パルセイロ,レイラック滋賀ＦＣ,1317.4300285708323,1347.1903199208225,20.23970865000979,1.4238845566181833,1.0916615344798732
338,,ツエーゲン金沢,ＦＣ琉球,1438.563362786469,1347.0590846053435,141.50427818112553,2.048652886287053,0.7587424938624769
339,,福島ユナイテッドＦＣ,ＡＣ長野パルセイロ,1418.0439896395244,1317.4300285708323,150.6139610686921,2.1054126836706066,0.7382875633151581
340,,高知ユナイテッドSC,カマタマーレ讃岐,1368.487673362776,1346.9406199909834,71.54705337179257,1.6608188669425865,0.935923857164211
341,,ＦＣ琉球,ガイナーレ鳥取,1347.0590846053435,1417.0621787719042,-20.003094166560686,1.2619527608724237,1.2317418275826737
342,,ＦＣ琉球,松本山雅ＦＣ,1347.0590846053435,1425.0954973316266,-28.03641272628306,1.2319033049435106,1.2617873446416947
343,,ＦＣ大阪,福島ユナイテッドＦＣ,1465.2584089381633,1418.0439896395244,97.21441929863886,1.7937580204713968,0.8665605852407596
344,,ＦＣ大阪,ＳＣ相模原,1465.2584089381633,1421.7971719090117,93.46123702915156,1.7736743965075752,0.8763728016036462
345,,ＦＣ岐阜,ＳＣ相模原,1428.3511510336148,1421.7971719090117,56.553979124603075,1.587771643777074,0.9789820885718252
346,,高知ユナイテッドSC,ＦＣ岐阜,1368.487673362776,1428.3511510336148,-9.863477670838847,1.3009297237254653,1.1948377930428657
347,,ＡＣ長野パルセイロ,ＦＣ琉球,1317.4300285708323,1347.0590846053435,20.370943965488777,1.4244452588038137,1.091231825437305
348,,愛媛ＦＣ,ＦＣ岐阜,1380.7435122536112,1428.3511510336148,2.3923612199964737,1.3496518868730532,1.1517043877153526
349,,ＡＣ長野パルセイロ,栃木ＳＣ,1317.4300285708323,1438.3525395818965,-70.92251101106422,1.083180998405532,1.4350325589980932
350,,ＦＣ大阪,ザスパ群馬,1465.2584089381633,1406.363884450977,108.89452448718635,1.8577260525844925,0.8367218610287015
351,,ＦＣ大阪,松本山雅ＦＣ,1465.2584089381633,1425.0954973316266,90.16291160653668,1.756210475480918,0.8850875346101926
352,,ギラヴァンツ北九州,ＦＣ琉球,1397.9273006456835,1347.0590846053435,100.86821604034003,1.8135282587992358,0.8571137463439317
353,,ギラヴァンツ北九州,松本山雅ＦＣ,1397.9273006456835,1425.0954973316266,22.83180331405697,1.4350002506850603,1.0832053856840367
354,,ＳＣ相模原,ガイナーレ鳥取,1421.7971719090117,1417.0621787719042,54.734993137107494,1.5791308383613407,0.9843389554807226
355,,ガイナーレ鳥取,鹿児島ユナイテッドＦＣ,1417.0621787719042,1489.8494551452911,-22.78727637338693,1.2514561393892356,1.2420730947539351
356,,愛媛ＦＣ,ガイナーレ鳥取,1380.7435122536112,1417.0621787719042,13.681333481707043,1.3961432510039657,1.1133528016428345
357,,栃木ＳＣ,高知ユナイテッドSC,1438.3525395818965,1368.487673362776,119.86486621912059,1.9198829346035189,0.8096326979024916
358,,奈良クラブ,ギラヴァンツ北九州,1419.2611181282691,1397.9273006456835,71.33381748258557,1.65975676813147,0.9365227663749315
359,,レイラック滋賀ＦＣ,ＦＣ岐阜,1347.1903199208225,1428.3511510336148,-31.160831112792266,1.2204103084744025,1.273670001970983
360,,ザスパ群馬,福島ユナイテッドＦＣ,1406.363884450977,1418.0439896395244,38.319894811452514,1.5032498007587118,1.0340264134513584
361,,レイラック滋賀ＦＣ,ギラヴァンツ北九州,1347.1903199208225,1397.9273006456835,-0.7369807248610414,1.3370406102114294,1.1625675302070286
362,,ギラヴァンツ北九州,ＳＣ相模原,1397.9273006456835,1421.7971719090117,26.13012873667185,1.4492700272301149,1.072539948246092
363,,ガイナーレ鳥取,ザスパ群馬,1417.0621787719042,1406.363884450977,60.69829432092729,1.6076355497866979,0.9668858095395059
364,,奈良クラブ,栃木ＳＣ,1419.2611181282691,1438.3525395818965,30.90857854637261,1.4701954477445853,1.0572743932683182
365,,ツエーゲン金沢,高知ユナイテッドSC,1438.563362786469,1368.487673362776,120.07568942369312,1.921097586296204,0.8091207917224124
366,,福島ユナイテッドＦＣ,栃木ＳＣ,1418.0439896395244,1438.3525395818965,29.69145005762789,1.4648369863117903,1.0611419663246724
367,,ＡＣ長野パルセイロ,愛媛ＦＣ,1317.4300285708323,1380.7435122536112,-13.313483682778951,1.2875345175120578,1.2072686043428291
368,,高知ユナイテッドSC,レノファ山口ＦＣ,1368.487673362776,1443.7278106278109,-25.240137265034946,1.2422809953532812,1.2512467032935315
369,,奈良クラブ,レノファ山口ＦＣ,1419.2611181282691,1443.7278106278109,25.53330750045825,1.4466774834626925,1.0744620122789694
370,,ザスパ群馬,レイラック滋賀ＦＣ,1406.363884450977,1347.1903199208225,109.17356453015441,1.8592818435582166,0.8360217174095852
371,,ロアッソ熊本,高知ユナイテッドSC,1427.5414424037451,1368.487673362776,109.0537690409692,1.858613762881038,0.8363222262975841
372,,福島ユナイテッドＦＣ,ツエーゲン金沢,1418.0439896395244,1438.563362786469,29.480626853055355,1.463910814347584,1.0618133186568088
373,,ＡＣ長野パルセイロ,カマタマーレ讃岐,1317.4300285708323,1346.9406199909834,20.48940857984894,1.4249515878463805,1.090844077270908
374,,鹿児島ユナイテッドＦＣ,ガイナーレ鳥取,1489.8494551452911,1417.0621787719042,122.78727637338693,1.936788992114732,0.8025654866526213
375,,ＦＣ岐阜,高知ユナイテッドSC,1428.3511510336148,1368.487673362776,109.86347767083885,1.8631340576510391,0.8342931597524023
376,,カマタマーレ讃岐,ＦＣ大阪,1346.9406199909834,1465.2584089381633,-68.3177889471799,1.0916783112119783,1.4238626745953293
377,,レノファ山口ＦＣ,ＡＣ長野パルセイロ,1443.7278106278109,1317.4300285708323,176.29778205697858,2.2740513129464373,0.6835377861311314
378,,奈良クラブ,福島ユナイテッドＦＣ,1419.2611181282691,1418.0439896395244,51.21712848874472,1.562552964648653,0.9947822794918917
379,,ギラヴァンツ北九州,ＡＣ長野パルセイロ,1397.9273006456835,1317.4300285708323,130.49727207485125,1.9821090016593292,0.7842151963886592
380,,レノファ山口ＦＣ,ＦＣ琉球,1443.7278106278109,1347.0590846053435,146.66872602246735,2.080640527102899,0.7470776329462155
